timestamp,actual_aqi,predicted_aqi,error,absolute_error,aqi_range
2026-03-08 14:00:00,83.68710327148438,93.55343504633183,9.866331774847453,9.866331774847453,51-100 Moderate
2026-03-08 15:00:00,83.49842071533203,89.87200646208873,6.373585746756703,6.373585746756703,51-100 Moderate
2026-03-08 16:00:00,83.42766571044922,88.36766811971086,4.940002409261638,4.940002409261638,51-100 Moderate
2026-03-08 17:00:00,83.30974578857422,89.77798050518794,6.468234716613722,6.468234716613722,51-100 Moderate
2026-03-08 18:00:00,83.08175659179688,89.48040028044333,6.398643688646459,6.398643688646459,51-100 Moderate
2026-03-08 19:00:00,82.73584747314453,90.44986024274208,7.714012769597545,7.714012769597545,51-100 Moderate
2026-03-08 20:00:00,82.37421417236328,91.16238237884845,8.788168206485167,8.788168206485167,51-100 Moderate
2026-03-08 21:00:00,82.14622497558594,90.94132979106331,8.795104815477373,8.795104815477373,51-100 Moderate
2026-03-08 22:00:00,82.08333587646484,91.09459521397888,9.011259337514034,9.011259337514034,51-100 Moderate
2026-03-08 23:00:00,82.09119415283203,91.44526069867862,9.354066545846592,9.354066545846592,51-100 Moderate
2026-03-09 00:00:00,82.14622497558594,89.43761986976786,7.29139489418192,7.29139489418192,51-100 Moderate
2026-03-09 01:00:00,82.19339752197266,89.19809703483351,7.004699512860853,7.004699512860853,51-100 Moderate
2026-03-09 02:00:00,82.18553924560547,90.05898888032642,7.873449634720956,7.873449634720956,51-100 Moderate
2026-03-09 03:00:00,82.09119415283203,91.58528011196148,9.49408595912945,9.49408595912945,51-100 Moderate
2026-03-09 04:00:00,82.02043914794922,88.96226476278974,6.941825614840525,6.941825614840525,51-100 Moderate
2026-03-09 05:00:00,81.8553466796875,87.2353140019084,5.379967322220907,5.379967322220907,51-100 Moderate
2026-03-09 06:00:00,81.87893676757812,87.19235339696456,5.313416629386438,5.313416629386438,51-100 Moderate
2026-03-09 07:00:00,82.27987670898438,87.05981189900253,4.779935190018151,4.779935190018151,51-100 Moderate
2026-03-09 08:00:00,83.21540069580078,87.5701845057557,4.354783809954924,4.354783809954924,51-100 Moderate
2026-03-09 09:00:00,84.52043151855469,88.7843993423815,4.2639678238268175,4.2639678238268175,51-100 Moderate
2026-03-09 10:00:00,85.99056243896484,89.70988597566895,3.7193235367041098,3.7193235367041098,51-100 Moderate
2026-03-09 11:00:00,87.5550308227539,90.51131126396358,2.956280441209671,2.956280441209671,51-100 Moderate
2026-03-09 12:00:00,89.2217025756836,92.02272905707055,2.8010264813869554,2.8010264813869554,51-100 Moderate
2026-03-09 13:00:00,90.53459167480469,93.56352740916255,3.0289357343578587,3.0289357343578587,51-100 Moderate
2026-03-09 14:00:00,91.84748840332031,93.26298485319796,1.4154964498776508,1.4154964498776508,51-100 Moderate
2026-03-09 15:00:00,92.91666412353516,90.6160764881572,-2.3005876353779513,2.3005876353779513,51-100 Moderate
2026-03-09 16:00:00,94.11163330078125,88.16856470149995,-5.943068599281304,5.943068599281304,51-100 Moderate
2026-03-09 17:00:00,95.57389831542969,87.40159460872621,-8.172303706703474,8.172303706703474,51-100 Moderate
2026-03-09 18:00:00,97.30345916748047,86.94308315983346,-10.360376007647005,10.360376007647005,51-100 Moderate
2026-03-09 19:00:00,99.27672576904297,86.70196143914552,-12.574764329897448,12.574764329897448,51-100 Moderate
2026-03-09 20:00:00,101.86458587646484,86.11838011375526,-15.746205762709579,15.746205762709579,101-150 Unhealthy for Sensitive
2026-03-09 21:00:00,104.84375,85.38059896012851,-19.46315103987149,19.46315103987149,101-150 Unhealthy for Sensitive
2026-03-09 22:00:00,107.91666412353516,84.79564714801997,-23.12101697551519,23.12101697551519,101-150 Unhealthy for Sensitive
2026-03-09 23:00:00,111.11458587646484,84.37398560801023,-26.740600268454614,26.740600268454614,101-150 Unhealthy for Sensitive
2026-03-10 00:00:00,114.40625,85.08803334814019,-29.318216651859814,29.318216651859814,101-150 Unhealthy for Sensitive
2026-03-10 01:00:00,117.62500762939453,84.75635449743456,-32.868653131959974,32.868653131959974,101-150 Unhealthy for Sensitive
2026-03-10 02:00:00,120.76041412353516,85.22494081098233,-35.535473312552824,35.535473312552824,101-150 Unhealthy for Sensitive
2026-03-10 03:00:00,123.67708587646484,85.39272620981271,-38.284359666652136,38.284359666652136,101-150 Unhealthy for Sensitive
2026-03-10 04:00:00,126.30207824707031,85.30155815697293,-41.00052009009738,41.00052009009738,101-150 Unhealthy for Sensitive
2026-03-10 05:00:00,129.10415649414062,83.66447775616494,-45.43967873797568,45.43967873797568,101-150 Unhealthy for Sensitive
2026-03-10 06:00:00,130.73959350585938,81.18284009170395,-49.55675341415542,49.55675341415542,101-150 Unhealthy for Sensitive
2026-03-10 07:00:00,131.17706298828125,79.92216564541542,-51.25489734286583,51.25489734286583,101-150 Unhealthy for Sensitive
2026-03-10 08:00:00,130.5520782470703,80.54924549813188,-50.00283274893843,50.00283274893843,101-150 Unhealthy for Sensitive
2026-03-10 09:00:00,129.375,82.31442577918519,-47.060574220814814,47.060574220814814,101-150 Unhealthy for Sensitive
2026-03-10 10:00:00,128.35418701171875,84.10811223207939,-44.24607477963936,44.24607477963936,101-150 Unhealthy for Sensitive
2026-03-10 11:00:00,127.61459350585938,85.2464510042663,-42.36814250159307,42.36814250159307,101-150 Unhealthy for Sensitive
2026-03-10 12:00:00,127.69792938232422,87.47443090485119,-40.22349847747303,40.22349847747303,101-150 Unhealthy for Sensitive
2026-03-10 13:00:00,127.75001525878906,89.02017373745939,-38.729841521329675,38.729841521329675,101-150 Unhealthy for Sensitive
2026-03-10 14:00:00,127.44792938232422,89.95976139872629,-37.48816798359793,37.48816798359793,101-150 Unhealthy for Sensitive
2026-03-10 15:00:00,126.83334350585938,88.4857160536541,-38.34762745220527,38.34762745220527,101-150 Unhealthy for Sensitive
2026-03-10 16:00:00,125.66666412353516,86.93340326060424,-38.73326086293092,38.73326086293092,101-150 Unhealthy for Sensitive
2026-03-10 17:00:00,124.0937728881836,86.56407795247881,-37.52969493570478,37.52969493570478,101-150 Unhealthy for Sensitive
2026-03-10 18:00:00,122.36457824707031,86.05835607247796,-36.30622217459235,36.30622217459235,101-150 Unhealthy for Sensitive
2026-03-10 19:00:00,120.59376525878906,85.472652873937,-35.12111238485207,35.12111238485207,101-150 Unhealthy for Sensitive
2026-03-10 20:00:00,118.92708587646484,85.43977344202077,-33.48731243444408,33.48731243444408,101-150 Unhealthy for Sensitive
2026-03-10 21:00:00,117.60415649414062,85.62594167417029,-31.978214819970333,31.978214819970333,101-150 Unhealthy for Sensitive
2026-03-10 22:00:00,116.75,85.45853036846104,-31.29146963153896,31.29146963153896,101-150 Unhealthy for Sensitive
2026-03-10 23:00:00,116.30208587646484,85.36862173529659,-30.93346414116826,30.93346414116826,101-150 Unhealthy for Sensitive
2026-03-11 00:00:00,116.13542175292969,85.85512284855291,-30.280298904376778,30.280298904376778,101-150 Unhealthy for Sensitive
2026-03-11 01:00:00,116.08332061767578,85.19372979693242,-30.889590820743365,30.889590820743365,101-150 Unhealthy for Sensitive
2026-03-11 02:00:00,116.31249237060547,84.75988036826726,-31.552612002338208,31.552612002338208,101-150 Unhealthy for Sensitive
2026-03-11 03:00:00,116.96875,85.34481603410072,-31.623933965899283,31.623933965899283,101-150 Unhealthy for Sensitive
2026-03-11 04:00:00,118.51041412353516,84.7583534390852,-33.75206068444996,33.75206068444996,101-150 Unhealthy for Sensitive
2026-03-11 05:00:00,119.22916412353516,84.3309850311093,-34.89817909242586,34.89817909242586,101-150 Unhealthy for Sensitive
2026-03-11 06:00:00,120.95832824707031,86.75855109241034,-34.19977715465997,34.19977715465997,101-150 Unhealthy for Sensitive
2026-03-11 07:00:00,123.84375,90.64245785590572,-33.20129214409428,33.20129214409428,101-150 Unhealthy for Sensitive
2026-03-11 08:00:00,127.57292938232422,94.0730892802199,-33.499840102104315,33.499840102104315,101-150 Unhealthy for Sensitive
2026-03-11 09:00:00,131.44790649414062,96.09704801066643,-35.3508584834742,35.3508584834742,101-150 Unhealthy for Sensitive
2026-03-11 10:00:00,134.86459350585938,97.290632937001,-37.57396056885837,37.57396056885837,101-150 Unhealthy for Sensitive
2026-03-11 11:00:00,137.64584350585938,98.5594936874339,-39.086349818425475,39.086349818425475,101-150 Unhealthy for Sensitive
2026-03-11 12:00:00,139.25,99.66589314687535,-39.58410685312465,39.58410685312465,101-150 Unhealthy for Sensitive
2026-03-11 13:00:00,140.7395782470703,101.04831054682097,-39.69126770024934,39.69126770024934,101-150 Unhealthy for Sensitive
2026-03-11 14:00:00,142.1666717529297,100.06594300176418,-42.100728751165505,42.100728751165505,101-150 Unhealthy for Sensitive
2026-03-11 15:00:00,143.5416717529297,100.35425913335506,-43.18741261957463,43.18741261957463,101-150 Unhealthy for Sensitive
2026-03-11 16:00:00,144.8020782470703,102.17835379518091,-42.6237244518894,42.6237244518894,101-150 Unhealthy for Sensitive
2026-03-11 17:00:00,145.81248474121094,103.96219116735452,-41.85029357385642,41.85029357385642,101-150 Unhealthy for Sensitive
2026-03-11 18:00:00,146.5,105.10608235020493,-41.39391764979507,41.39391764979507,101-150 Unhealthy for Sensitive
2026-03-11 19:00:00,147.0520782470703,105.26099064055805,-41.791087606512264,41.791087606512264,101-150 Unhealthy for Sensitive
2026-03-11 20:00:00,147.41665649414062,105.98296509615831,-41.433691397982315,41.433691397982315,101-150 Unhealthy for Sensitive
2026-03-11 21:00:00,147.3229217529297,106.60779519274179,-40.7151265601879,40.7151265601879,101-150 Unhealthy for Sensitive
2026-03-11 22:00:00,146.44790649414062,107.15689773956514,-39.291008754575486,39.291008754575486,101-150 Unhealthy for Sensitive
2026-03-11 23:00:00,144.6979217529297,108.09708662013483,-36.600835132794856,36.600835132794856,101-150 Unhealthy for Sensitive
2026-03-12 00:00:00,142.27084350585938,109.18078146656866,-33.090062039290714,33.090062039290714,101-150 Unhealthy for Sensitive
2026-03-12 01:00:00,139.67709350585938,108.08711572322366,-31.589977782635714,31.589977782635714,101-150 Unhealthy for Sensitive
2026-03-12 02:00:00,136.78126525878906,106.92466334762669,-29.85660191116237,29.85660191116237,101-150 Unhealthy for Sensitive
2026-03-12 03:00:00,133.51040649414062,105.22310952561344,-28.287296968527187,28.287296968527187,101-150 Unhealthy for Sensitive
2026-03-12 04:00:00,129.60415649414062,102.62563345592997,-26.978523038210653,26.978523038210653,101-150 Unhealthy for Sensitive
2026-03-12 05:00:00,127.05209350585938,98.3621171680541,-28.689976337805277,28.689976337805277,101-150 Unhealthy for Sensitive
2026-03-12 06:00:00,124.875,94.89681534436417,-29.97818465563583,29.97818465563583,101-150 Unhealthy for Sensitive
2026-03-12 07:00:00,121.93749237060547,93.83144646851585,-28.10604590208962,28.10604590208962,101-150 Unhealthy for Sensitive
2026-03-12 08:00:00,118.48957824707031,95.7312452935073,-22.758332953563013,22.758332953563013,101-150 Unhealthy for Sensitive
2026-03-12 09:00:00,115.20832824707031,98.96735404704275,-16.240974200027566,16.240974200027566,101-150 Unhealthy for Sensitive
2026-03-12 10:00:00,112.08332824707031,101.80708658379058,-10.276241663279734,10.276241663279734,101-150 Unhealthy for Sensitive
2026-03-12 11:00:00,109.04165649414062,105.59939596426715,-3.4422605298734794,3.4422605298734794,101-150 Unhealthy for Sensitive
2026-03-12 12:00:00,106.07291412353516,103.15510526188932,-2.917808861645838,2.917808861645838,101-150 Unhealthy for Sensitive
2026-03-12 13:00:00,103.44791412353516,100.34633912417581,-3.101574999359343,3.101574999359343,101-150 Unhealthy for Sensitive
2026-03-12 14:00:00,100.94790649414062,98.57679728633792,-2.3711092078027036,2.3711092078027036,101-150 Unhealthy for Sensitive
2026-03-12 15:00:00,98.98584747314453,96.31597636296986,-2.669871110174668,2.669871110174668,51-100 Moderate
2026-03-12 16:00:00,97.45282745361328,94.90921938004415,-2.543608073569132,2.543608073569132,51-100 Moderate
2026-03-12 17:00:00,96.02986907958984,95.49374414662867,-0.5361249329611724,0.5361249329611724,51-100 Moderate
2026-03-12 18:00:00,94.56761169433594,96.47474482705276,1.9071331327168224,1.9071331327168224,51-100 Moderate
2026-03-12 19:00:00,92.9088134765625,97.45837244315113,4.549558966588634,4.549558966588634,51-100 Moderate
2026-03-12 20:00:00,91.05345916748047,99.27027907928519,8.21681991180472,8.21681991180472,51-100 Moderate
2026-03-12 21:00:00,89.14308166503906,101.86748527340642,12.724403608367354,12.724403608367354,51-100 Moderate
2026-03-12 22:00:00,87.42924499511719,103.43327429151933,16.004029296402138,16.004029296402138,51-100 Moderate
2026-03-12 23:00:00,86.03773498535156,103.15782656739043,17.120091582038867,17.120091582038867,51-100 Moderate
2026-03-13 00:00:00,84.88993072509766,102.69402693814487,17.804096213047217,17.804096213047217,51-100 Moderate
2026-03-13 01:00:00,83.79716491699219,101.94233012909224,18.145165212100054,18.145165212100054,51-100 Moderate
2026-03-13 02:00:00,82.79087829589844,101.61317705789261,18.822298761994176,18.822298761994176,51-100 Moderate
2026-03-13 03:00:00,81.8553466796875,100.02856250740301,18.17321582771551,18.17321582771551,51-100 Moderate
2026-03-13 04:00:00,81.02987670898438,98.56694035087165,17.537063641887272,17.537063641887272,51-100 Moderate
2026-03-13 05:00:00,80.29874420166016,100.27312225458425,19.974378052924095,19.974378052924095,51-100 Moderate
2026-03-13 06:00:00,79.42610168457031,105.35395606363272,25.92785437906241,25.92785437906241,51-100 Moderate
2026-03-13 07:00:00,78.41194915771484,109.67167598582049,31.25972682810564,31.25972682810564,51-100 Moderate
2026-03-13 08:00:00,77.27987670898438,110.64212241283143,33.36224570384705,33.36224570384705,51-100 Moderate
2026-03-13 09:00:00,75.93553161621094,109.92783282835896,33.99230121214802,33.99230121214802,51-100 Moderate
2026-03-13 10:00:00,74.57546997070312,109.94739903546584,35.37192906476271,35.37192906476271,51-100 Moderate
2026-03-13 11:00:00,73.39622497558594,108.65898227536334,35.262757299777405,35.262757299777405,51-100 Moderate
2026-03-13 12:00:00,72.5,109.90632204275708,37.40632204275708,37.40632204275708,51-100 Moderate
2026-03-13 13:00:00,71.63521575927734,110.60459841126139,38.96938265198405,38.96938265198405,51-100 Moderate
2026-03-13 14:00:00,71.09275817871094,110.00923683856819,38.91647865985725,38.91647865985725,51-100 Moderate
2026-03-13 15:00:00,70.55816650390625,107.89132385510709,37.33315735120084,37.33315735120084,51-100 Moderate
2026-03-13 16:00:00,69.98426818847656,105.53716478149056,35.552896593014,35.552896593014,51-100 Moderate
2026-03-13 17:00:00,69.41036987304688,103.59922235408766,34.18885248104078,34.18885248104078,51-100 Moderate
2026-03-13 18:00:00,68.93867492675781,103.82948095932971,34.8908060325719,34.8908060325719,51-100 Moderate
2026-03-13 19:00:00,68.62420654296875,103.63873156172033,35.014525018751584,35.014525018751584,51-100 Moderate
2026-03-13 20:00:00,68.48270416259766,102.58700326602074,34.10429910342309,34.10429910342309,51-100 Moderate
2026-03-13 21:00:00,68.45126342773438,99.85011135241876,31.39884792468439,31.39884792468439,51-100 Moderate
2026-03-13 22:00:00,68.47484588623047,96.37389818240845,27.899052296177985,27.899052296177985,51-100 Moderate
2026-03-13 23:00:00,68.54560089111328,94.27492310383556,25.72932221272228,25.72932221272228,51-100 Moderate
2026-03-14 00:00:00,68.66352844238281,94.68554438964895,26.02201594726614,26.02201594726614,51-100 Moderate
2026-03-14 01:00:00,68.71855926513672,93.83621088387139,25.11765161873467,25.11765161873467,51-100 Moderate
2026-03-14 02:00:00,68.7657241821289,93.51885994651637,24.753135764387466,24.753135764387466,51-100 Moderate
2026-03-14 03:00:00,68.7264175415039,93.87083167712503,25.14441413562112,25.14441413562112,51-100 Moderate
2026-03-14 04:00:00,68.52987670898438,95.46027090081262,26.930394191828242,26.930394191828242,51-100 Moderate
2026-03-14 05:00:00,68.0503158569336,95.57755630421035,27.527240447276753,27.527240447276753,51-100 Moderate
2026-03-14 06:00:00,67.54716491699219,92.08447610326489,24.537311186272703,24.537311186272703,51-100 Moderate
2026-03-14 07:00:00,67.64936828613281,89.6202802292272,21.970911943094393,21.970911943094393,51-100 Moderate
2026-03-14 08:00:00,68.04244995117188,90.37681317351542,22.33436322234354,22.33436322234354,51-100 Moderate
2026-03-14 09:00:00,68.51414489746094,90.40510156255905,21.890956665098116,21.890956665098116,51-100 Moderate
2026-03-14 10:00:00,68.98583984375,88.99993114734126,20.014091303591258,20.014091303591258,51-100 Moderate
2026-03-14 11:00:00,69.4496841430664,86.96023828613026,17.510554143063857,17.510554143063857,51-100 Moderate
2026-03-14 12:00:00,69.960693359375,86.21336067726291,16.252667317887912,16.252667317887912,51-100 Moderate
2026-03-14 13:00:00,70.00785827636719,85.20592498023089,15.198066703863702,15.198066703863702,51-100 Moderate
2026-03-14 14:00:00,70.0235824584961,85.4402541218996,15.416671663403505,15.416671663403505,51-100 Moderate
2026-03-14 15:00:00,70.14937591552734,84.71910262257059,14.569726707043245,14.569726707043245,51-100 Moderate
2026-03-14 16:00:00,70.28302001953125,84.13744656181323,13.854426542281985,13.854426542281985,51-100 Moderate
2026-03-14 17:00:00,70.37736511230469,83.43952599174209,13.0621608794374,13.0621608794374,51-100 Moderate
2026-03-14 18:00:00,70.36949157714844,82.43923478648202,12.06974320933358,12.06974320933358,51-100 Moderate
2026-03-14 19:00:00,70.27515411376953,81.50690131886412,11.231747205094592,11.231747205094592,51-100 Moderate
2026-03-14 20:00:00,70.14937591552734,81.14051499902882,10.99113908350148,10.99113908350148,51-100 Moderate
2026-03-14 21:00:00,70.00785827636719,81.45824057516151,11.450382298794324,11.450382298794324,51-100 Moderate
2026-03-14 22:00:00,69.83490753173828,81.82632804681388,11.991420515075603,11.991420515075603,51-100 Moderate
2026-03-14 23:00:00,69.67767333984375,82.1328829468313,12.455209606987552,12.455209606987552,51-100 Moderate
2026-03-15 00:00:00,69.54402160644531,82.7982634051499,13.254241798704584,13.254241798704584,51-100 Moderate
2026-03-15 01:00:00,69.42609405517578,82.809994309968,13.383900254792223,13.383900254792223,51-100 Moderate
2026-03-15 02:00:00,69.26886749267578,83.17678676656406,13.907919273888282,13.907919273888282,51-100 Moderate
2026-03-15 03:00:00,69.08018493652344,85.06719051563037,15.987005579106935,15.987005579106935,51-100 Moderate
2026-03-15 04:00:00,68.86006164550781,85.95374755516748,17.09368590965967,17.09368590965967,51-100 Moderate
2026-03-15 05:00:00,68.52987670898438,86.58447811824013,18.054601409255753,18.054601409255753,51-100 Moderate
2026-03-15 06:00:00,68.29402923583984,85.4352314184522,17.14120218261236,17.14120218261236,51-100 Moderate
2026-03-15 07:00:00,68.09748840332031,82.97745226387029,14.879963860549978,14.879963860549978,51-100 Moderate
2026-03-15 08:00:00,67.99528503417969,82.46525274883926,14.469967714659575,14.469967714659575,51-100 Moderate
2026-03-15 09:00:00,67.9874267578125,83.5973084145301,15.609881656717604,15.609881656717604,51-100 Moderate
2026-03-15 10:00:00,67.96383666992188,84.7449570510536,16.78112038113173,16.78112038113173,51-100 Moderate
2026-03-15 11:00:00,67.87736511230469,85.35397739824717,17.47661228594248,17.47661228594248,51-100 Moderate
2026-03-15 12:00:00,67.58647918701172,86.1488090600276,18.562329873015884,18.562329873015884,51-100 Moderate
2026-03-15 13:00:00,71.59864044189453,87.65385479861017,16.055214356715638,16.055214356715638,51-100 Moderate
2026-03-15 14:00:00,70.11053466796875,87.53324351211315,17.422708844144395,17.422708844144395,51-100 Moderate
2026-03-15 15:00:00,66.70597076416016,85.78634625001727,19.080375485857118,19.080375485857118,51-100 Moderate
2026-03-15 16:00:00,66.36006164550781,84.65473743032285,18.29467578481504,18.29467578481504,51-100 Moderate
2026-03-15 17:00:00,66.1949691772461,84.6144836941522,18.419514516906105,18.419514516906105,51-100 Moderate
2026-03-15 18:00:00,66.30503845214844,84.58711426899401,18.282075816845577,18.282075816845577,51-100 Moderate
2026-03-15 19:00:00,66.67453002929688,84.34948969318049,17.674959663883612,17.674959663883612,51-100 Moderate
2026-03-15 20:00:00,67.13836669921875,84.10601630117702,16.96764960195827,16.96764960195827,51-100 Moderate
2026-03-15 21:00:00,67.64151000976562,83.72139696453527,16.07988695476965,16.07988695476965,51-100 Moderate
2026-03-15 22:00:00,68.38836669921875,83.36268931030475,14.974322611085995,14.974322611085995,51-100 Moderate
2026-03-15 23:00:00,69.39466094970703,83.15172463733741,13.757063687630378,13.757063687630378,51-100 Moderate
2026-03-16 00:00:00,70.80974578857422,80.42988833583811,9.620142547263896,9.620142547263896,51-100 Moderate
2026-03-16 01:00:00,71.9732666015625,79.4619931225404,7.488726520977906,7.488726520977906,51-100 Moderate
2026-03-16 02:00:00,73.77359008789062,78.71375430285092,4.940164214960291,4.940164214960291,51-100 Moderate
2026-03-16 03:00:00,76.17924499511719,78.83703961001908,2.6577946149018885,2.6577946149018885,51-100 Moderate
2026-03-16 04:00:00,77.9481201171875,77.20828802081847,-0.7398320963690281,0.7398320963690281,51-100 Moderate
2026-03-16 05:00:00,78.44340515136719,75.46386546785658,-2.979539683510609,2.979539683510609,51-100 Moderate
2026-03-16 06:00:00,78.34906005859375,77.78219213308765,-0.5668679255061022,0.5668679255061022,51-100 Moderate
2026-03-16 07:00:00,78.1996841430664,79.53979660061401,1.3401124575476047,1.3401124575476047,51-100 Moderate
2026-03-16 08:00:00,78.1053466796875,80.61292353492726,2.507576855239762,2.507576855239762,51-100 Moderate
2026-03-16 09:00:00,78.12893676757812,81.9542801287697,3.825343361191571,3.825343361191571,51-100 Moderate
2026-03-16 10:00:00,78.3018798828125,83.68509943717244,5.38321955435994,5.38321955435994,51-100 Moderate
2026-03-16 11:00:00,78.52201843261719,85.39539014912351,6.873371716506327,6.873371716506327,51-100 Moderate
2026-03-16 12:00:00,78.7342758178711,83.23643917087821,4.50216335300712,4.50216335300712,51-100 Moderate
2026-03-16 13:00:00,79.36321258544922,83.62790616108856,4.264693575639342,4.264693575639342,51-100 Moderate
2026-03-16 14:00:00,79.65409088134766,84.39113052523655,4.737039643888892,4.737039643888892,51-100 Moderate
2026-03-16 15:00:00,79.55188751220703,83.98023298317443,4.4283454709674,4.4283454709674,51-100 Moderate
2026-03-16 16:00:00,79.2217025756836,83.2006463136242,3.978943737940611,3.978943737940611,51-100 Moderate
2026-03-16 17:00:00,78.78144073486328,82.50022507167651,3.718784336813229,3.718784336813229,51-100 Moderate
2026-03-16 18:00:00,78.27828979492188,81.71699111682511,3.4387013219032383,3.4387013219032383,51-100 Moderate
2026-03-16 19:00:00,77.74370574951172,81.12104520890374,3.3773394593920187,3.3773394593920187,51-100 Moderate
2026-03-16 20:00:00,77.44496154785156,80.66284855590811,3.2178870080565503,3.2178870080565503,51-100 Moderate
2026-03-16 21:00:00,77.15409088134766,80.53995119695978,3.3858603156121205,3.3858603156121205,51-100 Moderate
2026-03-16 22:00:00,76.58804321289062,80.90008726772598,4.312044054835354,4.312044054835354,51-100 Moderate
2026-03-16 23:00:00,75.73112487792969,81.0902074339532,5.359082556023509,5.359082556023509,51-100 Moderate
2026-03-17 00:00:00,74.49685668945312,80.8147594527136,6.317902763260477,6.317902763260477,51-100 Moderate
2026-03-17 01:00:00,73.66352081298828,80.1257750705269,6.462254257538618,6.462254257538618,51-100 Moderate
2026-03-17 02:00:00,72.13836669921875,79.63508077761239,7.496714078393637,7.496714078393637,51-100 Moderate
2026-03-17 03:00:00,70.1021957397461,79.87647980266746,9.774284062921367,9.774284062921367,51-100 Moderate
2026-03-17 04:00:00,68.67924499511719,79.00616207054193,10.326917075424745,10.326917075424745,51-100 Moderate
2026-03-17 05:00:00,68.74214172363281,77.4444964309332,8.702354707300387,8.702354707300387,51-100 Moderate
2026-03-17 06:00:00,69.39464569091797,77.26548974988759,7.870844058969624,7.870844058969624,51-100 Moderate
2026-03-17 07:00:00,70.1336441040039,77.55411109206118,7.420466988057271,7.420466988057271,51-100 Moderate
2026-03-17 08:00:00,70.95125579833984,77.37553096160687,6.424275163267026,6.424275163267026,51-100 Moderate
2026-03-17 09:00:00,71.9496841430664,76.97171353415102,5.022029391084615,5.022029391084615,51-100 Moderate
2026-03-17 10:00:00,73.2075424194336,76.64615395911346,3.4386115396798687,3.4386115396798687,51-100 Moderate
2026-03-17 11:00:00,74.76415252685547,75.98207681545836,1.2179242886028874,1.2179242886028874,51-100 Moderate
2026-03-17 12:00:00,76.52515411376953,76.09004641592473,-0.4351076978447992,0.4351076978447992,51-100 Moderate
2026-03-17 13:00:00,76.61164093017578,76.94710345757188,0.3354625273961034,0.3354625273961034,51-100 Moderate
2026-03-17 14:00:00,77.13050842285156,75.53120918204283,-1.5992992408087332,1.5992992408087332,51-100 Moderate
2026-03-17 15:00:00,78.59276580810547,74.6680951672448,-3.9246706408606684,3.9246706408606684,51-100 Moderate
2026-03-17 16:00:00,80.37735748291016,74.89272784304907,-5.484629639861083,5.484629639861083,51-100 Moderate
2026-03-17 17:00:00,82.58647918701172,74.99535606345297,-7.591123123558745,7.591123123558745,51-100 Moderate
2026-03-17 18:00:00,85.25943756103516,75.58141211353184,-9.678025447503316,9.678025447503316,51-100 Moderate
2026-03-17 19:00:00,87.53144836425781,75.79821045817802,-11.733237906079793,11.733237906079793,51-100 Moderate
2026-03-17 20:00:00,88.82862091064453,75.91197093137288,-12.916649979271654,12.916649979271654,51-100 Moderate
2026-03-17 21:00:00,89.98428344726562,76.94797609515372,-13.036307352111905,13.036307352111905,51-100 Moderate
2026-03-17 22:00:00,91.29717254638672,78.32792704552509,-12.969245500861632,12.969245500861632,51-100 Moderate
2026-03-17 23:00:00,92.65724182128906,80.529754661835,-12.127487159454063,12.127487159454063,51-100 Moderate
2026-03-18 00:00:00,94.00157928466797,81.05488607713917,-12.946693207528796,12.946693207528796,51-100 Moderate
2026-03-18 01:00:00,95.19654846191406,83.03705928992916,-12.159489171984902,12.159489171984902,51-100 Moderate
2026-03-18 02:00:00,96.4858627319336,86.46950242164766,-10.016360310285933,10.016360310285933,51-100 Moderate
2026-03-18 03:00:00,97.78302764892578,85.18182853692007,-12.601199112005716,12.601199112005716,51-100 Moderate
2026-03-18 04:00:00,99.28459930419922,78.5936031891768,-20.690996115022415,20.690996115022415,51-100 Moderate
2026-03-18 05:00:00,99.40252685546875,74.86739769230506,-24.53512916316369,24.53512916316369,51-100 Moderate
2026-03-18 06:00:00,99.41824340820312,75.67018767880924,-23.748055729393883,23.748055729393883,51-100 Moderate
2026-03-18 07:00:00,99.65409088134766,77.50697031324385,-22.1471205681038,22.1471205681038,51-100 Moderate
2026-03-18 08:00:00,99.90567016601562,79.11448032671453,-20.791189839301097,20.791189839301097,51-100 Moderate
2026-03-18 09:00:00,99.90567016601562,80.38603830518214,-19.519631860833485,19.519631860833485,51-100 Moderate
2026-03-18 10:00:00,99.53617095947266,81.06664407160605,-18.469526887866607,18.469526887866607,51-100 Moderate
2026-03-18 11:00:00,98.88365173339844,80.7293683209198,-18.154283412478634,18.154283412478634,51-100 Moderate
2026-03-18 12:00:00,98.04246520996094,82.52460793977686,-15.51785727018408,15.51785727018408,51-100 Moderate
2026-03-18 13:00:00,98.15252685546875,81.662055978047,-16.490470877421757,16.490470877421757,51-100 Moderate
2026-03-18 14:00:00,98.01101684570312,80.08576865661885,-17.92524818908427,17.92524818908427,51-100 Moderate
2026-03-18 15:00:00,97.16195678710938,78.06570339855341,-19.096253388555965,19.096253388555965,51-100 Moderate
2026-03-18 16:00:00,96.17139434814453,77.26555156780987,-18.905842780334666,18.905842780334666,51-100 Moderate
2026-03-18 17:00:00,94.79560089111328,77.5016945787623,-17.293906312350984,17.293906312350984,51-100 Moderate
2026-03-18 18:00:00,92.88522338867188,77.36679304606585,-15.518430342606024,15.518430342606024,51-100 Moderate
2026-03-18 19:00:00,91.26571655273438,77.85770094464947,-13.40801560808491,13.40801560808491,51-100 Moderate
2026-03-18 20:00:00,90.33804321289062,76.7285728998717,-13.609470313018932,13.609470313018932,51-100 Moderate
2026-03-18 21:00:00,89.48112487792969,75.18973300512016,-14.291391872809527,14.291391872809527,51-100 Moderate
2026-03-18 22:00:00,88.43553161621094,74.56535272047093,-13.870178895740011,13.870178895740011,51-100 Moderate
2026-03-18 23:00:00,87.27987670898438,74.53439873104493,-12.745477977939444,12.745477977939444,51-100 Moderate
2026-03-19 00:00:00,86.01415252685547,74.96286331635166,-11.05128921050381,11.05128921050381,51-100 Moderate
2026-03-19 01:00:00,84.65409088134766,72.9707317128198,-11.683359168527858,11.683359168527858,51-100 Moderate
2026-03-19 02:00:00,83.26258087158203,71.04131762457962,-12.221263247002412,12.221263247002412,51-100 Moderate
2026-03-19 03:00:00,81.82389831542969,70.87380683759577,-10.950091477833922,10.950091477833922,51-100 Moderate
2026-03-19 04:00:00,80.33018493652344,72.1869554883551,-8.143229448168341,8.143229448168341,51-100 Moderate
2026-03-19 05:00:00,79.80345153808594,73.24022189398215,-6.563229644103785,6.563229644103785,51-100 Moderate
2026-03-19 06:00:00,79.3789291381836,75.25337540793842,-4.125553730245173,4.125553730245173,51-100 Moderate
2026-03-19 07:00:00,78.72640991210938,77.14172741759273,-1.5846824945166418,1.5846824945166418,51-100 Moderate
2026-03-19 08:00:00,78.0267333984375,79.51026241114457,1.4835290127070664,1.4835290127070664,51-100 Moderate
2026-03-19 09:00:00,77.42924499511719,82.00059619573278,4.571351200615595,4.571351200615595,51-100 Moderate
2026-03-19 10:00:00,76.90251159667969,85.61189953710152,8.709387940421834,8.709387940421834,51-100 Moderate
2026-03-19 11:00:00,76.39151000976562,87.99510185831423,11.603591848548604,11.603591848548604,51-100 Moderate
2026-03-19 12:00:00,75.82546997070312,80.63165568125004,4.806185710546913,4.806185710546913,51-100 Moderate
2026-03-19 13:00:00,75.36163330078125,81.39883419387434,6.037200893093086,6.037200893093086,51-100 Moderate
2026-03-19 14:00:00,75.0157241821289,84.46133490329855,9.445610721169643,9.445610721169643,51-100 Moderate
2026-03-19 15:00:00,74.8663558959961,85.90661926905848,11.040263373062388,11.040263373062388,51-100 Moderate
2026-03-19 16:00:00,74.882080078125,87.88937917816726,13.00729910004226,13.00729910004226,51-100 Moderate
2026-03-19 17:00:00,75.0628890991211,90.59365684757866,15.530767748457563,15.530767748457563,51-100 Moderate
2026-03-19 18:00:00,75.36163330078125,89.02535616333766,13.663722862556412,13.663722862556412,51-100 Moderate
2026-03-19 19:00:00,75.7468490600586,85.6290574043227,9.8822083442641,9.8822083442641,51-100 Moderate
2026-03-19 20:00:00,76.17138671875,84.91278971620136,8.74140299745136,8.74140299745136,51-100 Moderate
2026-03-19 21:00:00,76.46226501464844,85.90569140151347,9.443426386865028,9.443426386865028,51-100 Moderate
2026-03-19 22:00:00,76.63520812988281,86.31600962606623,9.68080149618342,9.68080149618342,51-100 Moderate
2026-03-19 23:00:00,76.80030822753906,86.53353092764401,9.733222700104946,9.733222700104946,51-100 Moderate
2026-03-20 00:00:00,76.99684143066406,84.34281839201212,7.345976961348057,7.345976961348057,51-100 Moderate
2026-03-20 01:00:00,77.22483825683594,84.49000649246224,7.265168235626305,7.265168235626305,51-100 Moderate
2026-03-20 02:00:00,77.5,85.39557037300864,7.895570373008638,7.895570373008638,51-100 Moderate
2026-03-20 03:00:00,78.1446533203125,88.07407673436519,9.929423414052692,9.929423414052692,51-100 Moderate
2026-03-20 04:00:00,78.78144073486328,83.87210363057152,5.090662895708235,5.090662895708235,51-100 Moderate
2026-03-20 05:00:00,79.05660247802734,83.78191390457326,4.725311426545915,4.725311426545915,51-100 Moderate
2026-03-20 06:00:00,79.3789291381836,87.01114012919902,7.632210991015427,7.632210991015427,51-100 Moderate
2026-03-20 07:00:00,79.85062408447266,88.66075486086068,8.810130776388021,8.810130776388021,51-100 Moderate
2026-03-20 08:00:00,80.22798919677734,88.75896348753524,8.530974290757896,8.530974290757896,51-100 Moderate
2026-03-20 09:00:00,80.44811248779297,87.86975526763972,7.421642779846749,7.421642779846749,51-100 Moderate
2026-03-20 10:00:00,80.51887512207031,87.40311958447872,6.884244462408404,6.884244462408404,51-100 Moderate
2026-03-20 11:00:00,80.37735748291016,86.65850244480086,6.281144961890703,6.281144961890703,51-100 Moderate
2026-03-20 12:00:00,80.22012329101562,85.51340163324299,5.293278342227367,5.293278342227367,51-100 Moderate
2026-03-20 13:00:00,80.72327423095703,84.38259032081773,3.6593160898606953,3.6593160898606953,51-100 Moderate
2026-03-20 14:00:00,81.17137908935547,82.94889677012556,1.7775176807700888,1.7775176807700888,51-100 Moderate
2026-03-20 15:00:00,81.48585510253906,81.72701150871244,0.2411564061733742,0.2411564061733742,51-100 Moderate
2026-03-20 16:00:00,81.69025421142578,80.99185159792026,-0.6984026135055217,0.6984026135055217,51-100 Moderate
2026-03-20 17:00:00,81.7374267578125,80.5327726724356,-1.2046540853769017,1.2046540853769017,51-100 Moderate
2026-03-20 18:00:00,81.70597839355469,82.08760685470205,0.3816284611473577,0.3816284611473577,51-100 Moderate
2026-03-20 19:00:00,81.57232666015625,83.29914212585786,1.7268154657016055,1.7268154657016055,51-100 Moderate
2026-03-20 20:00:00,81.289306640625,83.37036405205878,2.0810574114337754,2.0810574114337754,51-100 Moderate
2026-03-20 21:00:00,80.9984359741211,83.05566657475738,2.057230600636288,2.057230600636288,51-100 Moderate
2026-03-20 22:00:00,80.70755004882812,82.43100274226532,1.7234526934371956,1.7234526934371956,51-100 Moderate
2026-03-20 23:00:00,80.29874420166016,82.17570952679796,1.8769653251378031,1.8769653251378031,51-100 Moderate
2026-03-21 00:00:00,79.76415252685547,83.61752472870187,3.8533722018463976,3.8533722018463976,51-100 Moderate
2026-03-21 01:00:00,79.47327423095703,82.95297504793714,3.479700816980113,3.479700816980113,51-100 Moderate
2026-03-21 02:00:00,79.05661010742188,83.09078499774895,4.03417489032708,4.03417489032708,51-100 Moderate
2026-03-21 03:00:00,78.17610168457031,84.44850425919465,6.272402574624337,6.272402574624337,51-100 Moderate
2026-03-21 04:00:00,76.82389831542969,84.88106120199517,8.057162886565479,8.057162886565479,51-100 Moderate
2026-03-21 05:00:00,75.97483825683594,83.53588370770088,7.561045450864938,7.561045450864938,51-100 Moderate
2026-03-21 06:00:00,75.039306640625,83.17146957663091,8.132162936005912,8.132162936005912,51-100 Moderate
2026-03-21 07:00:00,73.82861328125,82.74991238194488,8.921299100694881,8.921299100694881,51-100 Moderate
2026-03-21 08:00:00,72.5628890991211,83.19612230517815,10.633233206057056,10.633233206057056,51-100 Moderate
2026-03-21 09:00:00,71.32074737548828,83.29025238844915,11.969505012960866,11.969505012960866,51-100 Moderate
2026-03-21 10:00:00,70.18867492675781,82.88134356847897,12.692668641721156,12.692668641721156,51-100 Moderate
2026-03-21 11:00:00,69.26886749267578,82.07952707976749,12.810659587091706,12.810659587091706,51-100 Moderate
2026-03-21 12:00:00,68.49056243896484,80.88555599673484,12.394993557769993,12.394993557769993,51-100 Moderate
2026-03-21 13:00:00,67.30345153808594,80.73768689744352,13.434235359357587,13.434235359357587,51-100 Moderate
2026-03-21 14:00:00,66.24213409423828,81.0149046801598,14.77277058592152,14.77277058592152,51-100 Moderate
2026-03-21 15:00:00,65.33018493652344,81.03772651943865,15.707541582915212,15.707541582915212,51-100 Moderate
2026-03-21 16:00:00,64.36320495605469,80.99078705255032,16.62758209649563,16.62758209649563,51-100 Moderate
2026-03-21 17:00:00,63.3018913269043,80.85601616984621,17.554124842941917,17.554124842941917,51-100 Moderate
2026-03-21 18:00:00,62.122642517089844,81.87158705541945,19.74894453832961,19.74894453832961,51-100 Moderate
2026-03-21 19:00:00,60.91195297241211,82.43067472811562,21.51872175570351,21.51872175570351,51-100 Moderate
2026-03-21 20:00:00,59.779876708984375,82.55566014026269,22.775783431278313,22.775783431278313,51-100 Moderate
2026-03-21 21:00:00,58.81289291381836,82.21106571384173,23.398172800023374,23.398172800023374,51-100 Moderate
2026-03-21 22:00:00,58.026729583740234,82.14153643441834,24.114806850678107,24.114806850678107,51-100 Moderate
2026-03-21 23:00:00,57.405662536621094,82.6582472868579,25.252584750236807,25.252584750236807,51-100 Moderate
2026-03-22 00:00:00,56.91823959350586,82.98018683789374,26.06194724438788,26.06194724438788,51-100 Moderate
2026-03-22 01:00:00,56.27358627319336,82.79882122454191,26.52523495134855,26.52523495134855,51-100 Moderate
2026-03-22 02:00:00,55.72327423095703,84.08079400403585,28.35751977307882,28.35751977307882,51-100 Moderate
2026-03-22 03:00:00,55.28302001953125,84.86532072046668,29.582300700935434,29.582300700935434,51-100 Moderate
2026-03-22 04:00:00,55.03144836425781,82.28159654625247,27.25014818199466,27.25014818199466,51-100 Moderate
2026-03-22 05:00:00,55.03144073486328,80.99608978648786,25.964649051624576,25.964649051624576,51-100 Moderate
2026-03-22 06:00:00,55.13364791870117,84.10323426893068,28.969586350229505,28.969586350229505,51-100 Moderate
2026-03-22 07:00:00,55.44024658203125,85.68470390255939,30.24445732052814,30.24445732052814,51-100 Moderate
2026-03-22 08:00:00,55.841190338134766,85.20775807366813,29.366567735533366,29.366567735533366,51-100 Moderate
2026-03-22 09:00:00,56.28144836425781,84.26747922462955,27.98603086037174,27.98603086037174,51-100 Moderate
2026-03-22 10:00:00,56.8553466796875,83.30870551494162,26.45335883525412,26.45335883525412,51-100 Moderate
2026-03-22 11:00:00,57.5,82.69362393033627,25.193623930336273,25.193623930336273,51-100 Moderate
2026-03-22 12:00:00,58.00314712524414,85.5477584665437,27.544611341299557,27.544611341299557,51-100 Moderate
2026-03-22 13:00:00,58.466983795166016,86.01967848613029,27.552694690964273,27.552694690964273,51-100 Moderate
2026-03-22 14:00:00,58.90723419189453,85.60848836509541,26.70125417320088,26.70125417320088,51-100 Moderate
2026-03-22 15:00:00,59.135223388671875,84.87508322636127,25.739859837689394,25.739859837689394,51-100 Moderate
2026-03-22 16:00:00,59.229557037353516,83.99100904644051,24.761452009086995,24.761452009086995,51-100 Moderate
2026-03-22 17:00:00,59.378929138183594,83.40090189530193,24.021972757118334,24.021972757118334,51-100 Moderate
2026-03-22 18:00:00,59.559749603271484,83.48104974978233,23.921300146510845,23.921300146510845,51-100 Moderate
2026-03-22 19:00:00,59.7248420715332,83.44814987328664,23.723307801753435,23.723307801753435,51-100 Moderate
2026-03-22 20:00:00,59.87421417236328,83.20061777516078,23.326403602797498,23.326403602797498,51-100 Moderate
2026-03-22 21:00:00,60.000003814697266,82.76786833788951,22.767864523192245,22.767864523192245,51-100 Moderate
2026-03-22 22:00:00,60.117923736572266,82.4205639690645,22.302640232492237,22.302640232492237,51-100 Moderate
2026-03-22 23:00:00,60.24371337890625,82.18339950237753,21.939686123471276,21.939686123471276,51-100 Moderate
2026-03-23 00:00:00,60.40880584716797,80.34972558027972,19.940919733111755,19.940919733111755,51-100 Moderate
2026-03-23 01:00:00,60.65251922607422,79.96265976737884,19.31014054130462,19.31014054130462,51-100 Moderate
2026-03-23 02:00:00,60.927677154541016,79.40386648311659,18.476189328575572,18.476189328575572,51-100 Moderate
2026-03-23 03:00:00,61.28144836425781,78.26269761266026,16.98124924840245,16.98124924840245,51-100 Moderate
2026-03-23 04:00:00,61.76886749267578,76.95266125862108,15.183793765945296,15.183793765945296,51-100 Moderate
2026-03-23 05:00:00,62.25628662109375,75.23791364852168,12.981627027427933,12.981627027427933,51-100 Moderate
2026-03-23 06:00:00,62.7908821105957,73.75916799736723,10.968285886771525,10.968285886771525,51-100 Moderate
2026-03-23 07:00:00,63.301883697509766,74.26944497430921,10.967561276799444,10.967561276799444,51-100 Moderate
2026-03-23 08:00:00,63.765716552734375,75.04462245271489,11.278905899980515,11.278905899980515,51-100 Moderate
2026-03-23 09:00:00,64.21383666992188,75.60034110850117,11.386504438579294,11.386504438579294,51-100 Moderate
2026-03-23 10:00:00,64.54402923583984,76.10394139095371,11.559912155113864,11.559912155113864,51-100 Moderate
2026-03-23 11:00:00,64.81918334960938,76.52064218332762,11.701458833718249,11.701458833718249,51-100 Moderate
2026-03-23 12:00:00,65.24370574951172,76.43937691916719,11.19567116965547,11.19567116965547,51-100 Moderate
2026-03-23 13:00:00,65.7389907836914,76.19688417679863,10.457893393107227,10.457893393107227,51-100 Moderate
2026-03-23 14:00:00,66.25,75.80444674948312,9.55444674948312,9.55444674948312,51-100 Moderate
2026-03-23 15:00:00,66.92610168457031,74.58624908998387,7.660147405413554,7.660147405413554,51-100 Moderate
2026-03-23 16:00:00,67.92453002929688,73.51220328332366,5.587673254026782,5.587673254026782,51-100 Moderate
2026-03-23 17:00:00,69.11949920654297,72.98453313287156,3.865033926328593,3.865033926328593,51-100 Moderate
2026-03-23 18:00:00,70.45597839355469,72.5417272610032,2.0857488674485154,2.0857488674485154,51-100 Moderate
2026-03-23 19:00:00,71.88679504394531,72.05264275879752,0.16584771485220529,0.16584771485220529,51-100 Moderate
2026-03-23 20:00:00,73.28617095947266,71.97281706677576,-1.3133538926968953,1.3133538926968953,51-100 Moderate
2026-03-23 21:00:00,74.63050842285156,71.9151094078515,-2.7153990150000595,2.7153990150000595,51-100 Moderate
2026-03-23 22:00:00,75.91194915771484,71.82101852723409,-4.090930630480756,4.090930630480756,51-100 Moderate
2026-03-23 23:00:00,77.11478424072266,71.78228783470283,-5.332496406019828,5.332496406019828,51-100 Moderate
2026-03-24 00:00:00,78.14466094970703,71.83757027155988,-6.307090678147148,6.307090678147148,51-100 Moderate
2026-03-24 01:00:00,78.93869018554688,71.78298499495364,-7.155705190593238,7.155705190593238,51-100 Moderate
2026-03-24 02:00:00,79.69339752197266,72.26987631599559,-7.423521205977067,7.423521205977067,51-100 Moderate
2026-03-24 03:00:00,80.44811248779297,72.62415941361812,-7.823953074174852,7.823953074174852,51-100 Moderate
2026-03-24 04:00:00,81.09276580810547,72.4185534357038,-8.67421237240167,8.67421237240167,51-100 Moderate
2026-03-24 05:00:00,81.43867492675781,72.51627992392436,-8.922395002833454,8.922395002833454,51-100 Moderate
2026-03-24 06:00:00,81.59590911865234,74.27682800425418,-7.319081114398159,7.319081114398159,51-100 Moderate
2026-03-24 07:00:00,81.69810485839844,76.43583720233372,-5.262267656064722,5.262267656064722,51-100 Moderate
2026-03-24 08:00:00,81.99685668945312,78.61703184542743,-3.3798248440256913,3.3798248440256913,51-100 Moderate
2026-03-24 09:00:00,82.29559326171875,80.80125927213403,-1.4943339895847174,1.4943339895847174,51-100 Moderate
2026-03-24 10:00:00,82.49999237060547,81.82052176405791,-0.6794706065475538,0.6794706065475538,51-100 Moderate
2026-03-24 11:00:00,82.5943374633789,81.1314931769354,-1.462844286443513,1.462844286443513,51-100 Moderate
2026-03-24 12:00:00,82.5550308227539,81.07321484315075,-1.4818159796031551,1.4818159796031551,51-100 Moderate
2026-03-24 13:00:00,82.0125732421875,80.20196718318593,-1.8106060590015716,1.8106060590015716,51-100 Moderate
2026-03-24 14:00:00,81.45439910888672,79.08259865143543,-2.371800457451286,2.371800457451286,51-100 Moderate
2026-03-24 15:00:00,80.86477661132812,77.42641167154781,-3.438364939780314,3.438364939780314,51-100 Moderate
2026-03-24 16:00:00,80.1572265625,76.78489912934228,-3.3723274331577215,3.3723274331577215,51-100 Moderate
2026-03-24 17:00:00,79.35533142089844,76.88498783316132,-2.470343587737119,2.470343587737119,51-100 Moderate
2026-03-24 18:00:00,78.52986907958984,76.96902386615093,-1.5608452134389097,1.5608452134389097,51-100 Moderate
2026-03-24 19:00:00,77.66510009765625,77.12371178423746,-0.5413883134187927,0.5413883134187927,51-100 Moderate
2026-03-24 20:00:00,76.8553466796875,77.388229851466,0.5328831717784936,0.5328831717784936,51-100 Moderate
2026-03-24 21:00:00,76.04560089111328,77.61349054853991,1.5678896574266332,1.5678896574266332,51-100 Moderate
2026-03-24 22:00:00,75.20440673828125,77.73524889028168,2.5308421520004316,2.5308421520004316,51-100 Moderate
2026-03-24 23:00:00,74.3710708618164,78.01689663818257,3.6458257763661663,3.6458257763661663,51-100 Moderate
2026-03-25 00:00:00,73.64779663085938,78.32919186889356,4.681395238034185,4.681395238034185,51-100 Moderate
2026-03-25 01:00:00,73.13679504394531,78.26430732510734,5.127512281162026,5.127512281162026,51-100 Moderate
2026-03-25 02:00:00,72.56289672851562,78.70332957389806,6.140432845382435,6.140432845382435,51-100 Moderate
2026-03-25 03:00:00,71.86321258544922,78.9830788846784,7.119866299229187,7.119866299229187,51-100 Moderate
2026-03-25 04:00:00,71.01415252685547,80.04217708100975,9.028024554154285,9.028024554154285,51-100 Moderate
2026-03-25 05:00:00,70.29087829589844,81.44746757643719,11.156589280538753,11.156589280538753,51-100 Moderate
2026-03-25 06:00:00,69.67767333984375,83.3316067801539,13.653933440310155,13.653933440310155,51-100 Moderate
2026-03-25 07:00:00,69.00157165527344,84.21739649188271,15.215824836609272,15.215824836609272,51-100 Moderate
2026-03-25 08:00:00,68.1446533203125,84.68562841080228,16.54097509048978,16.54097509048978,51-100 Moderate
2026-03-25 09:00:00,67.42137908935547,85.31978621758019,17.89840712822472,17.89840712822472,51-100 Moderate
2026-03-25 10:00:00,66.88678741455078,86.41775022111571,19.53096280656493,19.53096280656493,51-100 Moderate
2026-03-25 11:00:00,66.24214172363281,87.22048473172481,20.978343008091997,20.978343008091997,51-100 Moderate
2026-03-25 12:00:00,65.33019256591797,87.79927135017726,22.469078784259295,22.469078784259295,51-100 Moderate
2026-03-25 13:00:00,64.3946533203125,87.49082199136431,23.096168671051814,23.096168671051814,51-100 Moderate
2026-03-25 14:00:00,63.404090881347656,86.20957817426167,22.80548729291401,22.80548729291401,51-100 Moderate
2026-03-25 15:00:00,62.37421798706055,85.37567391087079,23.00145592381024,23.00145592381024,51-100 Moderate
2026-03-25 16:00:00,61.399375915527344,85.07548870580442,23.676112790277074,23.676112790277074,51-100 Moderate
2026-03-25 17:00:00,60.39308166503906,85.03996954596522,24.64688788092616,24.64688788092616,51-100 Moderate
2026-03-25 18:00:00,59.37893295288086,85.1738641484737,25.794931195592838,25.794931195592838,51-100 Moderate
2026-03-25 19:00:00,58.38050842285156,85.44231361556662,27.061805192715056,27.061805192715056,51-100 Moderate
2026-03-25 20:00:00,57.31132507324219,85.54674167873317,28.235416605490983,28.235416605490983,51-100 Moderate
2026-03-25 21:00:00,56.234283447265625,85.7860858053854,29.551802358119772,29.551802358119772,51-100 Moderate
2026-03-25 22:00:00,55.227989196777344,85.81072396792572,30.58273477114838,30.58273477114838,51-100 Moderate
2026-03-25 23:00:00,54.32389831542969,85.59681612319174,31.272917807762056,31.272917807762056,51-100 Moderate
2026-03-26 00:00:00,53.529876708984375,85.19384902370587,31.66397231472149,31.66397231472149,51-100 Moderate
2026-03-26 01:00:00,52.6965446472168,84.44405937108712,31.747514723870324,31.747514723870324,51-100 Moderate
2026-03-26 02:00:00,51.93396759033203,84.3680916949401,32.434124104608074,32.434124104608074,51-100 Moderate
2026-03-26 03:00:00,51.13993835449219,84.36375801201748,33.2238196575253,33.2238196575253,51-100 Moderate
2026-03-26 04:00:00,50.47169876098633,83.3372252708375,32.865526509851165,32.865526509851165,51-100 Moderate
2026-03-26 05:00:00,49.58333206176758,82.7637207081122,33.180388646344625,33.180388646344625,0-50 Good
2026-03-26 06:00:00,47.87036895751953,84.298444453608,36.42807549608847,36.42807549608847,0-50 Good
2026-03-26 07:00:00,46.41204071044922,86.18131249430341,39.769271783854194,39.769271783854194,0-50 Good
2026-03-26 08:00:00,45.13888931274414,86.8705853513619,41.731696038617756,41.731696038617756,0-50 Good
2026-03-26 09:00:00,43.65740966796875,86.16333996064144,42.50593029267269,42.50593029267269,0-50 Good
2026-03-26 10:00:00,42.15278244018555,85.26000426277274,43.10722182258719,43.10722182258719,0-50 Good
2026-03-26 11:00:00,41.34259796142578,84.23566969521877,42.89307173379299,42.89307173379299,0-50 Good
2026-03-26 12:00:00,41.388893127441406,81.0047979021431,39.61590477470169,39.61590477470169,0-50 Good
2026-03-26 13:00:00,42.66203689575195,80.05899918490367,37.396962289151716,37.396962289151716,0-50 Good
2026-03-26 14:00:00,43.51852035522461,80.58072413587827,37.06220378065366,37.06220378065366,0-50 Good
2026-03-26 15:00:00,43.95833206176758,79.96228217445889,36.003950112691314,36.003950112691314,0-50 Good
2026-03-26 16:00:00,44.0046272277832,79.40364926042493,35.399022032641724,35.399022032641724,0-50 Good
2026-03-26 17:00:00,43.88888931274414,79.610424479845,35.72153516710085,35.72153516710085,0-50 Good
2026-03-26 18:00:00,43.84259033203125,79.92017021123436,36.077579879203114,36.077579879203114,0-50 Good
2026-03-26 19:00:00,44.791664123535156,79.67137948052721,34.87971535699205,34.87971535699205,0-50 Good
2026-03-26 20:00:00,47.361106872558594,79.69883374712668,32.33772687456809,32.33772687456809,0-50 Good
2026-03-26 21:00:00,50.400943756103516,79.57992754492246,29.17898378881894,29.17898378881894,51-100 Moderate
2026-03-26 22:00:00,51.800315856933594,79.45591577834844,27.655599921414847,27.655599921414847,51-100 Moderate
2026-03-26 23:00:00,53.08962631225586,79.42115286772523,26.331526555469367,26.331526555469367,51-100 Moderate
2026-03-27 00:00:00,54.21383285522461,80.4530647663694,26.239231911144785,26.239231911144785,51-100 Moderate
2026-03-27 01:00:00,55.27515411376953,79.86296580249896,24.58781168872943,24.58781168872943,51-100 Moderate
2026-03-27 02:00:00,56.234275817871094,79.82224317407632,23.587967356205226,23.587967356205226,51-100 Moderate
2026-03-27 03:00:00,57.099056243896484,79.84308142686211,22.74402518296563,22.74402518296563,51-100 Moderate
2026-03-27 04:00:00,57.861637115478516,78.44928129174774,20.587644176269222,20.587644176269222,51-100 Moderate
2026-03-27 05:00:00,58.490562438964844,78.11501288159063,19.624450442625786,19.624450442625786,51-100 Moderate
2026-03-27 06:00:00,58.93867492675781,77.8043372364462,18.86566230968839,18.86566230968839,51-100 Moderate
2026-03-27 07:00:00,59.190250396728516,78.64944886706516,19.459198470336645,19.459198470336645,51-100 Moderate
2026-03-27 08:00:00,60.96937561035156,80.1939245219146,19.224548911563033,19.224548911563033,51-100 Moderate
2026-03-27 09:00:00,70.96088409423828,81.53647693114115,10.57559283690287,10.57559283690287,51-100 Moderate
2026-03-27 10:00:00,80.31461334228516,80.56626651214381,0.25165316985865616,0.25165316985865616,51-100 Moderate
2026-03-27 11:00:00,89.03060913085938,77.77552383366425,-11.255085297195123,11.255085297195123,51-100 Moderate
2026-03-27 12:00:00,95.83333587646484,74.19770009900554,-21.6356357774593,21.6356357774593,51-100 Moderate
2026-03-27 13:00:00,98.38434600830078,73.4173360554452,-24.967009952855577,24.967009952855577,51-100 Moderate
2026-03-27 14:00:00,96.25849914550781,73.6070511903215,-22.651447955186313,22.651447955186313,51-100 Moderate
2026-03-27 15:00:00,89.8809585571289,73.67773339947063,-16.20322515765828,16.20322515765828,51-100 Moderate
2026-03-27 16:00:00,81.59014129638672,73.5299039024261,-8.06023739396062,8.06023739396062,51-100 Moderate
2026-03-27 17:00:00,72.66156768798828,73.45857816638552,0.7970104783972403,0.7970104783972403,51-100 Moderate
2026-03-27 18:00:00,66.16352081298828,73.1911453047129,7.027624491724623,7.027624491724623,51-100 Moderate
2026-03-27 19:00:00,66.76887512207031,72.6453340536653,5.876458931594982,5.876458931594982,51-100 Moderate
2026-03-27 20:00:00,66.93396759033203,72.19142520125519,5.257457610923154,5.257457610923154,51-100 Moderate
2026-03-27 21:00:00,66.78459167480469,71.86250483216583,5.077913157361138,5.077913157361138,51-100 Moderate
2026-03-27 22:00:00,66.59590911865234,71.52021541622052,4.9243062975681795,4.9243062975681795,51-100 Moderate
2026-03-27 23:00:00,66.51729583740234,71.43796860725094,4.9206727698485935,4.9206727698485935,51-100 Moderate
2026-03-28 00:00:00,66.52515411376953,71.70022880634158,5.175074692572053,5.175074692572053,51-100 Moderate
2026-03-28 01:00:00,66.47012329101562,71.97299680581963,5.502873514804008,5.502873514804008,51-100 Moderate
2026-03-28 02:00:00,66.47798156738281,72.35640776943558,5.878426202052765,5.878426202052765,51-100 Moderate
2026-03-28 03:00:00,66.59590911865234,72.81551247395348,6.219603355301132,6.219603355301132,51-100 Moderate
2026-03-28 04:00:00,66.77672576904297,71.73269790778227,4.955972138739298,4.955972138739298,51-100 Moderate
2026-03-28 05:00:00,67.07546997070312,71.21440400639635,4.138934035693225,4.138934035693225,51-100 Moderate
2026-03-28 06:00:00,68.19727325439453,71.52800225640223,3.3307290020077005,3.3307290020077005,51-100 Moderate
2026-03-28 07:00:00,76.06292724609375,72.52473486973923,-3.538192376354516,3.538192376354516,51-100 Moderate
2026-03-28 08:00:00,83.92858123779297,73.51605353904714,-10.412527698745834,10.412527698745834,51-100 Moderate
2026-03-28 09:00:00,90.30611419677734,74.36777049584511,-15.938343700932236,15.938343700932236,51-100 Moderate
2026-03-28 10:00:00,96.25849914550781,75.8200637350541,-20.438435410453707,20.438435410453707,51-100 Moderate
2026-03-28 11:00:00,101.57313537597656,76.95834036712283,-24.614795008853733,24.614795008853733,101-150 Unhealthy for Sensitive
2026-03-28 12:00:00,105.61222839355469,76.41350153836817,-29.19872685518652,29.19872685518652,101-150 Unhealthy for Sensitive
2026-03-28 13:00:00,106.88774871826172,74.91428162677265,-31.97346709148907,31.97346709148907,101-150 Unhealthy for Sensitive
2026-03-28 14:00:00,103.91156768798828,73.5985023357779,-30.313065352210387,30.313065352210387,101-150 Unhealthy for Sensitive
2026-03-28 15:00:00,96.4710693359375,73.08958574730386,-23.381483588633643,23.381483588633643,51-100 Moderate
2026-03-28 16:00:00,86.69217681884766,73.05528959809686,-13.636887220750793,13.636887220750793,51-100 Moderate
2026-03-28 17:00:00,76.70068359375,73.92248213250966,-2.778201461240343,2.778201461240343,51-100 Moderate
2026-03-28 18:00:00,69.15093994140625,76.68804981776411,7.53710987635786,7.53710987635786,51-100 Moderate
2026-03-28 19:00:00,69.3317642211914,80.43381145792767,11.102047236736269,11.102047236736269,51-100 Moderate
2026-03-28 20:00:00,69.50471496582031,83.1060586213452,13.601343655524886,13.601343655524886,51-100 Moderate
2026-03-28 21:00:00,69.72484588623047,83.80075164717364,14.075905760943172,14.075905760943172,51-100 Moderate
2026-03-28 22:00:00,70.039306640625,82.76339369557948,12.724087054954481,12.724087054954481,51-100 Moderate
2026-03-28 23:00:00,70.47169494628906,82.07906647738751,11.607371531098451,11.607371531098451,51-100 Moderate
2026-03-29 00:00:00,70.99056243896484,81.8662185749991,10.875656136034252,10.875656136034252,51-100 Moderate
2026-03-29 01:00:00,71.45440673828125,81.14939988814676,9.69499314986551,9.69499314986551,51-100 Moderate
2026-03-29 02:00:00,71.9496841430664,80.9154358142686,8.965751671202199,8.965751671202199,51-100 Moderate
2026-03-29 03:00:00,72.54717254638672,80.7541217169924,8.206949170605682,8.206949170605682,51-100 Moderate
2026-03-29 04:00:00,73.1446533203125,79.37953280382385,6.2348794835113495,6.2348794835113495,51-100 Moderate
2026-03-29 05:00:00,73.49842834472656,78.25695576754839,4.758527422821828,4.758527422821828,51-100 Moderate
2026-03-29 06:00:00,73.75786590576172,78.1029538420606,4.3450879362988815,4.3450879362988815,51-100 Moderate
2026-03-29 07:00:00,73.99371337890625,78.41339302604146,4.4196796471352116,4.4196796471352116,51-100 Moderate
2026-03-29 08:00:00,74.19025421142578,79.75433898903935,5.564084777613573,5.564084777613573,51-100 Moderate
2026-03-29 09:00:00,74.40251922607422,83.16095258676185,8.758433360687633,8.758433360687633,51-100 Moderate
2026-03-29 10:00:00,74.64622497558594,85.2493553595749,10.603130383988969,10.603130383988969,51-100 Moderate
2026-03-29 11:00:00,80.73979949951172,88.21822863507275,7.478429135561029,7.478429135561029,51-100 Moderate
2026-03-29 12:00:00,90.09353637695312,91.61878031187936,1.5252439349262374,1.5252439349262374,51-100 Moderate
2026-03-29 13:00:00,96.25849914550781,92.5973072952937,-3.6611918502141094,3.6611918502141094,51-100 Moderate
2026-03-29 14:00:00,97.10884094238281,91.29156030174312,-5.817280640639694,5.817280640639694,51-100 Moderate
2026-03-29 15:00:00,93.28231811523438,88.88388096999222,-4.398437145242156,4.398437145242156,51-100 Moderate
2026-03-29 16:00:00,86.90475463867188,86.91139567041078,0.006641031738908509,0.006641031738908509,51-100 Moderate
2026-03-29 17:00:00,78.61394500732422,84.69114734325609,6.077202335931872,6.077202335931872,51-100 Moderate
2026-03-29 18:00:00,77.1069107055664,82.10556664697964,4.998655941413233,4.998655941413233,51-100 Moderate
2026-03-29 19:00:00,77.64151000976562,81.75431599634707,4.112805986581449,4.112805986581449,51-100 Moderate
2026-03-29 20:00:00,78.1996841430664,80.82499796741013,2.6253138243437206,2.6253138243437206,51-100 Moderate
2026-03-29 21:00:00,78.56918334960938,81.19536602585136,2.6261826762419815,2.6261826762419815,51-100 Moderate
2026-03-29 22:00:00,78.67923736572266,81.42079953350003,2.7415621677773743,2.7415621677773743,51-100 Moderate
2026-03-29 23:00:00,78.55345916748047,81.08184477873256,2.528385611252091,2.528385611252091,51-100 Moderate
2026-03-30 00:00:00,78.27830505371094,77.78121527321296,-0.4970897804979728,0.4970897804979728,51-100 Moderate
2026-03-30 01:00:00,78.1839599609375,76.93826264579627,-1.2456973151412285,1.2456973151412285,51-100 Moderate
2026-03-30 02:00:00,77.99528503417969,77.13800721050903,-0.8572778236706569,0.8572778236706569,51-100 Moderate
2026-03-30 03:00:00,77.76730346679688,77.05530769024938,-0.7119957765474965,0.7119957765474965,51-100 Moderate
2026-03-30 04:00:00,77.57076263427734,76.75710159734466,-0.813661036932686,0.813661036932686,51-100 Moderate
2026-03-30 05:00:00,77.33490753173828,76.5936972723617,-0.7412102593765866,0.7412102593765866,51-100 Moderate
2026-03-30 06:00:00,77.06761169433594,77.20565708541919,0.13804539108325287,0.13804539108325287,51-100 Moderate
2026-03-30 07:00:00,76.7610092163086,78.94378948368673,2.182780267378135,2.182780267378135,51-100 Moderate
2026-03-30 08:00:00,76.4308090209961,80.2316423444063,3.8008333234102025,3.8008333234102025,51-100 Moderate
2026-03-30 09:00:00,76.00628662109375,82.25776436892014,6.251477747826385,6.251477747826385,51-100 Moderate
2026-03-30 10:00:00,75.5110092163086,84.83320722894278,9.322198012634189,9.322198012634189,51-100 Moderate
2026-03-30 11:00:00,80.31461334228516,86.36946670991922,6.054853367634067,6.054853367634067,51-100 Moderate
2026-03-30 12:00:00,86.90475463867188,86.9575018943633,0.05274725569142902,0.05274725569142902,51-100 Moderate
2026-03-30 13:00:00,87.54251861572266,87.2894064823486,-0.25311213337406,0.25311213337406,51-100 Moderate
2026-03-30 14:00:00,81.16495513916016,87.04346909992009,5.878513960759932,5.878513960759932,51-100 Moderate
2026-03-30 15:00:00,73.82862091064453,85.89523215350503,12.066611242860503,12.066611242860503,51-100 Moderate
2026-03-30 16:00:00,73.56918334960938,83.55495402154241,9.98577067193304,9.98577067193304,51-100 Moderate
2026-03-30 17:00:00,73.21540832519531,80.8708313948744,7.655423069679088,7.655423069679088,51-100 Moderate
2026-03-30 18:00:00,72.75157165527344,78.49773167629574,5.746160021022305,5.746160021022305,51-100 Moderate
2026-03-30 19:00:00,72.15408325195312,78.8565057551991,6.70242250324597,6.70242250324597,51-100 Moderate
2026-03-30 20:00:00,71.50157165527344,78.44690100706316,6.945329351789724,6.945329351789724,51-100 Moderate
2026-03-30 21:00:00,70.94339752197266,78.94145436969175,7.9980568477190985,7.9980568477190985,51-100 Moderate
2026-03-30 22:00:00,70.55030822753906,79.94272844262784,9.392420215088777,9.392420215088777,51-100 Moderate
2026-03-30 23:00:00,70.34591674804688,80.15292709126842,9.807010343221549,9.807010343221549,51-100 Moderate
2026-03-31 00:00:00,70.35377502441406,79.61906548254272,9.26529045812866,9.26529045812866,51-100 Moderate
2026-03-31 01:00:00,70.11006164550781,78.81423426413333,8.70417261862552,8.70417261862552,51-100 Moderate
2026-03-31 02:00:00,70.0,78.75683091634146,8.756830916341457,8.756830916341457,51-100 Moderate
2026-03-31 03:00:00,69.9371109008789,78.4520419476615,8.514931046782593,8.514931046782593,51-100 Moderate
2026-03-31 04:00:00,69.77201080322266,78.20112209756317,8.429111294340515,8.429111294340515,51-100 Moderate
2026-03-31 05:00:00,69.96855926513672,78.08668172543001,8.118122460293293,8.118122460293293,51-100 Moderate
2026-03-31 06:00:00,70.36164093017578,77.78606121431723,7.424420284141448,7.424420284141448,51-100 Moderate
2026-03-31 07:00:00,70.96697998046875,78.70060313473853,7.733623154269779,7.733623154269779,51-100 Moderate
2026-03-31 08:00:00,71.76886749267578,79.1468299694449,7.377962476769113,7.377962476769113,51-100 Moderate
2026-03-31 09:00:00,72.91667175292969,80.49977265108431,7.583100898154626,7.583100898154626,51-100 Moderate
2026-03-31 10:00:00,74.26887512207031,82.1747415094153,7.905866387344986,7.905866387344986,51-100 Moderate
2026-03-31 11:00:00,75.6839599609375,84.65305977706842,8.969099816130921,8.969099816130921,51-100 Moderate
2026-03-31 12:00:00,76.8710708618164,87.18947529656896,10.318404434752551,10.318404434752551,51-100 Moderate
2026-03-31 13:00:00,77.09906005859375,88.54425346189741,11.445193403303662,11.445193403303662,51-100 Moderate
2026-03-31 14:00:00,77.35063171386719,88.71321553701195,11.36258382314476,11.36258382314476,51-100 Moderate
2026-03-31 15:00:00,77.61006164550781,87.31588281301406,9.705821167506244,9.705821167506244,51-100 Moderate
2026-03-31 16:00:00,77.5,85.47503098470125,7.975030984701249,7.975030984701249,51-100 Moderate
2026-03-31 17:00:00,76.90251159667969,82.68440798229821,5.7818963856185235,5.7818963856185235,51-100 Moderate
2026-03-31 18:00:00,76.16352081298828,81.9581588602824,5.794638047294114,5.794638047294114,51-100 Moderate
2026-03-31 19:00:00,75.43238830566406,81.49344436890345,6.061056063239391,6.061056063239391,51-100 Moderate
2026-03-31 20:00:00,74.73270416259766,81.29006729597023,6.557363133372576,6.557363133372576,51-100 Moderate
2026-03-31 21:00:00,74.14307403564453,80.85677377582793,6.713699740183401,6.713699740183401,51-100 Moderate
2026-03-31 22:00:00,73.57704162597656,79.9935548026219,6.4165131766453385,6.4165131766453385,51-100 Moderate
2026-03-31 23:00:00,72.95597076416016,79.33862631624498,6.382655552084827,6.382655552084827,51-100 Moderate
2026-04-01 00:00:00,72.28773498535156,80.96799964079,8.680264655438435,8.680264655438435,51-100 Moderate
2026-04-01 01:00:00,71.96540832519531,80.52145560591329,8.556047280717976,8.556047280717976,51-100 Moderate
2026-04-01 02:00:00,71.71383666992188,80.6946017027502,8.98076503282833,8.98076503282833,51-100 Moderate
2026-04-01 03:00:00,71.46226501464844,80.69385228556477,9.231587270916336,9.231587270916336,51-100 Moderate
2026-04-01 04:00:00,71.17924499511719,79.59563582729147,8.416390832174287,8.416390832174287,51-100 Moderate
2026-04-01 05:00:00,70.55817413330078,79.62577072653748,9.0675965932367,9.0675965932367,51-100 Moderate
2026-04-01 06:00:00,69.63050079345703,80.1868846059433,10.556383812486274,10.556383812486274,51-100 Moderate
2026-04-01 07:00:00,68.45126342773438,80.58796833412,12.136704906385631,12.136704906385631,51-100 Moderate
2026-04-01 08:00:00,67.14622497558594,80.60034636428853,13.454121388702589,13.454121388702589,51-100 Moderate
2026-04-01 09:00:00,65.61321258544922,80.97662017982596,15.363407594376739,15.363407594376739,51-100 Moderate
2026-04-01 10:00:00,63.84434127807617,81.23315486642412,17.388813588347944,17.388813588347944,51-100 Moderate
2026-04-01 11:00:00,62.08333206176758,83.51611279617526,21.432780734407686,21.432780734407686,51-100 Moderate
2026-04-01 12:00:00,60.59748458862305,87.39628206374151,26.798797475118462,26.798797475118462,51-100 Moderate
2026-04-01 13:00:00,59.944969177246094,87.73924517227952,27.79427599503343,27.79427599503343,51-100 Moderate
2026-04-01 14:00:00,59.37893295288086,86.2665912803518,26.887658327470945,26.887658327470945,51-100 Moderate
2026-04-01 15:00:00,58.95440673828125,84.07089619534331,25.11648945706206,25.11648945706206,51-100 Moderate
2026-04-01 16:00:00,58.98585510253906,83.34066521435943,24.35481011182037,24.35481011182037,51-100 Moderate
2026-04-01 17:00:00,59.638370513916016,81.01546977457207,21.377099260656053,21.377099260656053,51-100 Moderate
2026-04-01 18:00:00,60.62893295288086,79.90238027497837,19.27344732209751,19.27344732209751,51-100 Moderate
2026-04-01 19:00:00,61.64308166503906,79.50526501330329,17.862183348264224,17.862183348264224,51-100 Moderate
2026-04-01 20:00:00,62.515724182128906,79.23120888451274,16.715484702383833,16.715484702383833,51-100 Moderate
2026-04-01 21:00:00,63.13679122924805,79.27117240913583,16.134381179887782,16.134381179887782,51-100 Moderate
2026-04-01 22:00:00,63.545597076416016,79.55044175077651,16.0048446743605,16.0048446743605,51-100 Moderate
2026-04-01 23:00:00,63.805030822753906,80.17059791914043,16.365567096386528,16.365567096386528,51-100 Moderate
2026-04-02 00:00:00,63.92295455932617,80.35000489180543,16.427050332479254,16.427050332479254,51-100 Moderate
2026-04-02 01:00:00,64.02515411376953,80.38534594118671,16.360191827417182,16.360191827417182,51-100 Moderate
2026-04-02 02:00:00,64.06446838378906,81.54603821712588,17.48156983333682,17.48156983333682,51-100 Moderate
2026-04-02 03:00:00,64.3396224975586,82.97412133553604,18.634498837977446,18.634498837977446,51-100 Moderate
2026-04-02 04:00:00,64.66981506347656,83.3977611860321,18.727946122555537,18.727946122555537,51-100 Moderate
2026-04-02 05:00:00,64.74842071533203,83.00876309159783,18.260342376265797,18.260342376265797,51-100 Moderate
2026-04-02 06:00:00,64.92137908935547,84.25413307846328,19.332753989107815,19.332753989107815,51-100 Moderate
2026-04-02 07:00:00,65.17295837402344,85.96806401120291,20.795105637179475,20.795105637179475,51-100 Moderate
2026-04-02 08:00:00,65.36949157714844,88.86114201649197,23.49165043934353,23.49165043934353,51-100 Moderate
2026-04-02 09:00:00,65.49528503417969,91.11503094357579,25.6197459093961,25.6197459093961,51-100 Moderate
2026-04-02 10:00:00,65.65251922607422,92.23283461986279,26.580315393788567,26.580315393788567,51-100 Moderate
2026-04-02 11:00:00,77.55101776123047,91.31562177727318,13.76460401604271,13.76460401604271,51-100 Moderate
2026-04-02 12:00:00,90.94388580322266,87.07723000981112,-3.866655793411539,3.866655793411539,51-100 Moderate
2026-04-02 13:00:00,98.38434600830078,85.85161001511189,-12.532735993188894,12.532735993188894,51-100 Moderate
2026-04-02 14:00:00,96.25849914550781,85.36403947416859,-10.89445967133922,10.89445967133922,51-100 Moderate
2026-04-02 15:00:00,85.84182739257812,81.63727960636295,-4.204547786215173,4.204547786215173,51-100 Moderate
2026-04-02 16:00:00,71.81121826171875,78.59170593703246,6.780487675313708,6.780487675313708,51-100 Moderate
2026-04-02 17:00:00,65.07862091064453,77.13272352964457,12.054102619000034,12.054102619000034,51-100 Moderate
2026-04-02 18:00:00,64.55975341796875,76.36491652802167,11.805163110052916,11.805163110052916,51-100 Moderate
2026-04-02 19:00:00,63.9622688293457,75.69411446090811,11.731845631562408,11.731845631562408,51-100 Moderate
2026-04-02 20:00:00,63.3962287902832,75.30576674349876,11.909537953215562,11.909537953215562,51-100 Moderate
2026-04-02 21:00:00,62.97169876098633,74.99580653214394,12.024107771157617,12.024107771157617,51-100 Moderate
2026-04-02 22:00:00,62.783016204833984,74.83906014018385,12.056043935349862,12.056043935349862,51-100 Moderate
2026-04-02 23:00:00,62.77515411376953,74.4400510162475,11.664896902477963,11.664896902477963,51-100 Moderate
2026-04-03 00:00:00,62.877357482910156,76.02511427239438,13.14775678948422,13.14775678948422,51-100 Moderate
2026-04-03 01:00:00,62.74371337890625,75.85485909125039,13.11114571234414,13.11114571234414,51-100 Moderate
2026-04-03 02:00:00,62.64151382446289,75.9652214254431,13.323707600980214,13.323707600980214,51-100 Moderate
2026-04-03 03:00:00,62.727989196777344,74.78334436086216,12.055355164084816,12.055355164084816,51-100 Moderate
2026-04-03 04:00:00,63.00314712524414,73.9858066314027,10.982659506158555,10.982659506158555,51-100 Moderate
2026-04-03 05:00:00,63.270442962646484,73.36417131231767,10.093728349671181,10.093728349671181,51-100 Moderate
2026-04-03 06:00:00,63.52988052368164,73.31237133142827,9.782490807746626,9.782490807746626,51-100 Moderate
2026-04-03 07:00:00,63.773582458496094,74.06976399116718,10.296181532671085,10.296181532671085,51-100 Moderate
2026-04-03 08:00:00,64.00157165527344,74.89325801363832,10.891686358364879,10.891686358364879,51-100 Moderate
2026-04-03 09:00:00,64.23741912841797,74.85150860090522,10.614089472487251,10.614089472487251,51-100 Moderate
2026-04-03 10:00:00,64.50471496582031,75.42906629783964,10.924351332019327,10.924351332019327,51-100 Moderate
2026-04-03 11:00:00,71.81121826171875,75.54193206729957,3.7307138055808196,3.7307138055808196,51-100 Moderate
2026-04-03 12:00:00,89.66837310791016,78.92448929604868,-10.74388381186148,10.74388381186148,51-100 Moderate
2026-04-03 13:00:00,101.36054992675781,78.57533159448141,-22.7852183322764,22.7852183322764,101-150 Unhealthy for Sensitive
2026-04-03 14:00:00,101.57313537597656,77.33629794814925,-24.23683742782731,24.23683742782731,101-150 Unhealthy for Sensitive
2026-04-03 15:00:00,91.15646362304688,76.72722880298527,-14.429234820061609,14.429234820061609,51-100 Moderate
2026-04-03 16:00:00,74.78740692138672,76.63432889591563,1.846921974528911,1.846921974528911,51-100 Moderate
2026-04-03 17:00:00,66.8160400390625,76.66304212975979,9.847002090697288,9.847002090697288,51-100 Moderate
2026-04-03 18:00:00,67.32704162597656,76.63785915956697,9.31081753359041,9.31081753359041,51-100 Moderate
2026-04-03 19:00:00,67.99528503417969,76.73395688096616,8.738671846786474,8.738671846786474,51-100 Moderate
2026-04-03 20:00:00,68.7735824584961,76.94008312351471,8.166500665018617,8.166500665018617,51-100 Moderate
2026-04-03 21:00:00,69.49685668945312,76.84293373766542,7.346077048212294,7.346077048212294,51-100 Moderate
2026-04-03 22:00:00,70.07862091064453,76.65731332064694,6.578692410002404,6.578692410002404,51-100 Moderate
2026-04-03 23:00:00,70.5424575805664,76.64023110348973,6.097773522923319,6.097773522923319,51-100 Moderate
2026-04-04 00:00:00,70.92766571044922,77.12597559256355,6.19830988211433,6.19830988211433,51-100 Moderate
2026-04-04 01:00:00,71.48584747314453,76.76097514697717,5.2751276738326425,5.2751276738326425,51-100 Moderate
2026-04-04 02:00:00,71.9889907836914,77.59137483239732,5.602384048705915,5.602384048705915,51-100 Moderate
2026-04-04 03:00:00,71.9968490600586,77.60906470889188,5.612215648833285,5.612215648833285,51-100 Moderate
2026-04-04 04:00:00,71.74528503417969,77.49034041599309,5.745055381813401,5.745055381813401,51-100 Moderate
2026-04-04 05:00:00,71.88678741455078,79.03840818392338,7.151620769372599,7.151620769372599,51-100 Moderate
2026-04-04 06:00:00,72.10691833496094,80.3623597356808,8.25544140071986,8.25544140071986,51-100 Moderate
2026-04-04 07:00:00,72.4842758178711,80.6100714292515,8.125795611380411,8.125795611380411,51-100 Moderate
2026-04-04 08:00:00,73.15251922607422,79.90828978206635,6.755770555992129,6.755770555992129,51-100 Moderate
2026-04-04 09:00:00,73.789306640625,79.21166656435216,5.422359923727157,5.422359923727157,51-100 Moderate
2026-04-04 10:00:00,74.4103775024414,79.35899005637579,4.948612553934382,4.948612553934382,51-100 Moderate
2026-04-04 11:00:00,74.9449691772461,83.23719138704473,8.292222209798638,8.292222209798638,51-100 Moderate
2026-04-04 12:00:00,75.36163330078125,84.50626203943901,9.144628738657758,9.144628738657758,51-100 Moderate
2026-04-04 13:00:00,75.59748840332031,84.9399999318244,9.34251152850409,9.34251152850409,51-100 Moderate
2026-04-04 14:00:00,75.65251922607422,83.95994029724748,8.307421071173266,8.307421071173266,51-100 Moderate
2026-04-04 15:00:00,75.51101684570312,81.51861475033824,6.007597904635119,6.007597904635119,51-100 Moderate
2026-04-04 16:00:00,75.26730346679688,78.83259611141902,3.565292644622147,3.565292644622147,51-100 Moderate
2026-04-04 17:00:00,74.8978042602539,77.98996529452333,3.0921610342694237,3.0921610342694237,51-100 Moderate
2026-04-04 18:00:00,74.37107849121094,77.2722965707397,2.9012180795287605,2.9012180795287605,51-100 Moderate
2026-04-04 19:00:00,73.6871109008789,75.75776728614616,2.070656385267256,2.070656385267256,51-100 Moderate
2026-04-04 20:00:00,72.94811248779297,75.6643193591397,2.716206871346728,2.716206871346728,51-100 Moderate
2026-04-04 21:00:00,72.25629425048828,76.27085199883153,4.01455774834325,4.01455774834325,51-100 Moderate
2026-04-04 22:00:00,71.61949920654297,76.85223119718655,5.232731990643586,5.232731990643586,51-100 Moderate
2026-04-04 23:00:00,71.02987670898438,77.2798694683987,6.249992759414326,6.249992759414326,51-100 Moderate
2026-04-05 00:00:00,70.4874267578125,77.52673145750474,7.039304699692238,7.039304699692238,51-100 Moderate
2026-04-05 01:00:00,70.01573181152344,76.61742523032207,6.601693418798632,6.601693418798632,51-100 Moderate
2026-04-05 02:00:00,69.52830505371094,77.77536481459322,8.24705976088228,8.24705976088228,51-100 Moderate
2026-04-05 03:00:00,69.00157165527344,78.20377732499004,9.202205669716605,9.202205669716605,51-100 Moderate
2026-04-05 04:00:00,68.7657241821289,78.49957179788639,9.733847615757483,9.733847615757483,51-100 Moderate
2026-04-05 05:00:00,68.8836441040039,79.11716214197935,10.233518037975443,10.233518037975443,51-100 Moderate
2026-04-05 06:00:00,69.15880584716797,79.8195441094797,10.660738262311725,10.660738262311725,51-100 Moderate
2026-04-05 07:00:00,69.33175659179688,80.26544605053373,10.93368945873685,10.93368945873685,51-100 Moderate
2026-04-05 08:00:00,69.4339599609375,80.25194982986986,10.817989868932358,10.817989868932358,51-100 Moderate
2026-04-05 09:00:00,69.79559326171875,80.3015740948519,10.505980833133151,10.505980833133151,51-100 Moderate
2026-04-05 10:00:00,70.34591674804688,81.24061228699998,10.894695538953101,10.894695538953101,51-100 Moderate
2026-04-05 11:00:00,71.06918334960938,83.77424059575844,12.705057246149067,12.705057246149067,51-100 Moderate
2026-04-05 12:00:00,79.03911590576172,90.49228686762977,11.453170961868054,11.453170961868054,51-100 Moderate
2026-04-05 13:00:00,86.69217681884766,91.76359234913983,5.071415530292171,5.071415530292171,51-100 Moderate
2026-04-05 14:00:00,86.69217681884766,91.04788814191478,4.355711323067126,4.355711323067126,51-100 Moderate
2026-04-05 15:00:00,78.82652282714844,88.42881587485297,9.602293047704535,9.602293047704535,51-100 Moderate
2026-04-05 16:00:00,74.07232666015625,84.426091652455,10.35376499229875,10.35376499229875,51-100 Moderate
2026-04-05 17:00:00,74.6069107055664,83.57263309206647,8.965722386500062,8.965722386500062,51-100 Moderate
2026-04-05 18:00:00,75.14151000976562,84.53399141019501,9.39248140042939,9.39248140042939,51-100 Moderate
2026-04-05 19:00:00,75.66036987304688,83.63078417419051,7.970414301143634,7.970414301143634,51-100 Moderate
2026-04-05 20:00:00,76.16352081298828,83.56675380048873,7.403232987500445,7.403232987500445,51-100 Moderate
2026-04-05 21:00:00,76.67452239990234,83.64248513538683,6.967962735484491,6.967962735484491,51-100 Moderate
2026-04-05 22:00:00,77.20125579833984,84.04774875667692,6.84649295833708,6.84649295833708,51-100 Moderate
2026-04-05 23:00:00,77.75157928466797,84.62772709628189,6.876147811613919,6.876147811613919,51-100 Moderate
2026-04-06 00:00:00,78.30975341796875,82.57160480703676,4.261851389068013,4.261851389068013,51-100 Moderate
2026-04-06 01:00:00,78.7735824584961,83.03457299964418,4.2609905411480895,4.2609905411480895,51-100 Moderate
2026-04-06 02:00:00,79.2374267578125,83.23807696356268,4.000650205750176,4.000650205750176,51-100 Moderate
2026-04-06 03:00:00,79.7484359741211,83.02033377055548,3.271897796434388,3.271897796434388,51-100 Moderate
2026-04-06 04:00:00,80.0550308227539,83.30386663415396,3.248835811400056,3.248835811400056,51-100 Moderate
2026-04-06 05:00:00,80.23584747314453,83.6277588925433,3.3919114193987667,3.3919114193987667,51-100 Moderate
2026-04-06 06:00:00,80.62106323242188,85.40750319228678,4.786439959864907,4.786439959864907,51-100 Moderate
2026-04-06 07:00:00,81.39938354492188,88.19941976716673,6.800036222244856,6.800036222244856,51-100 Moderate
2026-04-06 08:00:00,95.6207504272461,88.27117486275993,-7.349575564486159,7.349575564486159,51-100 Moderate
2026-04-06 09:00:00,113.26529693603516,87.83413111636554,-25.431165819669616,25.431165819669616,101-150 Unhealthy for Sensitive
2026-04-06 10:00:00,132.6105499267578,86.99466009365212,-45.6158898331057,45.6158898331057,101-150 Unhealthy for Sensitive
2026-04-06 11:00:00,150.03189086914062,86.86549900789726,-63.16639186124337,63.16639186124337,151-200 Unhealthy
2026-04-06 12:00:00,159.27932739257812,87.65789414713952,-71.62143324543861,71.62143324543861,151-200 Unhealthy
2026-04-06 13:00:00,161.0331573486328,87.48419553837984,-73.54896181025298,73.54896181025298,151-200 Unhealthy
2026-04-06 14:00:00,156.88775634765625,86.75257757762404,-70.13517877003221,70.13517877003221,151-200 Unhealthy
2026-04-06 15:00:00,144.5153045654297,85.01446545502762,-59.50083911040207,59.50083911040207,101-150 Unhealthy for Sensitive
2026-04-06 16:00:00,122.40645599365234,82.64322819134794,-39.7632278023044,39.7632278023044,101-150 Unhealthy for Sensitive
2026-04-06 17:00:00,96.04591369628906,81.33711144250134,-14.708802253787724,14.708802253787724,51-100 Moderate
2026-04-06 18:00:00,88.710693359375,81.08180387401886,-7.62888948535614,7.62888948535614,51-100 Moderate
2026-04-06 19:00:00,89.59120178222656,80.81722879695594,-8.773972985270618,8.773972985270618,51-100 Moderate
2026-04-06 20:00:00,90.59749603271484,80.72645734609061,-9.871038686624232,9.871038686624232,51-100 Moderate
2026-04-06 21:00:00,91.88679504394531,80.68778824482307,-11.199006799122245,11.199006799122245,51-100 Moderate
2026-04-06 22:00:00,93.40409088134766,80.69595693067865,-12.708133950669009,12.708133950669009,51-100 Moderate
2026-04-06 23:00:00,94.882080078125,81.04170401994168,-13.840376058183324,13.840376058183324,51-100 Moderate
2026-04-07 00:00:00,96.32862854003906,82.37523941222874,-13.953389127810325,13.953389127810325,51-100 Moderate
2026-04-07 01:00:00,98.0660400390625,82.58339724874038,-15.482642790322117,15.482642790322117,51-100 Moderate
2026-04-07 02:00:00,100.39584350585938,83.28874178190736,-17.107101723952013,17.107101723952013,101-150 Unhealthy for Sensitive
2026-04-07 03:00:00,104.01041412353516,84.85997951503819,-19.150434608496965,19.150434608496965,101-150 Unhealthy for Sensitive
2026-04-07 04:00:00,106.14583587646484,85.32948855334627,-20.816347323118578,20.816347323118578,101-150 Unhealthy for Sensitive
2026-04-07 05:00:00,107.9375,85.74917329412389,-22.188326705876108,22.188326705876108,101-150 Unhealthy for Sensitive
2026-04-07 06:00:00,109.45832824707031,86.16268489883969,-23.295643348230627,23.295643348230627,101-150 Unhealthy for Sensitive
2026-04-07 07:00:00,110.64584350585938,86.80480648342365,-23.841037022435728,23.841037022435728,101-150 Unhealthy for Sensitive
2026-04-07 08:00:00,111.34374237060547,89.11805255504993,-22.22568981555554,22.22568981555554,101-150 Unhealthy for Sensitive
2026-04-07 09:00:00,111.52083587646484,91.1023504259247,-20.418485450540146,20.418485450540146,101-150 Unhealthy for Sensitive
2026-04-07 10:00:00,113.69047546386719,92.05849819484128,-21.63197726902591,21.63197726902591,101-150 Unhealthy for Sensitive
2026-04-07 11:00:00,138.1377410888672,93.34393520777012,-44.79380588109707,44.79380588109707,101-150 Unhealthy for Sensitive
2026-04-07 12:00:00,154.01785278320312,96.60888785039677,-57.408964932806356,57.408964932806356,151-200 Unhealthy
2026-04-07 13:00:00,158.16326904296875,96.00224042999442,-62.161028612974334,62.161028612974334,151-200 Unhealthy
2026-04-07 14:00:00,154.33673095703125,92.8608450288234,-61.475885928207845,61.475885928207845,151-200 Unhealthy
2026-04-07 15:00:00,140.47618103027344,89.2759260115357,-51.200255018737735,51.200255018737735,101-150 Unhealthy for Sensitive
2026-04-07 16:00:00,118.79251861572266,87.98938455680907,-30.803134058913585,30.803134058913585,101-150 Unhealthy for Sensitive
2026-04-07 17:00:00,112.13542175292969,87.35074812998673,-24.78467362294296,24.78467362294296,101-150 Unhealthy for Sensitive
2026-04-07 18:00:00,112.40625,86.31682633097674,-26.08942366902326,26.08942366902326,101-150 Unhealthy for Sensitive
2026-04-07 19:00:00,112.48957824707031,85.9475795880008,-26.541998659069506,26.541998659069506,101-150 Unhealthy for Sensitive
2026-04-07 20:00:00,112.38542938232422,85.79550035665088,-26.589929025673342,26.589929025673342,101-150 Unhealthy for Sensitive
2026-04-07 21:00:00,111.89583587646484,85.77093079789431,-26.124905078570535,26.124905078570535,101-150 Unhealthy for Sensitive
2026-04-07 22:00:00,111.05208587646484,85.72224466997446,-25.329841206490386,25.329841206490386,101-150 Unhealthy for Sensitive
2026-04-07 23:00:00,110.18750762939453,85.88764060509598,-24.29986702429855,24.29986702429855,101-150 Unhealthy for Sensitive
2026-04-08 00:00:00,109.30207824707031,86.11461745211612,-23.18746079495419,23.18746079495419,101-150 Unhealthy for Sensitive
2026-04-08 01:00:00,108.09375,85.61811433248519,-22.47563566751481,22.47563566751481,101-150 Unhealthy for Sensitive
2026-04-08 02:00:00,106.125,85.74911285455356,-20.37588714544644,20.37588714544644,101-150 Unhealthy for Sensitive
2026-04-08 03:00:00,103.55209350585938,85.0498864596104,-18.50220704624897,18.50220704624897,101-150 Unhealthy for Sensitive
2026-04-08 04:00:00,102.79166412353516,85.5175616765944,-17.27410244694076,17.27410244694076,101-150 Unhealthy for Sensitive
2026-04-08 05:00:00,101.92709350585938,88.44621478124283,-13.480878724616545,13.480878724616545,101-150 Unhealthy for Sensitive
2026-04-08 06:00:00,100.60417938232422,92.74343116168409,-7.860748220640133,7.860748220640133,101-150 Unhealthy for Sensitive
2026-04-08 07:00:00,99.22956848144531,96.42785647561298,-2.8017120058323286,2.8017120058323286,51-100 Moderate
2026-04-08 08:00:00,97.79087829589844,102.05370449269708,4.262826196798642,4.262826196798642,51-100 Moderate
2026-04-08 09:00:00,96.52515411376953,104.25243350732893,7.7272793935593995,7.7272793935593995,51-100 Moderate
2026-04-08 10:00:00,95.46383666992188,105.89777377728846,10.433937107366589,10.433937107366589,51-100 Moderate
2026-04-08 11:00:00,117.94217681884766,107.95965813711035,-9.982518681737304,9.982518681737304,101-150 Unhealthy for Sensitive
2026-04-08 12:00:00,137.5,108.19025055647354,-29.309749443526457,29.309749443526457,101-150 Unhealthy for Sensitive
2026-04-08 13:00:00,149.8299102783203,109.15517093399558,-40.674739344324735,40.674739344324735,101-150 Unhealthy for Sensitive
2026-04-08 14:00:00,148.7670135498047,106.83271427208838,-41.934299277716306,41.934299277716306,101-150 Unhealthy for Sensitive
2026-04-08 15:00:00,134.5238037109375,102.27495178832545,-32.24885192261205,32.24885192261205,101-150 Unhealthy for Sensitive
2026-04-08 16:00:00,112.41495513916016,96.50456201289815,-15.910393126262008,15.910393126262008,101-150 Unhealthy for Sensitive
2026-04-08 17:00:00,92.26415252685547,91.37633005434029,-0.8878224725151824,0.8878224725151824,51-100 Moderate
2026-04-08 18:00:00,91.92610168457031,91.48817088372712,-0.4379308008431906,0.4379308008431906,51-100 Moderate
2026-04-08 19:00:00,91.6823959350586,90.04679312126254,-1.635602813796055,1.635602813796055,51-100 Moderate
2026-04-08 20:00:00,91.39151000976562,89.77337368458352,-1.6181363251821068,1.6181363251821068,51-100 Moderate
2026-04-08 21:00:00,90.95912170410156,90.52159478069122,-0.4375269234103456,0.4375269234103456,51-100 Moderate
2026-04-08 22:00:00,90.44024658203125,90.25790985197123,-0.18233673006001538,0.18233673006001538,51-100 Moderate
2026-04-08 23:00:00,89.88994598388672,89.98647500021843,0.09652901633171496,0.09652901633171496,51-100 Moderate
2026-04-09 00:00:00,89.32389831542969,91.97373098728738,2.6498326718576948,2.6498326718576948,51-100 Moderate
2026-04-09 01:00:00,88.73428344726562,94.2653787982578,5.5310953509921745,5.5310953509921745,51-100 Moderate
2026-04-09 02:00:00,88.26258087158203,97.10816787114669,8.84558699956466,8.84558699956466,51-100 Moderate
2026-04-09 03:00:00,87.8302001953125,92.15304055182735,4.322840356514845,4.322840356514845,51-100 Moderate
2026-04-09 04:00:00,87.3978042602539,92.48647045518334,5.088666194929431,5.088666194929431,51-100 Moderate
2026-04-09 05:00:00,87.54717254638672,95.07694211626979,7.529769569883072,7.529769569883072,51-100 Moderate
2026-04-09 06:00:00,88.29402923583984,97.52632348612812,9.232294250288277,9.232294250288277,51-100 Moderate
2026-04-09 07:00:00,89.44182586669922,98.15512991337518,8.713304046675958,8.713304046675958,51-100 Moderate
2026-04-09 08:00:00,91.02201843261719,98.48222978613794,7.460211353520748,7.460211353520748,51-100 Moderate
2026-04-09 09:00:00,92.81446838378906,98.29525015439025,5.480781770601183,5.480781770601183,51-100 Moderate
2026-04-09 10:00:00,94.75628662109375,100.72981589720683,5.973529276113084,5.973529276113084,51-100 Moderate
2026-04-09 11:00:00,96.9103775024414,107.62197963906644,10.711602136625032,10.711602136625032,51-100 Moderate
2026-04-09 12:00:00,99.24528503417969,110.2634391793149,11.018154145135213,11.018154145135213,51-100 Moderate
2026-04-09 13:00:00,100.46875762939453,110.89103458129485,10.422276951900315,10.422276951900315,101-150 Unhealthy for Sensitive
2026-04-09 14:00:00,102.04167175292969,110.71789174080212,8.676219987872429,8.676219987872429,101-150 Unhealthy for Sensitive
2026-04-09 15:00:00,103.61459350585938,106.91813585102048,3.3035423451611052,3.3035423451611052,101-150 Unhealthy for Sensitive
2026-04-09 16:00:00,105.07291412353516,99.82568285609936,-5.247231267435794,5.247231267435794,101-150 Unhealthy for Sensitive
2026-04-09 17:00:00,106.375,97.51847790158823,-8.856522098411773,8.856522098411773,101-150 Unhealthy for Sensitive
2026-04-09 18:00:00,107.38542175292969,95.8209196483175,-11.564502104612188,11.564502104612188,101-150 Unhealthy for Sensitive
2026-04-09 19:00:00,108.11458587646484,93.88158858080055,-14.23299729566429,14.23299729566429,101-150 Unhealthy for Sensitive
2026-04-09 20:00:00,108.67708587646484,92.92183099480617,-15.755254881658672,15.755254881658672,101-150 Unhealthy for Sensitive
2026-04-09 21:00:00,109.14584350585938,91.96342818106234,-17.182415324797034,17.182415324797034,101-150 Unhealthy for Sensitive
2026-04-09 22:00:00,109.60417938232422,91.78639534276837,-17.817784039555846,17.817784039555846,101-150 Unhealthy for Sensitive
2026-04-09 23:00:00,110.15626525878906,91.93664506920817,-18.219620189580894,18.219620189580894,101-150 Unhealthy for Sensitive
2026-04-10 00:00:00,110.83333587646484,91.54221251781391,-19.291123358650935,19.291123358650935,101-150 Unhealthy for Sensitive
2026-04-10 01:00:00,111.55208587646484,90.38280994959497,-21.169275926869872,21.169275926869872,101-150 Unhealthy for Sensitive
2026-04-10 02:00:00,112.32291412353516,89.45772869966959,-22.86518542386557,22.86518542386557,101-150 Unhealthy for Sensitive
2026-04-10 03:00:00,113.42707824707031,90.36773219292819,-23.059346054142125,23.059346054142125,101-150 Unhealthy for Sensitive
2026-04-10 04:00:00,114.48957824707031,91.17419338667953,-23.31538486039078,23.31538486039078,101-150 Unhealthy for Sensitive
2026-04-10 05:00:00,115.14582824707031,90.75670738903345,-24.38912085803686,24.38912085803686,101-150 Unhealthy for Sensitive
2026-04-10 06:00:00,115.65623474121094,91.2174044016224,-24.438830339588534,24.438830339588534,101-150 Unhealthy for Sensitive
2026-04-10 07:00:00,115.67707061767578,90.5095958564945,-25.167474761181282,25.167474761181282,101-150 Unhealthy for Sensitive
2026-04-10 08:00:00,115.17708587646484,90.7519760006896,-24.42510987577525,24.42510987577525,101-150 Unhealthy for Sensitive
2026-04-10 09:00:00,114.23957061767578,91.74304362982089,-22.496526987854892,22.496526987854892,101-150 Unhealthy for Sensitive
2026-04-10 10:00:00,113.0625,92.72843261759544,-20.334067382404555,20.334067382404555,101-150 Unhealthy for Sensitive
2026-04-10 11:00:00,111.75000762939453,101.78757248418101,-9.962435145213519,9.962435145213519,101-150 Unhealthy for Sensitive
2026-04-10 12:00:00,119.6428451538086,108.11453355910108,-11.528311594707517,11.528311594707517,101-150 Unhealthy for Sensitive
2026-04-10 13:00:00,140.47618103027344,110.56637913117856,-29.909801899094873,29.909801899094873,101-150 Unhealthy for Sensitive
2026-04-10 14:00:00,147.70408630371094,109.0621430794953,-38.64194322421564,38.64194322421564,101-150 Unhealthy for Sensitive
2026-04-10 15:00:00,140.68878173828125,103.39837859453829,-37.290403143742964,37.290403143742964,101-150 Unhealthy for Sensitive
2026-04-10 16:00:00,123.25677490234375,96.7430034475973,-26.513771454746447,26.513771454746447,101-150 Unhealthy for Sensitive
2026-04-10 17:00:00,106.80209350585938,92.28372717959375,-14.518366326265621,14.518366326265621,101-150 Unhealthy for Sensitive
2026-04-10 18:00:00,106.04167175292969,92.91140253216764,-13.130269220762045,13.130269220762045,101-150 Unhealthy for Sensitive
2026-04-10 19:00:00,105.52083587646484,89.90794136175516,-15.61289451470968,15.61289451470968,101-150 Unhealthy for Sensitive
2026-04-10 20:00:00,105.29167938232422,88.58371379205025,-16.70796559027397,16.70796559027397,101-150 Unhealthy for Sensitive
2026-04-10 21:00:00,105.25,87.77219446342208,-17.477805536577918,17.477805536577918,101-150 Unhealthy for Sensitive
2026-04-10 22:00:00,105.08334350585938,87.13719261315643,-17.946150892702946,17.946150892702946,101-150 Unhealthy for Sensitive
2026-04-10 23:00:00,104.51042938232422,87.01740461620737,-17.493024766116847,17.493024766116847,101-150 Unhealthy for Sensitive
2026-04-11 00:00:00,103.58332061767578,87.40586621903334,-16.17745439864244,16.17745439864244,101-150 Unhealthy for Sensitive
2026-04-11 01:00:00,102.58333587646484,87.83763802965835,-14.745697846806493,14.745697846806493,101-150 Unhealthy for Sensitive
2026-04-11 02:00:00,101.4375,88.9810226408385,-12.456477359161497,12.456477359161497,101-150 Unhealthy for Sensitive
2026-04-11 03:00:00,99.9764175415039,90.45168556199168,-9.524731979512225,9.524731979512225,51-100 Moderate
2026-04-11 04:00:00,98.75785064697266,91.8070662640248,-6.950784382947859,6.950784382947859,51-100 Moderate
2026-04-11 05:00:00,97.68081665039062,94.7668241718665,-2.913992478524122,2.913992478524122,51-100 Moderate
2026-04-11 06:00:00,96.70597839355469,97.8898140674887,1.1838356739340128,1.1838356739340128,51-100 Moderate
2026-04-11 07:00:00,96.37578582763672,99.89365616639685,3.517870338760133,3.517870338760133,51-100 Moderate
2026-04-11 08:00:00,96.68238830566406,101.95342230962426,5.271034003960196,5.271034003960196,51-100 Moderate
2026-04-11 09:00:00,97.31918334960938,104.27515825652426,6.955974906914889,6.955974906914889,51-100 Moderate
2026-04-11 10:00:00,97.92452239990234,106.92151935460586,8.99699695470352,8.99699695470352,51-100 Moderate
2026-04-11 11:00:00,98.1446533203125,112.05719636644741,13.912543046134914,13.912543046134914,51-100 Moderate
2026-04-11 12:00:00,97.73584747314453,111.41720833484118,13.681360861696646,13.681360861696646,51-100 Moderate
2026-04-11 13:00:00,96.93395233154297,112.23612780907798,15.302175477535016,15.302175477535016,51-100 Moderate
2026-04-11 14:00:00,96.04560089111328,112.27549206875452,16.229891177641235,16.229891177641235,51-100 Moderate
2026-04-11 15:00:00,95.14936828613281,109.81378046784774,14.664412181714923,14.664412181714923,51-100 Moderate
2026-04-11 16:00:00,94.34748840332031,105.42164164756275,11.074153244242439,11.074153244242439,51-100 Moderate
2026-04-11 17:00:00,93.38050842285156,101.40669231207173,8.026183889220164,8.026183889220164,51-100 Moderate
2026-04-11 18:00:00,92.15408325195312,99.95053014570946,7.79644689375634,7.79644689375634,51-100 Moderate
2026-04-11 19:00:00,90.73113250732422,98.67605018552945,7.944917678205229,7.944917678205229,51-100 Moderate
2026-04-11 20:00:00,89.20597076416016,97.39978894865425,8.193818184494091,8.193818184494091,51-100 Moderate
2026-04-11 21:00:00,87.68867492675781,96.6598706332703,8.97119570651249,8.97119570651249,51-100 Moderate
2026-04-11 22:00:00,86.3443374633789,96.68103679317761,10.336699329798705,10.336699329798705,51-100 Moderate
2026-04-11 23:00:00,85.33018493652344,96.95030150356723,11.620116567043794,11.620116567043794,51-100 Moderate
2026-04-12 00:00:00,84.57546997070312,97.01647349308466,12.441003522381536,12.441003522381536,51-100 Moderate
2026-04-12 01:00:00,84.04873657226562,95.55947067898767,11.51073410672204,11.51073410672204,51-100 Moderate
2026-04-12 02:00:00,83.60848999023438,95.65171479656378,12.043224806329405,12.043224806329405,51-100 Moderate
2026-04-12 03:00:00,83.1839599609375,94.38901747223875,11.205057511301248,11.205057511301248,51-100 Moderate
2026-04-12 04:00:00,83.0424575805664,95.38484158706149,12.342384006495081,12.342384006495081,51-100 Moderate
2026-04-12 05:00:00,83.41981506347656,98.83670250944763,15.41688744597107,15.41688744597107,51-100 Moderate
2026-04-12 06:00:00,84.2610092163086,101.21528938796315,16.95428017165456,16.95428017165456,51-100 Moderate
2026-04-12 07:00:00,85.25157928466797,102.4302728419647,17.178693557296725,17.178693557296725,51-100 Moderate
2026-04-12 08:00:00,86.25000762939453,103.02423335193723,16.774225722542695,16.774225722542695,51-100 Moderate
2026-04-12 09:00:00,87.2877426147461,102.18398936635548,14.896246751609382,14.896246751609382,51-100 Moderate
2026-04-12 10:00:00,88.41194915771484,101.846256793071,13.434307635356163,13.434307635356163,51-100 Moderate
2026-04-12 11:00:00,89.66981506347656,105.68717396982774,16.017358906351177,16.017358906351177,51-100 Moderate
2026-04-12 12:00:00,90.79402923583984,108.70779193765802,17.91376270181817,17.91376270181817,51-100 Moderate
2026-04-12 13:00:00,92.04402923583984,113.13759016800654,21.093560932166696,21.093560932166696,51-100 Moderate
2026-04-12 14:00:00,92.57075500488281,111.10135331840914,18.530598313526326,18.530598313526326,51-100 Moderate
2026-04-12 15:00:00,92.68868255615234,105.88526182767114,13.1965792715188,13.1965792715188,51-100 Moderate
2026-04-12 16:00:00,92.73584747314453,99.64679046293398,6.910942989789447,6.910942989789447,51-100 Moderate
2026-04-12 17:00:00,92.97956085205078,96.23507186470209,3.2555110126513114,3.2555110126513114,51-100 Moderate
2026-04-12 18:00:00,93.51415252685547,97.52144414270185,4.007291615846384,4.007291615846384,51-100 Moderate
2026-04-12 19:00:00,94.2924575805664,96.05623026870373,1.7637726881373226,1.7637726881373226,51-100 Moderate
2026-04-12 20:00:00,95.24371337890625,95.12083167268521,-0.12288170622103678,0.12288170622103678,51-100 Moderate
2026-04-12 21:00:00,96.29716491699219,92.95502305779861,-3.3421418591935748,3.3421418591935748,51-100 Moderate
2026-04-12 22:00:00,97.3584976196289,89.70096013874388,-7.657537480885026,7.657537480885026,51-100 Moderate
2026-04-12 23:00:00,98.34906005859375,87.47188397910001,-10.877176079493736,10.877176079493736,51-100 Moderate
2026-04-13 00:00:00,99.2531509399414,84.02345646194563,-15.229694477995778,15.229694477995778,51-100 Moderate
2026-04-13 01:00:00,99.90565490722656,83.72305515128713,-16.182599755939435,16.182599755939435,51-100 Moderate
2026-04-13 02:00:00,100.85417175292969,83.9076730726236,-16.946498680306092,16.946498680306092,101-150 Unhealthy for Sensitive
2026-04-13 03:00:00,102.21875,84.13778242824775,-18.080967571752254,18.080967571752254,101-150 Unhealthy for Sensitive
2026-04-13 04:00:00,103.02083587646484,83.99436194755785,-19.026473928906995,19.026473928906995,101-150 Unhealthy for Sensitive
2026-04-13 05:00:00,102.8021011352539,85.37307810322505,-17.42902303202885,17.42902303202885,101-150 Unhealthy for Sensitive
2026-04-13 06:00:00,101.68751525878906,89.90295178729248,-11.784563471496583,11.784563471496583,101-150 Unhealthy for Sensitive
2026-04-13 07:00:00,99.94497680664062,92.30896742207794,-7.6360093845626835,7.6360093845626835,51-100 Moderate
2026-04-13 08:00:00,98.34906768798828,93.10515517425053,-5.2439125137377545,5.2439125137377545,51-100 Moderate
2026-04-13 09:00:00,96.54875183105469,92.42082155990364,-4.127930271151044,4.127930271151044,51-100 Moderate
2026-04-13 10:00:00,94.6305160522461,90.95860940217794,-3.671906650068152,3.671906650068152,51-100 Moderate
2026-04-13 11:00:00,118.79251861572266,90.232877677898,-28.559640937824653,28.559640937824653,101-150 Unhealthy for Sensitive
2026-04-13 12:00:00,138.9880828857422,88.60077394560422,-50.38730894013797,50.38730894013797,101-150 Unhealthy for Sensitive
2026-04-13 13:00:00,148.12924194335938,90.09874404937375,-58.030497893985626,58.030497893985626,101-150 Unhealthy for Sensitive
2026-04-13 14:00:00,145.15304565429688,91.03175687581357,-54.121288778483304,54.121288778483304,101-150 Unhealthy for Sensitive
2026-04-13 15:00:00,130.69728088378906,89.63863636981625,-41.05864451397281,41.05864451397281,101-150 Unhealthy for Sensitive
2026-04-13 16:00:00,108.16324615478516,86.39757418429265,-21.765671970492505,21.765671970492505,101-150 Unhealthy for Sensitive
2026-04-13 17:00:00,89.81918334960938,83.26862797345323,-6.55055537615614,6.55055537615614,51-100 Moderate
2026-04-13 18:00:00,89.5676040649414,82.22708805763452,-7.3405160073068885,7.3405160073068885,51-100 Moderate
2026-04-13 19:00:00,89.12736511230469,81.31351723309068,-7.813847879214009,7.813847879214009,51-100 Moderate
2026-04-13 20:00:00,88.52201080322266,80.30815686565441,-8.213853937568246,8.213853937568246,51-100 Moderate
2026-04-13 21:00:00,87.79087829589844,80.15488402687512,-7.635994269023314,7.635994269023314,51-100 Moderate
2026-04-13 22:00:00,86.97327423095703,80.91919430903181,-6.054079921925222,6.054079921925222,51-100 Moderate
2026-04-13 23:00:00,86.0770492553711,81.49314401187576,-4.583905243495337,4.583905243495337,51-100 Moderate
2026-04-14 00:00:00,85.14936828613281,83.41153092938119,-1.7378373567516263,1.7378373567516263,51-100 Moderate
2026-04-14 01:00:00,84.22955322265625,82.87479735303003,-1.3547558696262172,1.3547558696262172,51-100 Moderate
2026-04-14 02:00:00,83.1839599609375,82.80125359646385,-0.38270636447364836,0.38270636447364836,51-100 Moderate
2026-04-14 03:00:00,81.77672576904297,83.77910571926026,2.002379950217289,2.002379950217289,51-100 Moderate
2026-04-14 04:00:00,80.51100158691406,88.80720724221352,8.29620565529946,8.29620565529946,51-100 Moderate
2026-04-14 05:00:00,79.32389068603516,94.31046746963342,14.986576783598267,14.986576783598267,51-100 Moderate
2026-04-14 06:00:00,77.92452239990234,99.09929495960719,21.17477255970485,21.17477255970485,51-100 Moderate
2026-04-14 07:00:00,76.18710327148438,100.80861312734098,24.6215098558566,24.6215098558566,51-100 Moderate
2026-04-14 08:00:00,74.18238830566406,101.00535416765504,26.82296586199098,26.82296586199098,51-100 Moderate
2026-04-14 09:00:00,73.51190185546875,101.06721814948729,27.55531629401854,27.55531629401854,51-100 Moderate
2026-04-14 10:00:00,80.73979949951172,101.10947139718685,20.369671897675133,20.369671897675133,51-100 Moderate
2026-04-14 11:00:00,87.7551040649414,98.98384978259196,11.228745717650554,11.228745717650554,51-100 Moderate
2026-04-14 12:00:00,93.06970977783203,98.27175335675672,5.2020435789246875,5.2020435789246875,51-100 Moderate
2026-04-14 13:00:00,94.55782318115234,95.78308928755227,1.2252661063999284,1.2252661063999284,51-100 Moderate
2026-04-14 14:00:00,89.66837310791016,93.89261103522797,4.224237927317816,4.224237927317816,51-100 Moderate
2026-04-14 15:00:00,78.18876647949219,92.3998941603899,14.211127680897718,14.211127680897718,51-100 Moderate
2026-04-14 16:00:00,66.55660247802734,91.93288919671939,25.376286718692043,25.376286718692043,51-100 Moderate
2026-04-14 17:00:00,67.0676040649414,92.0598540656323,24.992250000690888,24.992250000690888,51-100 Moderate
2026-04-14 18:00:00,67.80660247802734,92.8102689550456,25.003666477018257,25.003666477018257,51-100 Moderate
2026-04-14 19:00:00,68.68710327148438,93.74245279355304,25.055349522068667,25.055349522068667,51-100 Moderate
2026-04-14 20:00:00,69.59119415283203,94.45333927219826,24.862145119366232,24.862145119366232,51-100 Moderate
2026-04-14 21:00:00,70.46383666992188,94.14356918585685,23.679732515934973,23.679732515934973,51-100 Moderate
2026-04-14 22:00:00,71.3443374633789,93.26569913097934,21.921361667600436,21.921361667600436,51-100 Moderate
2026-04-14 23:00:00,72.24057006835938,92.57107592755123,20.33050585919186,20.33050585919186,51-100 Moderate
2026-04-15 00:00:00,73.1210708618164,91.40980576007367,18.28873489825726,18.28873489825726,51-100 Moderate
2026-04-15 01:00:00,73.89936828613281,91.39101901249508,17.491650726362266,17.491650726362266,51-100 Moderate
2026-04-15 02:00:00,74.60691833496094,92.2385980655165,17.63167973055556,17.63167973055556,51-100 Moderate
2026-04-15 03:00:00,75.22012329101562,90.72203632068724,15.501913029671613,15.501913029671613,51-100 Moderate
2026-04-15 04:00:00,75.77830505371094,88.32418761106376,12.545882557352826,12.545882557352826,51-100 Moderate
2026-04-15 05:00:00,76.35220336914062,86.43452856734967,10.082325198209048,10.082325198209048,51-100 Moderate
2026-04-15 06:00:00,77.02043914794922,86.68570621106767,9.66526706311845,9.66526706311845,51-100 Moderate
2026-04-15 07:00:00,77.68868255615234,86.80533713861868,9.116654582466339,9.116654582466339,51-100 Moderate
2026-04-15 08:00:00,78.35691833496094,86.5816036154274,8.22468528046646,8.22468528046646,51-100 Moderate
2026-04-15 09:00:00,78.95440673828125,86.09450985044194,7.140103112160688,7.140103112160688,51-100 Moderate
2026-04-15 10:00:00,86.69217681884766,85.6029499114395,-1.089226907408161,1.089226907408161,51-100 Moderate
2026-04-15 11:00:00,93.4948959350586,92.5830414941917,-0.9118544408668896,0.9118544408668896,51-100 Moderate
2026-04-15 12:00:00,96.8962631225586,95.2438893674256,-1.6523737551329987,1.6523737551329987,51-100 Moderate
2026-04-15 13:00:00,94.13263702392578,97.14804392570136,3.0154069017755774,3.0154069017755774,51-100 Moderate
2026-04-15 14:00:00,83.71597290039062,96.10724113895012,12.39126823855949,12.39126823855949,51-100 Moderate
2026-04-15 15:00:00,79.2374267578125,91.9406694534893,12.703242695676806,12.703242695676806,51-100 Moderate
2026-04-15 16:00:00,78.7264175415039,85.86028900079373,7.133871459289821,7.133871459289821,51-100 Moderate
2026-04-15 17:00:00,78.10535430908203,81.31411642557966,3.208762116497624,3.208762116497624,51-100 Moderate
2026-04-15 18:00:00,77.33490753173828,81.0999700698533,3.765062538115018,3.765062538115018,51-100 Moderate
2026-04-15 19:00:00,76.46226501464844,78.20678792990888,1.744522915260447,1.744522915260447,51-100 Moderate
2026-04-15 20:00:00,75.59748840332031,77.26588121927449,1.6683928159541779,1.6683928159541779,51-100 Moderate
2026-04-15 21:00:00,74.81918334960938,77.2338200152187,2.414636665609322,2.414636665609322,51-100 Moderate
2026-04-15 22:00:00,74.12735748291016,77.2845558732198,3.157198390309645,3.157198390309645,51-100 Moderate
2026-04-15 23:00:00,73.52201080322266,77.35084800035368,3.8288371971310227,3.8288371971310227,51-100 Moderate
2026-04-16 00:00:00,73.01100158691406,77.84070880497696,4.829707218062893,4.829707218062893,51-100 Moderate
2026-04-16 01:00:00,72.50785827636719,77.50030196809203,4.992443691724844,4.992443691724844,51-100 Moderate
2026-04-16 02:00:00,72.12264251708984,77.41407214689792,5.2914296298080785,5.2914296298080785,51-100 Moderate
2026-04-16 03:00:00,71.9339599609375,76.47416048728036,4.540200526342858,4.540200526342858,51-100 Moderate
2026-04-16 04:00:00,71.8710708618164,74.41773968128835,2.5466688194719467,2.5466688194719467,51-100 Moderate
2026-04-16 05:00:00,72.23270416259766,72.05421382076065,-0.17849034183700496,0.17849034183700496,51-100 Moderate
2026-04-16 06:00:00,72.82233428955078,70.15257204286125,-2.6697622466895297,2.6697622466895297,51-100 Moderate
2026-04-16 07:00:00,73.46697998046875,69.21211743627761,-4.254862544191141,4.254862544191141,51-100 Moderate
2026-04-16 08:00:00,74.09591674804688,69.60677358421702,-4.489143163829851,4.489143163829851,51-100 Moderate
2026-04-16 09:00:00,74.65409088134766,70.6408657949809,-4.013225086366759,4.013225086366759,51-100 Moderate
2026-04-16 10:00:00,80.73979949951172,74.32048605216877,-6.419313447342944,6.419313447342944,51-100 Moderate
2026-04-16 11:00:00,96.68367767333984,79.0342243602915,-17.64945331304834,17.64945331304834,51-100 Moderate
2026-04-16 12:00:00,108.58843231201172,84.98089293932432,-23.6075393726874,23.6075393726874,101-150 Unhealthy for Sensitive
2026-04-16 13:00:00,114.11565399169922,87.83115628625266,-26.284497705446555,26.284497705446555,101-150 Unhealthy for Sensitive
2026-04-16 14:00:00,110.92686462402344,87.72951994860351,-23.197344675419927,23.197344675419927,101-150 Unhealthy for Sensitive
2026-04-16 15:00:00,99.44727325439453,84.82131284918165,-14.62596040521288,14.62596040521288,51-100 Moderate
2026-04-16 16:00:00,83.07823181152344,82.2284897571967,-0.8497420543267395,0.8497420543267395,51-100 Moderate
2026-04-16 17:00:00,76.86320495605469,82.55723783526042,5.694032879205736,5.694032879205736,51-100 Moderate
2026-04-16 18:00:00,77.64937591552734,81.75277390187433,4.103397986346991,4.103397986346991,51-100 Moderate
2026-04-16 19:00:00,78.55345916748047,81.66002824083452,3.106569073354052,3.106569073354052,51-100 Moderate
2026-04-16 20:00:00,79.37893676757812,82.31902704971486,2.9400902821367367,2.9400902821367367,51-100 Moderate
2026-04-16 21:00:00,80.03145599365234,82.77151972774567,2.740063734093326,2.740063734093326,51-100 Moderate
2026-04-16 22:00:00,80.5110092163086,82.80105178681397,2.2900425705053777,2.2900425705053777,51-100 Moderate
2026-04-16 23:00:00,80.86478424072266,82.72975628132251,1.8649720405998522,1.8649720405998522,51-100 Moderate
2026-04-17 00:00:00,81.12422180175781,82.34321637610964,1.2189945743518251,1.2189945743518251,51-100 Moderate
2026-04-17 01:00:00,81.43081665039062,81.68078158635691,0.24996493596628966,0.24996493596628966,51-100 Moderate
2026-04-17 02:00:00,81.66667175292969,81.43829974656762,-0.2283720063620649,0.2283720063620649,51-100 Moderate
2026-04-17 03:00:00,81.78459167480469,80.69475598110017,-1.089835693704515,1.089835693704515,51-100 Moderate
2026-04-17 04:00:00,81.65094757080078,78.28166181518442,-3.3692857556163602,3.3692857556163602,51-100 Moderate
2026-04-17 05:00:00,81.04560089111328,77.72369286207861,-3.321908029034674,3.321908029034674,51-100 Moderate
2026-04-17 06:00:00,80.20440673828125,78.11741746424359,-2.0869892740376628,2.0869892740376628,51-100 Moderate
2026-04-17 07:00:00,79.3710708618164,78.41979627147055,-0.9512745903458608,0.9512745903458608,51-100 Moderate
2026-04-17 08:00:00,78.58490753173828,78.96667111643617,0.38176358469789307,0.38176358469789307,51-100 Moderate
2026-04-17 09:00:00,77.91666412353516,79.45422523773716,1.5375611142020063,1.5375611142020063,51-100 Moderate
2026-04-17 10:00:00,90.09353637695312,82.40719535091013,-7.686341026042996,7.686341026042996,51-100 Moderate
2026-04-17 11:00:00,103.91156768798828,85.79409557028598,-18.117472117702306,18.117472117702306,101-150 Unhealthy for Sensitive
2026-04-17 12:00:00,114.11565399169922,87.4389716034482,-26.676682388251024,26.676682388251024,101-150 Unhealthy for Sensitive
2026-04-17 13:00:00,117.94217681884766,87.94446850305891,-29.997708315788742,29.997708315788742,101-150 Unhealthy for Sensitive
2026-04-17 14:00:00,114.11565399169922,85.5229987584141,-28.592655233285114,28.592655233285114,101-150 Unhealthy for Sensitive
2026-04-17 15:00:00,103.06122589111328,83.46739688632363,-19.593829004789654,19.593829004789654,101-150 Unhealthy for Sensitive
2026-04-17 16:00:00,87.7551040649414,80.61473833456415,-7.140365730377255,7.140365730377255,51-100 Moderate
2026-04-17 17:00:00,73.09748840332031,78.30794422480517,5.210455821484857,5.210455821484857,51-100 Moderate
2026-04-17 18:00:00,72.15408325195312,77.62320913460407,5.469125882650943,5.469125882650943,51-100 Moderate
2026-04-17 19:00:00,71.32074737548828,77.24319370116308,5.922446325674798,5.922446325674798,51-100 Moderate
2026-04-17 20:00:00,70.63678741455078,77.13718610272753,6.500398688176745,6.500398688176745,51-100 Moderate
2026-04-17 21:00:00,70.07075500488281,77.07810658663236,7.007351581749546,7.007351581749546,51-100 Moderate
2026-04-17 22:00:00,69.63050079345703,76.712410025933,7.081909232475965,7.081909232475965,51-100 Moderate
2026-04-17 23:00:00,69.30030822753906,76.59572136597333,7.29541313843427,7.29541313843427,51-100 Moderate
2026-04-18 00:00:00,69.05661010742188,76.58877974092775,7.532169633505873,7.532169633505873,51-100 Moderate
2026-04-18 01:00:00,68.8521957397461,76.63203472180776,7.779838982061662,7.779838982061662,51-100 Moderate
2026-04-18 02:00:00,68.67137908935547,77.70472538941297,9.033346300057502,9.033346300057502,51-100 Moderate
2026-04-18 03:00:00,68.52201080322266,79.01305728216306,10.491046478940405,10.491046478940405,51-100 Moderate
2026-04-18 04:00:00,68.55345916748047,83.11817603056771,14.564716863087241,14.564716863087241,51-100 Moderate
2026-04-18 05:00:00,68.7264175415039,85.72449716066981,16.998079619165907,16.998079619165907,51-100 Moderate
2026-04-18 06:00:00,69.04087829589844,86.04818810530186,17.007309809403424,17.007309809403424,51-100 Moderate
2026-04-18 07:00:00,69.55188751220703,85.25218885809164,15.700301345884611,15.700301345884611,51-100 Moderate
2026-04-18 08:00:00,70.26729583740234,84.7983740537156,14.531078216313261,14.531078216313261,51-100 Moderate
2026-04-18 09:00:00,71.02986907958984,84.28874542907019,13.258876349480346,13.258876349480346,51-100 Moderate
2026-04-18 10:00:00,85.84182739257812,86.05676984324889,0.2149424506707618,0.2149424506707618,51-100 Moderate
2026-04-18 11:00:00,99.44727325439453,91.44015786174829,-8.007115392646242,8.007115392646242,51-100 Moderate
2026-04-18 12:00:00,109.01359558105469,94.02209091418896,-14.991504666865723,14.991504666865723,101-150 Unhealthy for Sensitive
2026-04-18 13:00:00,111.98979949951172,96.16568682779224,-15.824112671719476,15.824112671719476,101-150 Unhealthy for Sensitive
2026-04-18 14:00:00,106.88774871826172,95.81496434975683,-11.072784368504884,11.072784368504884,101-150 Unhealthy for Sensitive
2026-04-18 15:00:00,93.70748138427734,93.0926982040806,-0.6147831801967385,0.6147831801967385,51-100 Moderate
2026-04-18 16:00:00,74.92138671875,89.01253493406159,14.091148215311591,14.091148215311591,51-100 Moderate
2026-04-18 17:00:00,75.25157165527344,88.12823131543355,12.876659660160115,12.876659660160115,51-100 Moderate
2026-04-18 18:00:00,75.39308166503906,87.40159330667163,12.008511641632566,12.008511641632566,51-100 Moderate
2026-04-18 19:00:00,75.38522338867188,86.32595437950147,10.940730990829593,10.940730990829593,51-100 Moderate
2026-04-18 20:00:00,75.36949157714844,85.58014326474674,10.2106516875983,10.2106516875983,51-100 Moderate
2026-04-18 21:00:00,75.4481201171875,84.67540212103981,9.22728200385231,9.22728200385231,51-100 Moderate
2026-04-18 22:00:00,75.5660400390625,83.7153287906863,8.1492887516238,8.1492887516238,51-100 Moderate
2026-04-18 23:00:00,75.6603775024414,83.15767244047298,7.4972949380315725,7.4972949380315725,51-100 Moderate
2026-04-19 00:00:00,75.7232666015625,82.62811020191707,6.9048436003545675,6.9048436003545675,51-100 Moderate
2026-04-19 01:00:00,75.79402923583984,82.50244062559105,6.708411389751205,6.708411389751205,51-100 Moderate
2026-04-19 02:00:00,75.84906005859375,82.869860745337,7.020800686743243,7.020800686743243,51-100 Moderate
2026-04-19 03:00:00,75.85692596435547,81.7549931413488,5.898067176993337,5.898067176993337,51-100 Moderate
2026-04-19 04:00:00,75.79402923583984,78.06377774435435,2.2697485085145104,2.2697485085145104,51-100 Moderate
2026-04-19 05:00:00,75.6839599609375,75.47312455639245,-0.21083540454505112,0.21083540454505112,51-100 Moderate
2026-04-19 06:00:00,75.49529266357422,75.27946692220223,-0.21582574137198662,0.21582574137198662,51-100 Moderate
2026-04-19 07:00:00,75.18081665039062,75.62821914750455,0.4474024971139272,0.4474024971139272,51-100 Moderate
2026-04-19 08:00:00,74.69338989257812,76.66416495176779,1.9707750591896627,1.9707750591896627,51-100 Moderate
2026-04-19 09:00:00,74.11163330078125,77.45518752580408,3.343554225022828,3.343554225022828,51-100 Moderate
2026-04-19 10:00:00,73.52987670898438,82.9023959887762,9.372519279791831,9.372519279791831,51-100 Moderate
2026-04-19 11:00:00,73.0817642211914,87.48988738056396,14.40812315937255,14.40812315937255,51-100 Moderate
2026-04-19 12:00:00,72.75943756103516,88.7218515882553,15.962414027220149,15.962414027220149,51-100 Moderate
2026-04-19 13:00:00,72.82232666015625,89.9126216774507,17.09029501729445,17.09029501729445,51-100 Moderate
2026-04-19 14:00:00,72.90094757080078,88.85981169995746,15.95886412915668,15.95886412915668,51-100 Moderate
2026-04-19 15:00:00,72.92453002929688,84.27799316240495,11.353463133108079,11.353463133108079,51-100 Moderate
2026-04-19 16:00:00,72.90094757080078,78.80719146606442,5.906243895263643,5.906243895263643,51-100 Moderate
2026-04-19 17:00:00,72.84591674804688,75.1616567216012,2.3157399735543294,2.3157399735543294,51-100 Moderate
2026-04-19 18:00:00,72.83019256591797,75.93529109757142,3.1050985316534536,3.1050985316534536,51-100 Moderate
2026-04-19 19:00:00,72.83019256591797,74.34175250932462,1.5115599434066525,1.5115599434066525,51-100 Moderate
2026-04-19 20:00:00,72.79874420166016,74.0478422480855,1.2490980464253454,1.2490980464253454,51-100 Moderate
2026-04-19 21:00:00,72.72798919677734,74.45057557659175,1.7225863798144019,1.7225863798144019,51-100 Moderate
2026-04-19 22:00:00,72.62579345703125,75.22001078753459,2.5942173305033407,2.5942173305033407,51-100 Moderate
2026-04-19 23:00:00,72.54717254638672,76.01706110386365,3.469888557476935,3.469888557476935,51-100 Moderate
2026-04-20 00:00:00,72.46855163574219,73.9390271449431,1.4704755092009094,1.4704755092009094,51-100 Moderate
2026-04-20 01:00:00,72.2798843383789,73.87447735404885,1.5945930156699433,1.5945930156699433,51-100 Moderate
2026-04-20 02:00:00,72.05975341796875,74.3984245297879,2.3386711118191528,2.3386711118191528,51-100 Moderate
2026-04-20 03:00:00,71.76886749267578,75.01139881558129,3.2425313229055064,3.2425313229055064,51-100 Moderate
2026-04-20 04:00:00,71.32861328125,75.86606824777914,4.53745496652914,4.53745496652914,51-100 Moderate
2026-04-20 05:00:00,70.80188751220703,76.89137070131038,6.089483189103348,6.089483189103348,51-100 Moderate
2026-04-20 06:00:00,70.22798919677734,78.54167018862996,8.313680991852621,8.313680991852621,51-100 Moderate
2026-04-20 07:00:00,69.60692596435547,80.01176747287387,10.404841508518402,10.404841508518402,51-100 Moderate
2026-04-20 08:00:00,69.00157165527344,80.93295090685689,11.93137925158345,11.93137925158345,51-100 Moderate
2026-04-20 09:00:00,68.45126342773438,81.1659194714901,12.714656043755724,12.714656043755724,51-100 Moderate
2026-04-20 10:00:00,67.95597839355469,86.3810350369405,18.425056643385815,18.425056643385815,51-100 Moderate
2026-04-20 11:00:00,67.46855163574219,89.04641926543168,21.577867629689493,21.577867629689493,51-100 Moderate
2026-04-20 12:00:00,66.9889907836914,91.71333092222183,24.724340138530422,24.724340138530422,51-100 Moderate
2026-04-20 13:00:00,66.17924499511719,92.38336153263639,26.204116537519198,26.204116537519198,51-100 Moderate
2026-04-20 14:00:00,65.46383666992188,90.56460627498734,25.100769605065466,25.100769605065466,51-100 Moderate
2026-04-20 15:00:00,64.88993835449219,86.12125462462443,21.23131627013224,21.23131627013224,51-100 Moderate
2026-04-20 16:00:00,64.3553466796875,80.62715220233763,16.271805522650126,16.271805522650126,51-100 Moderate
2026-04-20 17:00:00,63.805030822753906,80.84558398259243,17.040553159838524,17.040553159838524,51-100 Moderate
2026-04-20 18:00:00,63.19968795776367,78.55271336387014,15.353025406106468,15.353025406106468,51-100 Moderate
2026-04-20 19:00:00,62.53144836425781,77.55875383166543,15.027305467407615,15.027305467407615,51-100 Moderate
2026-04-20 20:00:00,61.871070861816406,77.24967861612693,15.378607754310522,15.378607754310522,51-100 Moderate
2026-04-20 21:00:00,61.265724182128906,76.78996607767041,15.524241895541508,15.524241895541508,51-100 Moderate
2026-04-20 22:00:00,60.762577056884766,75.9747902988965,15.212213242011728,15.212213242011728,51-100 Moderate
2026-04-20 23:00:00,60.338050842285156,75.55310608283679,15.215055240551635,15.215055240551635,51-100 Moderate
2026-04-21 00:00:00,59.976417541503906,76.15330627462555,16.176888733121643,16.176888733121643,51-100 Moderate
2026-04-21 01:00:00,59.77201461791992,76.23581573698672,16.4638011190668,16.4638011190668,51-100 Moderate
2026-04-21 02:00:00,59.59906005859375,76.23264867346514,16.633588614871385,16.633588614871385,51-100 Moderate
2026-04-21 03:00:00,59.47327423095703,75.21828919944818,15.745014968491148,15.745014968491148,51-100 Moderate
2026-04-21 04:00:00,59.48899459838867,73.27174781382254,13.782753215433871,13.782753215433871,51-100 Moderate
2026-04-21 05:00:00,59.591190338134766,72.08921412648968,12.498023788354914,12.498023788354914,51-100 Moderate
2026-04-21 06:00:00,59.71697998046875,72.52543297790909,12.808452997440341,12.808452997440341,51-100 Moderate
2026-04-21 07:00:00,59.85849380493164,72.70038226042828,12.841888455496644,12.841888455496644,51-100 Moderate
2026-04-21 08:00:00,60.00786590576172,73.63702103014548,13.629155124383757,13.629155124383757,51-100 Moderate
2026-04-21 09:00:00,60.18082046508789,74.9941616765916,14.813341211503712,14.813341211503712,51-100 Moderate
2026-04-21 10:00:00,60.36949920654297,78.9187592123583,18.549260005815327,18.549260005815327,51-100 Moderate
2026-04-21 11:00:00,60.566036224365234,82.90289901899533,22.336862794630093,22.336862794630093,51-100 Moderate
2026-04-21 12:00:00,60.762577056884766,86.71200125952626,25.949424202641495,25.949424202641495,51-100 Moderate
2026-04-21 13:00:00,60.82547378540039,87.93881932735302,27.113345541952626,27.113345541952626,51-100 Moderate
2026-04-21 14:00:00,60.9748420715332,86.67408456283859,25.699242491305384,25.699242491305384,51-100 Moderate
2026-04-21 15:00:00,61.15565872192383,83.87451407362705,22.718855351703226,22.718855351703226,51-100 Moderate
2026-04-21 16:00:00,61.32861328125,80.98101353778523,19.65240025653523,19.65240025653523,51-100 Moderate
2026-04-21 17:00:00,61.54087829589844,79.84914699623708,18.308268700338644,18.308268700338644,51-100 Moderate
2026-04-21 18:00:00,61.82389831542969,79.90340489283446,18.07950657740477,18.07950657740477,51-100 Moderate
2026-04-21 19:00:00,62.18553161621094,79.81719588390438,17.631664267693438,17.631664267693438,51-100 Moderate
2026-04-21 20:00:00,62.594337463378906,79.85171397440246,17.25737651102355,17.25737651102355,51-100 Moderate
2026-04-21 21:00:00,62.99528503417969,79.8346509567424,16.839365922562706,16.839365922562706,51-100 Moderate
2026-04-21 22:00:00,63.33333206176758,79.79443942234252,16.461107360574943,16.461107360574943,51-100 Moderate
2026-04-21 23:00:00,63.569183349609375,79.66569969301901,16.096516343409633,16.096516343409633,51-100 Moderate
2026-04-22 00:00:00,63.75,79.68840202044028,15.938402020440279,15.938402020440279,51-100 Moderate
2026-04-22 01:00:00,63.930816650390625,79.43302413653566,15.50220748614504,15.50220748614504,51-100 Moderate
2026-04-22 02:00:00,64.12735748291016,79.8488152169823,15.721457734072146,15.721457734072146,51-100 Moderate
2026-04-22 03:00:00,64.30818176269531,78.81384952757382,14.50566776487851,14.50566776487851,51-100 Moderate
2026-04-22 04:00:00,64.4182357788086,77.25582382285062,12.837588044042022,12.837588044042022,51-100 Moderate
2026-04-22 05:00:00,64.54402923583984,76.85697820333229,12.312948967492446,12.312948967492446,51-100 Moderate
2026-04-22 06:00:00,64.70125579833984,76.96894192056658,12.267686122226735,12.267686122226735,51-100 Moderate
2026-04-22 07:00:00,64.92137908935547,77.15259585783537,12.231216768479896,12.231216768479896,51-100 Moderate
2026-04-22 08:00:00,65.17295837402344,77.12830706094546,11.955348686922022,11.955348686922022,51-100 Moderate
2026-04-22 09:00:00,65.39308166503906,76.88494671256902,11.491865047529956,11.491865047529956,51-100 Moderate
2026-04-22 10:00:00,65.53459167480469,77.77058414369598,12.235992468891297,12.235992468891297,51-100 Moderate
2026-04-22 11:00:00,65.61321258544922,79.00315099514063,13.38993840969141,13.38993840969141,51-100 Moderate
2026-04-22 12:00:00,65.62893676757812,78.53678440798855,12.907847640410424,12.907847640410424,51-100 Moderate
2026-04-22 13:00:00,65.88050842285156,78.47690524625592,12.596396823404362,12.596396823404362,51-100 Moderate
2026-04-22 14:00:00,66.02201843261719,78.37226967927981,12.350251246662623,12.350251246662623,51-100 Moderate
2026-04-22 15:00:00,66.08490753173828,77.10959243349996,11.024684901761674,11.024684901761674,51-100 Moderate
2026-04-22 16:00:00,66.25787353515625,75.05109079106938,8.793217255913135,8.793217255913135,51-100 Moderate
2026-04-22 17:00:00,66.48585510253906,74.12836958804485,7.642514485505785,7.642514485505785,51-100 Moderate
2026-04-22 18:00:00,66.76101684570312,73.96953581772671,7.208518972023583,7.208518972023583,51-100 Moderate
2026-04-22 19:00:00,67.05975341796875,73.81740231356721,6.757648895598464,6.757648895598464,51-100 Moderate
2026-04-22 20:00:00,67.3584976196289,73.84911530810176,6.490617688472852,6.490617688472852,51-100 Moderate
2026-04-22 21:00:00,67.61792755126953,73.95767416523672,6.339746613967193,6.339746613967193,51-100 Moderate
2026-04-22 22:00:00,67.86164093017578,73.81873937520118,5.9570984450253945,5.9570984450253945,51-100 Moderate
2026-04-22 23:00:00,68.10535430908203,73.64064945873425,5.535295149652214,5.535295149652214,51-100 Moderate
2026-04-23 00:00:00,68.31761169433594,74.13920181646472,5.821590122128782,5.821590122128782,51-100 Moderate
2026-04-23 01:00:00,68.25472259521484,74.10371630802092,5.848993712806077,5.848993712806077,51-100 Moderate
2026-04-23 02:00:00,68.19969177246094,74.26634033268587,6.066648560224934,6.066648560224934,51-100 Moderate
2026-04-23 03:00:00,68.28617095947266,74.04046690529263,5.754295945819976,5.754295945819976,51-100 Moderate
2026-04-23 04:00:00,68.49842834472656,74.2331809399874,5.734752595260844,5.734752595260844,51-100 Moderate
2026-04-23 05:00:00,68.86006164550781,74.65482621935662,5.794764573848809,5.794764573848809,51-100 Moderate
2026-04-23 06:00:00,69.40251922607422,75.33436035013422,5.93184112406,5.93184112406,51-100 Moderate
2026-04-23 07:00:00,70.0235824584961,75.98072086374204,5.957138405245942,5.957138405245942,51-100 Moderate
2026-04-23 08:00:00,70.66038513183594,76.77022196217317,6.10983683033723,6.10983683033723,51-100 Moderate
2026-04-23 09:00:00,71.23428344726562,77.55355749117928,6.319274043913651,6.319274043913651,51-100 Moderate
2026-04-23 10:00:00,71.80817413330078,78.9776070344631,7.169432901162324,7.169432901162324,51-100 Moderate
2026-04-23 11:00:00,72.41352081298828,80.09302919946943,7.679508386481146,7.679508386481146,51-100 Moderate
2026-04-23 12:00:00,73.07389831542969,79.50709699361865,6.433198678188958,6.433198678188958,51-100 Moderate
2026-04-23 13:00:00,77.12583923339844,79.2181265595751,2.0922873261766597,2.0922873261766597,51-100 Moderate
2026-04-23 14:00:00,74.78740692138672,78.81972831202174,4.032321390635019,4.032321390635019,51-100 Moderate
2026-04-23 15:00:00,74.3946533203125,77.4486959254683,3.0540426051558,3.0540426051558,51-100 Moderate
2026-04-23 16:00:00,74.68553924560547,76.08627062760252,1.4007313819970477,1.4007313819970477,51-100 Moderate
2026-04-23 17:00:00,74.87420654296875,76.27875386892742,1.4045473259586743,1.4045473259586743,51-100 Moderate
2026-04-23 18:00:00,74.95282745361328,76.4167845310956,1.4639570774823198,1.4639570774823198,51-100 Moderate
2026-04-23 19:00:00,74.92924499511719,76.45790463550335,1.5286596403861665,1.5286596403861665,51-100 Moderate
2026-04-23 20:00:00,74.85062408447266,76.54506102071356,1.6944369362409049,1.6944369362409049,51-100 Moderate
2026-04-23 21:00:00,74.78773498535156,76.45297913936162,1.665244154010054,1.665244154010054,51-100 Moderate
2026-04-23 22:00:00,74.74056243896484,76.2373146985637,1.4967522595988498,1.4967522595988498,51-100 Moderate
2026-04-23 23:00:00,74.74056243896484,76.16234092839576,1.4217784894309204,1.4217784894309204,51-100 Moderate
2026-04-24 00:00:00,74.77986907958984,76.81770850377708,2.03783942418724,2.03783942418724,51-100 Moderate
2026-04-24 01:00:00,75.05502319335938,76.91616379185751,1.8611405984981388,1.8611405984981388,51-100 Moderate
2026-04-24 02:00:00,75.29088592529297,77.39491266024537,2.1040267349523987,2.1040267349523987,51-100 Moderate
2026-04-24 03:00:00,75.42453002929688,76.85515668258678,1.430626653289906,1.430626653289906,51-100 Moderate
2026-04-24 04:00:00,75.63679504394531,76.74516546629638,1.1083704223510722,1.1083704223510722,51-100 Moderate
2026-04-24 05:00:00,75.71540832519531,77.1490123249539,1.4336039997585885,1.4336039997585885,51-100 Moderate
2026-04-24 06:00:00,75.56603240966797,77.89537484097895,2.3293424313109767,2.3293424313109767,51-100 Moderate
2026-04-24 07:00:00,75.28301239013672,78.46032140256983,3.1773090124331134,3.1773090124331134,51-100 Moderate
2026-04-24 08:00:00,75.0,78.71535653124386,3.715356531243856,3.715356531243856,51-100 Moderate
2026-04-24 09:00:00,74.84276580810547,78.46238070038018,3.6196148922747113,3.6196148922747113,51-100 Moderate
2026-04-24 10:00:00,74.74056243896484,78.36726176687495,3.626699327910103,3.626699327910103,51-100 Moderate
2026-04-24 11:00:00,74.62264251708984,77.81732694047258,3.194684423382739,3.194684423382739,51-100 Moderate
2026-04-24 12:00:00,74.46540832519531,77.80679493513556,3.341386609940244,3.341386609940244,51-100 Moderate
2026-04-24 13:00:00,74.26887512207031,77.37835327564432,3.1094781535740026,3.1094781535740026,51-100 Moderate
2026-04-24 14:00:00,74.07232666015625,76.95006064645513,2.877733986298878,2.877733986298878,51-100 Moderate
2026-04-24 15:00:00,73.8836441040039,76.55283024648492,2.66918614248101,2.66918614248101,51-100 Moderate
2026-04-24 16:00:00,73.67924499511719,76.42693768032501,2.7476926852078236,2.7476926852078236,51-100 Moderate
2026-04-24 17:00:00,73.46697998046875,76.36240434275199,2.8954243622832365,2.8954243622832365,51-100 Moderate
2026-04-24 18:00:00,73.2232666015625,76.48532854474615,3.262061943183653,3.262061943183653,51-100 Moderate
2026-04-24 19:00:00,72.96383666992188,76.66628300432873,3.702446334406858,3.702446334406858,51-100 Moderate
2026-04-24 20:00:00,72.696533203125,76.82390333766405,4.127370134539049,4.127370134539049,51-100 Moderate
2026-04-24 21:00:00,72.42924499511719,76.99482332829189,4.565578333174699,4.565578333174699,51-100 Moderate
2026-04-24 22:00:00,72.19339752197266,76.9884683815015,4.795070859528849,4.795070859528849,51-100 Moderate
2026-04-24 23:00:00,71.9732666015625,76.91932220006329,4.9460555985007915,4.9460555985007915,51-100 Moderate
2026-04-25 00:00:00,71.76886749267578,76.14769564793278,4.378828155256997,4.378828155256997,51-100 Moderate
2026-04-25 01:00:00,71.57232666015625,75.56766153751819,3.995334877361941,3.995334877361941,51-100 Moderate
2026-04-25 02:00:00,71.44654083251953,75.76236565262677,4.315824820107238,4.315824820107238,51-100 Moderate
2026-04-25 03:00:00,71.3050308227539,75.57354766181307,4.26851683905916,4.26851683905916,51-100 Moderate
2026-04-25 04:00:00,71.13207244873047,76.37319151268349,5.241119063953022,5.241119063953022,51-100 Moderate
2026-04-25 05:00:00,70.96697998046875,79.09055071101393,8.123570730545183,8.123570730545183,51-100 Moderate
2026-04-25 06:00:00,70.85691833496094,82.1227800900845,11.265861755123566,11.265861755123566,51-100 Moderate
2026-04-25 07:00:00,70.7468490600586,83.69101397446995,12.94416491441136,12.94416491441136,51-100 Moderate
2026-04-25 08:00:00,70.57389831542969,84.54170214086912,13.967803825439432,13.967803825439432,51-100 Moderate
2026-04-25 09:00:00,70.32232666015625,85.5166043296011,15.194277669444844,15.194277669444844,51-100 Moderate
2026-04-25 10:00:00,70.04717254638672,86.44804554578185,16.400872999395133,16.400872999395133,51-100 Moderate
2026-04-25 11:00:00,69.7877426147461,87.41386194385608,17.626119329109983,17.626119329109983,51-100 Moderate
2026-04-25 12:00:00,69.57547760009766,86.3633271116819,16.78784951158424,16.78784951158424,51-100 Moderate
2026-04-25 13:00:00,69.49685668945312,86.37354800356269,16.876691314109564,16.876691314109564,51-100 Moderate
2026-04-25 14:00:00,69.41824340820312,84.35899959491566,14.940756186712534,14.940756186712534,51-100 Moderate
2026-04-25 15:00:00,69.36320495605469,83.78539972889078,14.422194772836093,14.422194772836093,51-100 Moderate
2026-04-25 16:00:00,69.3160400390625,82.81826431342972,13.502224274367222,13.502224274367222,51-100 Moderate
2026-04-25 17:00:00,69.2767333984375,82.18007272741353,12.903339328976031,12.903339328976031,51-100 Moderate
2026-04-25 18:00:00,69.26886749267578,81.72470596824311,12.455838475567333,12.455838475567333,51-100 Moderate
2026-04-25 19:00:00,69.28459167480469,81.27402769471433,11.989436019909647,11.989436019909647,51-100 Moderate
2026-04-25 20:00:00,69.32389831542969,80.95928542169176,11.635387106262073,11.635387106262073,51-100 Moderate
2026-04-25 21:00:00,69.39464569091797,80.81307218822435,11.418426497306385,11.418426497306385,51-100 Moderate
2026-04-25 22:00:00,69.46540832519531,80.72900219797415,11.263593872778841,11.263593872778841,51-100 Moderate
2026-04-25 23:00:00,69.55974578857422,80.49898439913873,10.939238610564516,10.939238610564516,51-100 Moderate
2026-04-26 00:00:00,69.66980743408203,80.69501956812913,11.025212134047095,11.025212134047095,51-100 Moderate
2026-04-26 01:00:00,69.73270416259766,79.8918079828517,10.159103820254046,10.159103820254046,51-100 Moderate
2026-04-26 02:00:00,69.76415252685547,79.29698325951856,9.532830732663086,9.532830732663086,51-100 Moderate
2026-04-26 03:00:00,69.76415252685547,78.85648774528659,9.092335218431117,9.092335218431117,51-100 Moderate
2026-04-26 04:00:00,69.76415252685547,79.46878497072701,9.704632443871546,9.704632443871546,51-100 Moderate
2026-04-26 05:00:00,69.68553161621094,80.17498699157946,10.489455375368522,10.489455375368522,51-100 Moderate
2026-04-26 06:00:00,69.53616333007812,81.80555495750613,12.269391627428007,12.269391627428007,51-100 Moderate
2026-04-26 07:00:00,69.3710708618164,83.1103802406552,13.739309378838797,13.739309378838797,51-100 Moderate
2026-04-26 08:00:00,69.20597839355469,83.97333448465976,14.767356091105071,14.767356091105071,51-100 Moderate
2026-04-26 09:00:00,69.04873657226562,84.45797541222656,15.409238839960935,15.409238839960935,51-100 Moderate
2026-04-26 10:00:00,72.02381134033203,84.49489427174927,12.471082931417243,12.471082931417243,51-100 Moderate
2026-04-26 11:00:00,77.97618865966797,84.49408371125672,6.517895051588752,6.517895051588752,51-100 Moderate
2026-04-26 12:00:00,82.01530456542969,83.24298099090788,1.2276764254781938,1.2276764254781938,51-100 Moderate
2026-04-26 13:00:00,82.01530456542969,82.94429403485235,0.9289894694226604,0.9289894694226604,51-100 Moderate
2026-04-26 14:00:00,76.48809051513672,82.53873990508622,6.050649389949498,6.050649389949498,51-100 Moderate
2026-04-26 15:00:00,68.49056243896484,81.35329057381324,12.862728134848396,12.862728134848396,51-100 Moderate
2026-04-26 16:00:00,68.36478424072266,80.22761545325207,11.862831212529414,11.862831212529414,51-100 Moderate
2026-04-26 17:00:00,68.29402160644531,79.32755266157281,11.033531055127497,11.033531055127497,51-100 Moderate
2026-04-26 18:00:00,68.27044677734375,78.83832984848658,10.56788307114283,10.56788307114283,51-100 Moderate
2026-04-26 19:00:00,68.2625732421875,78.46973031413604,10.207157071948544,10.207157071948544,51-100 Moderate
2026-04-26 20:00:00,68.25472259521484,78.14297332518362,9.888250729968775,9.888250729968775,51-100 Moderate
2026-04-26 21:00:00,68.2625732421875,77.84013984889937,9.57756660671187,9.57756660671187,51-100 Moderate
2026-04-26 22:00:00,68.31761169433594,77.48221531404761,9.16460361971167,9.16460361971167,51-100 Moderate
2026-04-26 23:00:00,68.39622497558594,77.18699925259736,8.790774277011423,8.790774277011423,51-100 Moderate
2026-04-27 00:00:00,68.49842834472656,74.66304689361499,6.164618548888427,6.164618548888427,51-100 Moderate
2026-04-27 01:00:00,68.789306640625,74.94880673760883,6.159500096983834,6.159500096983834,51-100 Moderate
2026-04-27 02:00:00,69.08805084228516,75.09668577086919,6.00863492858403,6.00863492858403,51-100 Moderate
2026-04-27 03:00:00,69.48113250732422,75.09866047265345,5.617527965329231,5.617527965329231,51-100 Moderate
2026-04-27 04:00:00,70.00000762939453,75.4831375694719,5.483129940077362,5.483129940077362,51-100 Moderate
2026-04-27 05:00:00,70.76258087158203,76.29832250681439,5.535741635232355,5.535741635232355,51-100 Moderate
2026-04-27 06:00:00,71.72956848144531,77.34860586763259,5.619037386187273,5.619037386187273,51-100 Moderate
2026-04-27 07:00:00,72.8930892944336,77.55996642871318,4.666877134279588,4.666877134279588,51-100 Moderate
2026-04-27 08:00:00,74.13522338867188,77.53898003186197,3.4037566431900927,3.4037566431900927,51-100 Moderate
2026-04-27 09:00:00,75.26730346679688,77.76996584535958,2.502662378562704,2.502662378562704,51-100 Moderate
2026-04-27 10:00:00,88.60545349121094,78.34530099828123,-10.260152492929706,10.260152492929706,51-100 Moderate
2026-04-27 11:00:00,103.48638153076172,78.83263064468198,-24.653750886079735,24.653750886079735,101-150 Unhealthy for Sensitive
2026-04-27 12:00:00,112.6275405883789,78.71126596773983,-33.91627462063907,33.91627462063907,101-150 Unhealthy for Sensitive
2026-04-27 13:00:00,114.96597290039062,78.48087561105295,-36.48509728933767,36.48509728933767,101-150 Unhealthy for Sensitive
2026-04-27 14:00:00,107.9506607055664,78.27452547140014,-29.676135234166267,29.676135234166267,101-150 Unhealthy for Sensitive
2026-04-27 15:00:00,92.21939086914062,77.7589816982292,-14.460409170911419,14.460409170911419,51-100 Moderate
2026-04-27 16:00:00,82.00472259521484,77.15085086327566,-4.853871731939179,4.853871731939179,51-100 Moderate
2026-04-27 17:00:00,82.80661010742188,77.16492180125418,-5.641688306167694,5.641688306167694,51-100 Moderate
2026-04-27 18:00:00,83.33333587646484,77.14098819050312,-6.192347685961721,6.192347685961721,51-100 Moderate
2026-04-27 19:00:00,83.68710327148438,77.35493363537888,-6.33216963610549,6.33216963610549,51-100 Moderate
2026-04-27 20:00:00,84.05660247802734,77.65113444271765,-6.4054680353096956,6.4054680353096956,51-100 Moderate
2026-04-27 21:00:00,84.5676040649414,77.74083612063913,-6.826767944302276,6.826767944302276,51-100 Moderate
2026-04-27 22:00:00,85.196533203125,77.62584056325667,-7.5706926398683265,7.5706926398683265,51-100 Moderate
2026-04-27 23:00:00,85.89623260498047,77.39633183426714,-8.499900770713325,8.499900770713325,51-100 Moderate
2026-04-28 00:00:00,86.65093994140625,77.68227247564002,-8.96866746576623,8.96866746576623,51-100 Moderate
2026-04-28 01:00:00,87.31918334960938,77.23232803354921,-10.086855316060166,10.086855316060166,51-100 Moderate
2026-04-28 02:00:00,87.97955322265625,77.17135937384717,-10.808193848809083,10.808193848809083,51-100 Moderate
2026-04-28 03:00:00,88.50627899169922,76.55778962026719,-11.948489371432032,11.948489371432032,51-100 Moderate
2026-04-28 04:00:00,88.86006164550781,75.91722440368676,-12.942837241821053,12.942837241821053,51-100 Moderate
2026-04-28 05:00:00,88.93868255615234,76.15622391575343,-12.782458640398914,12.782458640398914,51-100 Moderate
2026-04-28 06:00:00,88.74213409423828,76.98156442913135,-11.760569665106928,11.760569665106928,51-100 Moderate
2026-04-28 07:00:00,88.29402923583984,77.27338063581007,-11.020648600029773,11.020648600029773,51-100 Moderate
2026-04-28 08:00:00,87.69654846191406,77.34568997046728,-10.350858491446786,10.350858491446786,51-100 Moderate
2026-04-28 09:00:00,87.10692596435547,77.45638723371069,-9.650538730644783,9.650538730644783,51-100 Moderate
2026-04-28 10:00:00,86.51729583740234,78.54288582810268,-7.97441000929966,7.97441000929966,51-100 Moderate
2026-04-28 11:00:00,85.90408325195312,79.78759420249867,-6.116489049454458,6.116489049454458,51-100 Moderate
2026-04-28 12:00:00,85.26729583740234,81.48060340690841,-3.786692430493929,3.786692430493929,51-100 Moderate
2026-04-28 13:00:00,84.22169494628906,80.54185266188688,-3.6798422844021843,3.6798422844021843,51-100 Moderate
2026-04-28 14:00:00,83.29402160644531,78.67668977468487,-4.617331831760438,4.617331831760438,51-100 Moderate
2026-04-28 15:00:00,82.50000762939453,77.41423138583542,-5.08577624355911,5.08577624355911,51-100 Moderate
2026-04-28 16:00:00,81.8003158569336,78.68499403698435,-3.1153218199492443,3.1153218199492443,51-100 Moderate
2026-04-28 17:00:00,81.29717254638672,78.0943602131505,-3.202812333236224,3.202812333236224,51-100 Moderate
2026-04-28 18:00:00,80.99056243896484,77.63855958579263,-3.352002853172209,3.352002853172209,51-100 Moderate
2026-04-28 19:00:00,80.79402160644531,77.21380433976512,-3.5802172666801937,3.5802172666801937,51-100 Moderate
2026-04-28 20:00:00,80.5503158569336,77.07620501533094,-3.474110841602652,3.474110841602652,51-100 Moderate
2026-04-28 21:00:00,80.14151000976562,77.14424689622216,-2.997263113543468,2.997263113543468,51-100 Moderate
2026-04-28 22:00:00,79.56761169433594,77.14019135857164,-2.427420335764296,2.427420335764296,51-100 Moderate
2026-04-28 23:00:00,78.86792755126953,77.1579670164767,-1.7099605347928275,1.7099605347928275,51-100 Moderate
2026-04-29 00:00:00,78.05030059814453,78.54890691323753,0.49860631509299935,0.49860631509299935,51-100 Moderate
2026-04-29 01:00:00,77.20125579833984,78.2586883277088,1.0574325293689526,1.0574325293689526,51-100 Moderate
2026-04-29 02:00:00,76.28144836425781,78.07042895103382,1.788980586776006,1.788980586776006,51-100 Moderate
2026-04-29 03:00:00,75.42453002929688,78.99982798787573,3.575297958578858,3.575297958578858,51-100 Moderate
2026-04-29 04:00:00,74.74056243896484,80.70321449031847,5.962652051353629,5.962652051353629,51-100 Moderate
2026-04-29 05:00:00,74.3003158569336,83.00834210680598,8.70802624987239,8.70802624987239,51-100 Moderate
2026-04-29 06:00:00,74.26886749267578,85.28601653563999,11.017149042964206,11.017149042964206,51-100 Moderate
2026-04-29 07:00:00,74.72483825683594,86.12846794832001,11.40362969148407,11.40362969148407,51-100 Moderate
2026-04-29 08:00:00,75.6603775024414,85.81406344592557,10.153685943484163,10.153685943484163,51-100 Moderate
2026-04-29 09:00:00,76.91824340820312,85.22450152326405,8.306258115060928,8.306258115060928,51-100 Moderate
2026-04-29 10:00:00,78.3018798828125,88.71153306639232,10.40965318357982,10.40965318357982,51-100 Moderate
2026-04-29 11:00:00,79.6698226928711,91.21194599780857,11.542123304937476,11.542123304937476,51-100 Moderate
2026-04-29 12:00:00,80.84119415283203,93.13099178989235,12.289797637060317,12.289797637060317,51-100 Moderate
2026-04-29 13:00:00,81.89466094970703,93.96964637452523,12.074985424818195,12.074985424818195,51-100 Moderate
2026-04-29 14:00:00,82.61793518066406,91.01890811450716,8.400972933843093,8.400972933843093,51-100 Moderate
2026-04-29 15:00:00,83.05032348632812,86.76431209480587,3.7139886084777487,3.7139886084777487,51-100 Moderate
2026-04-29 16:00:00,83.19969177246094,84.21401697712571,1.0143252046647717,1.0143252046647717,51-100 Moderate
2026-04-29 17:00:00,83.19183349609375,82.59395130987184,-0.5978821862219093,0.5978821862219093,51-100 Moderate
2026-04-29 18:00:00,83.14466857910156,80.01368113930975,-3.1309874397918094,3.1309874397918094,51-100 Moderate
2026-04-29 19:00:00,83.1053466796875,80.16489169234612,-2.9404549873413828,2.9404549873413828,51-100 Moderate
2026-04-29 20:00:00,83.05818176269531,81.84132484733928,-1.2168569153560327,1.2168569153560327,51-100 Moderate
2026-04-29 21:00:00,82.95597076416016,83.09025163352379,0.1342808693636357,0.1342808693636357,51-100 Moderate
2026-04-29 22:00:00,82.82232666015625,83.75028975341084,0.9279630932545899,0.9279630932545899,51-100 Moderate
2026-04-29 23:00:00,82.7122573852539,84.2187973092973,1.5065399240433948,1.5065399240433948,51-100 Moderate
2026-04-30 00:00:00,82.6572265625,84.48969639889147,1.8324698363914678,1.8324698363914678,51-100 Moderate
2026-04-30 01:00:00,82.66509246826172,84.48437125116034,1.8192787828986212,1.8192787828986212,51-100 Moderate
2026-04-30 02:00:00,82.96383666992188,84.15487392565798,1.1910372557361057,1.1910372557361057,51-100 Moderate
2026-04-30 03:00:00,83.63993072509766,83.74749739970642,0.10756667460876201,0.10756667460876201,51-100 Moderate
2026-04-30 04:00:00,84.72484588623047,83.31509797407875,-1.4097479121517154,1.4097479121517154,51-100 Moderate
2026-04-30 05:00:00,86.42295837402344,83.19834209996638,-3.2246162740570554,3.2246162740570554,51-100 Moderate
2026-04-30 06:00:00,88.34119415283203,84.02765000041624,-4.313544152415787,4.313544152415787,51-100 Moderate
2026-04-30 07:00:00,89.93711853027344,84.65956869509121,-5.277549835182228,5.277549835182228,51-100 Moderate
2026-04-30 08:00:00,90.89622497558594,84.80898901475143,-6.087235960834505,6.087235960834505,51-100 Moderate
2026-04-30 09:00:00,91.2342758178711,84.11058673101897,-7.123689086852124,7.123689086852124,51-100 Moderate
2026-04-30 10:00:00,91.02201843261719,84.20757331238188,-6.814445120235305,6.814445120235305,51-100 Moderate
2026-04-30 11:00:00,90.4481201171875,84.2008928910086,-6.247227226178893,6.247227226178893,51-100 Moderate
2026-04-30 12:00:00,89.8270492553711,83.54282563259714,-6.2842236227739505,6.2842236227739505,51-100 Moderate
2026-04-30 13:00:00,89.06446838378906,83.01287400325126,-6.051594380537807,6.051594380537807,51-100 Moderate
2026-04-30 14:00:00,88.54560089111328,82.47360654843992,-6.071994342673364,6.071994342673364,51-100 Moderate
2026-04-30 15:00:00,88.21540832519531,81.11089051687335,-7.104517808321958,7.104517808321958,51-100 Moderate
2026-04-30 16:00:00,88.0110092163086,80.84432790139645,-7.1666813149121396,7.1666813149121396,51-100 Moderate
2026-04-30 17:00:00,87.84590911865234,81.37972978820746,-6.466179330444888,6.466179330444888,51-100 Moderate
2026-04-30 18:00:00,87.65723419189453,81.20775590225045,-6.449478289644077,6.449478289644077,51-100 Moderate
2026-04-30 19:00:00,87.4449691772461,80.64842217954593,-6.796546997700162,6.796546997700162,51-100 Moderate
2026-04-30 20:00:00,87.20911407470703,80.00458562592982,-7.204528448777211,7.204528448777211,51-100 Moderate
2026-04-30 21:00:00,86.95755004882812,79.57315933413766,-7.384390714690468,7.384390714690468,51-100 Moderate
2026-04-30 22:00:00,86.69024658203125,79.31215614961557,-7.378090432415675,7.378090432415675,51-100 Moderate
2026-04-30 23:00:00,86.36792755126953,79.05577484462783,-7.312152706641697,7.312152706641697,51-100 Moderate
2026-05-01 00:00:00,85.99056243896484,79.96295373138604,-6.027608707578807,6.027608707578807,51-100 Moderate
2026-05-01 01:00:00,85.58961486816406,79.06519855891815,-6.5244163092459075,6.5244163092459075,51-100 Moderate
2026-05-01 02:00:00,84.94496154785156,78.72123430299762,-6.223727244853947,6.223727244853947,51-100 Moderate
2026-05-01 03:00:00,83.94654083251953,78.79948101620153,-5.147059816318006,5.147059816318006,51-100 Moderate
2026-05-01 04:00:00,82.49213409423828,81.03341174636242,-1.458722347875863,1.458722347875863,51-100 Moderate
2026-05-01 05:00:00,80.51100158691406,85.23460163957621,4.7236000526621496,4.7236000526621496,51-100 Moderate
2026-05-01 06:00:00,78.39622497558594,90.44176452521666,12.045539549630718,12.045539549630718,51-100 Moderate
2026-05-01 07:00:00,76.55660247802734,94.63158075141172,18.074978273384374,18.074978273384374,51-100 Moderate
2026-05-01 08:00:00,82.44046783447266,96.85847907320611,14.418011238733456,14.418011238733456,51-100 Moderate
2026-05-01 09:00:00,93.28231811523438,97.31575582855749,4.03343771332311,4.03343771332311,51-100 Moderate
2026-05-01 10:00:00,104.12413787841797,97.2922786532826,-6.831859225135375,6.831859225135375,101-150 Unhealthy for Sensitive
2026-05-01 11:00:00,114.11565399169922,96.27752778897597,-17.838126202723245,17.838126202723245,101-150 Unhealthy for Sensitive
2026-05-01 12:00:00,120.4931869506836,95.00008178900988,-25.49310516167371,25.49310516167371,101-150 Unhealthy for Sensitive
2026-05-01 13:00:00,119.85545349121094,92.53936298298035,-27.316090508230587,27.316090508230587,101-150 Unhealthy for Sensitive
2026-05-01 14:00:00,111.13945007324219,90.66633726769476,-20.47311280554743,20.47311280554743,101-150 Unhealthy for Sensitive
2026-05-01 15:00:00,94.98298645019531,88.39528147365702,-6.587704976538291,6.587704976538291,51-100 Moderate
2026-05-01 16:00:00,76.367919921875,87.3244880178657,10.956568095990704,10.956568095990704,51-100 Moderate
2026-05-01 17:00:00,76.98899841308594,87.48798216130305,10.498983748217114,10.498983748217114,51-100 Moderate
2026-05-01 18:00:00,77.71226501464844,87.55862715154267,9.846362136894228,9.846362136894228,51-100 Moderate
2026-05-01 19:00:00,78.56918334960938,87.25372656233564,8.684543212726268,8.684543212726268,51-100 Moderate
2026-05-01 20:00:00,79.57546997070312,86.40729869267902,6.831828721975896,6.831828721975896,51-100 Moderate
2026-05-01 21:00:00,80.6682357788086,85.80339739446191,5.135161615653317,5.135161615653317,51-100 Moderate
2026-05-01 22:00:00,81.77672576904297,85.62554645217269,3.8488206831297163,3.8488206831297163,51-100 Moderate
2026-05-01 23:00:00,82.89308166503906,85.39965601009122,2.506574345052158,2.506574345052158,51-100 Moderate
2026-05-02 00:00:00,84.07232666015625,85.49598220912812,1.4236555489718654,1.4236555489718654,51-100 Moderate
2026-05-02 01:00:00,85.7625732421875,87.19949316476557,1.4369199225780704,1.4369199225780704,51-100 Moderate
2026-05-02 02:00:00,87.47640991210938,89.61851887851562,2.1421089664062407,2.1421089664062407,51-100 Moderate
2026-05-02 03:00:00,89.42609405517578,92.08105486959226,2.6549608144164836,2.6549608144164836,51-100 Moderate
2026-05-02 04:00:00,91.76885986328125,96.91945061923448,5.150590755953232,5.150590755953232,51-100 Moderate
2026-05-02 05:00:00,95.196533203125,99.8178749316267,4.621341728501704,4.621341728501704,51-100 Moderate
2026-05-02 06:00:00,98.87577819824219,99.90755794256941,1.031779744327224,1.031779744327224,51-100 Moderate
2026-05-02 07:00:00,99.37106323242188,97.17481806633305,-2.196245166088829,2.196245166088829,51-100 Moderate
2026-05-02 08:00:00,98.98584747314453,94.10253589709521,-4.883311576049323,4.883311576049323,51-100 Moderate
2026-05-02 09:00:00,98.45125579833984,90.7480176186122,-7.703238179727649,7.703238179727649,51-100 Moderate
2026-05-02 10:00:00,99.31875610351562,88.97012245687677,-10.34863364663886,10.34863364663886,51-100 Moderate
2026-05-02 11:00:00,100.63750457763672,88.9203908359697,-11.71711374166702,11.71711374166702,101-150 Unhealthy for Sensitive
2026-05-02 12:00:00,113.90304565429688,88.47018339917332,-25.432862255123553,25.432862255123553,101-150 Unhealthy for Sensitive
2026-05-02 13:00:00,125.1700668334961,89.51394323394841,-35.65612359954768,35.65612359954768,101-150 Unhealthy for Sensitive
2026-05-02 14:00:00,124.53231811523438,90.45346216614826,-34.07885594908612,34.07885594908612,101-150 Unhealthy for Sensitive
2026-05-02 15:00:00,113.4778823852539,89.21998297514935,-24.257899410104557,24.257899410104557,101-150 Unhealthy for Sensitive
2026-05-02 16:00:00,112.66667938232422,88.23855210246748,-24.42812727985674,24.42812727985674,101-150 Unhealthy for Sensitive
2026-05-02 17:00:00,115.29166412353516,87.88257387450689,-27.409090249028267,27.409090249028267,101-150 Unhealthy for Sensitive
2026-05-02 18:00:00,118.20626068115234,87.57896302246067,-30.627297658691674,30.627297658691674,101-150 Unhealthy for Sensitive
2026-05-02 19:00:00,121.20834350585938,87.36956663094647,-33.83877687491291,33.83877687491291,101-150 Unhealthy for Sensitive
2026-05-02 20:00:00,124.0208511352539,87.01048617623279,-37.01036495902112,37.01036495902112,101-150 Unhealthy for Sensitive
2026-05-02 21:00:00,126.63542938232422,86.45220660978914,-40.183222772535075,40.183222772535075,101-150 Unhealthy for Sensitive
2026-05-02 22:00:00,129.07501220703125,85.80301492022636,-43.27199728680489,43.27199728680489,101-150 Unhealthy for Sensitive
2026-05-02 23:00:00,131.3541717529297,85.2469792286581,-46.10719252427158,46.10719252427158,101-150 Unhealthy for Sensitive
2026-05-03 00:00:00,133.22084045410156,85.88408292677,-47.33675752733156,47.33675752733156,101-150 Unhealthy for Sensitive
2026-05-03 01:00:00,133.1229248046875,84.19302320645396,-48.92990159823354,48.92990159823354,101-150 Unhealthy for Sensitive
2026-05-03 02:00:00,132.79376220703125,82.4957737945206,-50.29798841251065,50.29798841251065,101-150 Unhealthy for Sensitive
2026-05-03 03:00:00,131.55209350585938,80.88972561179726,-50.662367894062115,50.662367894062115,101-150 Unhealthy for Sensitive
2026-05-03 04:00:00,129.92083740234375,80.40873797819101,-49.51209942415274,49.51209942415274,101-150 Unhealthy for Sensitive
2026-05-03 05:00:00,124.77084350585938,82.26037406246968,-42.510469443389695,42.510469443389695,101-150 Unhealthy for Sensitive
2026-05-03 06:00:00,118.49999237060547,85.06558208866211,-33.43441028194336,33.43441028194336,101-150 Unhealthy for Sensitive
2026-05-03 07:00:00,119.01042175292969,85.5151930134136,-33.495228739516094,33.495228739516094,101-150 Unhealthy for Sensitive
2026-05-03 08:00:00,120.36458587646484,86.72798443943682,-33.63660143702802,33.63660143702802,101-150 Unhealthy for Sensitive
2026-05-03 09:00:00,121.41666412353516,88.45277249968353,-32.96389162385162,32.96389162385162,101-150 Unhealthy for Sensitive
2026-05-03 10:00:00,121.94792938232422,91.73748730362846,-30.210442078695763,30.210442078695763,101-150 Unhealthy for Sensitive
2026-05-03 11:00:00,121.81250762939453,95.60351473855724,-26.208992890837294,26.208992890837294,101-150 Unhealthy for Sensitive
2026-05-03 12:00:00,127.08333587646484,98.375600996851,-28.707734879613838,28.707734879613838,101-150 Unhealthy for Sensitive
2026-05-03 13:00:00,124.95748138427734,96.65758257150799,-28.299898812769356,28.299898812769356,101-150 Unhealthy for Sensitive
2026-05-03 14:00:00,115.16667938232422,91.93069393370104,-23.235985448623182,23.235985448623182,101-150 Unhealthy for Sensitive
2026-05-03 15:00:00,112.30208587646484,89.25811606418313,-23.043969812281716,23.043969812281716,101-150 Unhealthy for Sensitive
2026-05-03 16:00:00,109.66665649414062,85.90082457662949,-23.765831917511136,23.765831917511136,101-150 Unhealthy for Sensitive
2026-05-03 17:00:00,107.02082824707031,87.63118991445444,-19.389638332615874,19.389638332615874,101-150 Unhealthy for Sensitive
2026-05-03 18:00:00,104.45832824707031,85.3937834301451,-19.064544816925206,19.064544816925206,101-150 Unhealthy for Sensitive
2026-05-03 19:00:00,102.24999237060547,85.58227399526044,-16.667718375345032,16.667718375345032,101-150 Unhealthy for Sensitive
2026-05-03 20:00:00,100.27082824707031,86.0878009486678,-14.183027298402507,14.183027298402507,101-150 Unhealthy for Sensitive
2026-05-03 21:00:00,98.6556625366211,86.27638315018,-12.379279386441098,12.379279386441098,51-100 Moderate
2026-05-03 22:00:00,97.16194915771484,85.08060926005216,-12.081339897662687,12.081339897662687,51-100 Moderate
2026-05-03 23:00:00,95.73112487792969,85.08745979425058,-10.64366508367911,10.64366508367911,51-100 Moderate
2026-05-04 00:00:00,94.4968490600586,87.00073673594956,-7.496112324109035,7.496112324109035,51-100 Moderate
2026-05-04 01:00:00,94.41036224365234,87.07571791325283,-7.334644330399513,7.334644330399513,51-100 Moderate
2026-05-04 02:00:00,94.81917572021484,87.39605058150119,-7.423125138713658,7.423125138713658,51-100 Moderate
2026-05-04 03:00:00,95.25941467285156,87.74159412465524,-7.517820548196326,7.517820548196326,51-100 Moderate
2026-05-04 04:00:00,95.196533203125,101.25959770328869,6.063064500163691,6.063064500163691,51-100 Moderate
2026-05-04 05:00:00,95.02357482910156,112.61349972853986,17.5899248994383,17.5899248994383,51-100 Moderate
2026-05-04 06:00:00,94.79559326171875,95.85578405152286,1.0601907898041105,1.0601907898041105,51-100 Moderate
2026-05-04 07:00:00,94.37892150878906,85.00147056280578,-9.377450945983284,9.377450945983284,51-100 Moderate
2026-05-04 08:00:00,93.79716491699219,86.73567418839568,-7.06149072859651,7.06149072859651,51-100 Moderate
2026-05-04 09:00:00,93.29402160644531,93.0127652089526,-0.2812563974927116,0.2812563974927116,51-100 Moderate
2026-05-04 10:00:00,92.90093994140625,97.94429452705647,5.043354585650221,5.043354585650221,51-100 Moderate
2026-05-04 11:00:00,92.6021957397461,106.2575263879091,13.655330648163002,13.655330648163002,51-100 Moderate
2026-05-04 12:00:00,92.27987670898438,112.85956711835055,20.57969040936618,20.57969040936618,51-100 Moderate
2026-05-04 13:00:00,92.48426818847656,114.04486376686697,21.560595578390405,21.560595578390405,51-100 Moderate
2026-05-04 14:00:00,92.68868255615234,113.66144638635147,20.972763830199128,20.972763830199128,51-100 Moderate
2026-05-04 15:00:00,92.86162567138672,109.26517175954152,16.403546088154798,16.403546088154798,51-100 Moderate
2026-05-04 16:00:00,92.86949920654297,109.55689774510759,16.687398538564622,16.687398538564622,51-100 Moderate
2026-05-04 17:00:00,92.77515411376953,109.61853271247872,16.843378598709194,16.843378598709194,51-100 Moderate
2026-05-04 18:00:00,92.49999237060547,108.67555363695526,16.17556126634979,16.17556126634979,51-100 Moderate
2026-05-04 19:00:00,91.96541595458984,107.00953597476462,15.044120020174773,15.044120020174773,51-100 Moderate
2026-05-04 20:00:00,91.38365173339844,105.23960295834668,13.855951224948242,13.855951224948242,51-100 Moderate
2026-05-04 21:00:00,90.93553161621094,104.02518738892245,13.08965577271151,13.08965577271151,51-100 Moderate
2026-05-04 22:00:00,90.50314331054688,102.3614176792016,11.858274368654719,11.858274368654719,51-100 Moderate
2026-05-04 23:00:00,90.08648681640625,100.13328637975422,10.046799563347975,10.046799563347975,51-100 Moderate
2026-05-05 00:00:00,89.58333587646484,93.66892763019419,4.0855917537293465,4.0855917537293465,51-100 Moderate
2026-05-05 01:00:00,88.16824340820312,91.51675981763036,3.3485164094272335,3.3485164094272335,51-100 Moderate
2026-05-05 02:00:00,86.34434509277344,88.41507980178895,2.070734709015511,2.070734709015511,51-100 Moderate
2026-05-05 03:00:00,84.42610168457031,86.48746415113555,2.0613624665652424,2.0613624665652424,51-100 Moderate
2026-05-05 04:00:00,82.88522338867188,79.36420399189736,-3.52101939677452,3.52101939677452,51-100 Moderate
2026-05-05 05:00:00,81.41509246826172,74.21554630832227,-7.199546159939445,7.199546159939445,51-100 Moderate
2026-05-05 06:00:00,79.92924499511719,81.41990365267745,1.4906586575602603,1.4906586575602603,51-100 Moderate
2026-05-05 07:00:00,78.53773498535156,83.76896053003037,5.231225544678807,5.231225544678807,51-100 Moderate
2026-05-05 08:00:00,77.41352081298828,82.40087252256086,4.987351709572579,4.987351709572579,51-100 Moderate
2026-05-05 09:00:00,76.58019256591797,81.96747149916074,5.387278933242769,5.387278933242769,51-100 Moderate
2026-05-05 10:00:00,75.92767333984375,81.64590333424073,5.718229994396978,5.718229994396978,51-100 Moderate
2026-05-05 11:00:00,75.34590911865234,80.23370087493691,4.887791756284571,4.887791756284571,51-100 Moderate
2026-05-05 12:00:00,74.81132507324219,80.37401205099815,5.562686977755959,5.562686977755959,51-100 Moderate
2026-05-05 13:00:00,73.90724182128906,79.7061816083148,5.798939787025731,5.798939787025731,51-100 Moderate
2026-05-05 14:00:00,73.08961486816406,76.73850492898148,3.648890060817422,3.648890060817422,51-100 Moderate
2026-05-05 15:00:00,72.31918334960938,75.35308312213172,3.0338997725223464,3.0338997725223464,51-100 Moderate
2026-05-05 16:00:00,71.50942993164062,73.31973972465703,1.8103097930164012,1.8103097930164012,51-100 Moderate
2026-05-05 17:00:00,70.6603775024414,72.39824180067015,1.737864298228743,1.737864298228743,51-100 Moderate
2026-05-05 18:00:00,69.85063171386719,72.60273610985604,2.7521043959888516,2.7521043959888516,51-100 Moderate
2026-05-05 19:00:00,69.10377502441406,72.82404610902844,3.7202710846143816,3.7202710846143816,51-100 Moderate
2026-05-05 20:00:00,68.38836669921875,72.50001073259835,4.111644033379605,4.111644033379605,51-100 Moderate
2026-05-05 21:00:00,67.74372100830078,72.46806541069756,4.724344402396781,4.724344402396781,51-100 Moderate
2026-05-05 22:00:00,67.20912170410156,72.86266616542218,5.653544461320621,5.653544461320621,51-100 Moderate
2026-05-05 23:00:00,66.80817413330078,73.6823150076984,6.874140874397625,6.874140874397625,51-100 Moderate
2026-05-06 00:00:00,66.54088592529297,77.10530121038688,10.564415285093915,10.564415285093915,51-100 Moderate
2026-05-06 01:00:00,66.48585510253906,80.00814629031035,13.522291187771287,13.522291187771287,51-100 Moderate
2026-05-06 02:00:00,66.50943756103516,80.96900654382806,14.459568982792902,14.459568982792902,51-100 Moderate
2026-05-06 03:00:00,66.57233428955078,78.57376935748668,12.001435067935901,12.001435067935901,51-100 Moderate
2026-05-06 04:00:00,66.61949920654297,76.8536002199442,10.23410101340123,10.23410101340123,51-100 Moderate
2026-05-06 05:00:00,66.6823959350586,76.95555409647238,10.27315816141379,10.27315816141379,51-100 Moderate
2026-05-06 06:00:00,66.79244995117188,78.74105032032932,11.948600369157447,11.948600369157447,51-100 Moderate
2026-05-06 07:00:00,66.96540832519531,78.23477561373198,11.269367288536671,11.269367288536671,51-100 Moderate
2026-05-06 08:00:00,67.16194915771484,77.4969896843402,10.335040526625363,10.335040526625363,51-100 Moderate
2026-05-06 09:00:00,67.30345916748047,77.10554285118027,9.802083683699806,9.802083683699806,51-100 Moderate
2026-05-06 10:00:00,67.38993835449219,77.28543283653019,9.895494482038004,9.895494482038004,51-100 Moderate
2026-05-06 11:00:00,67.42924499511719,77.08861080343033,9.65936580831314,9.65936580831314,51-100 Moderate
2026-05-06 12:00:00,67.42137908935547,81.84914967140051,14.427770582045042,14.427770582045042,51-100 Moderate
2026-05-06 13:00:00,67.64151000976562,82.51577084210598,14.874260832340354,14.874260832340354,51-100 Moderate
2026-05-06 14:00:00,67.79873657226562,81.31260652132684,13.513869949061217,13.513869949061217,51-100 Moderate
2026-05-06 15:00:00,67.90093994140625,77.81661594878442,9.915676007378167,9.915676007378167,51-100 Moderate
2026-05-06 16:00:00,68.0503158569336,76.67290300501024,8.622587148076647,8.622587148076647,51-100 Moderate
2026-05-06 17:00:00,68.21540832519531,76.46137952717442,8.245971201979103,8.245971201979103,51-100 Moderate
2026-05-06 18:00:00,68.31761169433594,76.0410636654612,7.723451971125257,7.723451971125257,51-100 Moderate
2026-05-06 19:00:00,68.29402923583984,75.41707554750829,7.123046311668446,7.123046311668446,51-100 Moderate
2026-05-06 20:00:00,68.20755004882812,75.34443338956052,7.136883340732396,7.136883340732396,51-100 Moderate
2026-05-06 21:00:00,68.1289291381836,75.42642234966932,7.29749321148573,7.29749321148573,51-100 Moderate
2026-05-06 22:00:00,68.05818176269531,74.91596182406118,6.857780061365872,6.857780061365872,51-100 Moderate
2026-05-06 23:00:00,68.0110092163086,74.2878593721129,6.276850155804311,6.276850155804311,51-100 Moderate
2026-05-07 00:00:00,67.97956085205078,71.33253694075734,3.352976088706555,3.352976088706555,51-100 Moderate
2026-05-07 01:00:00,68.34906005859375,70.56476527054902,2.2157052119552674,2.2157052119552674,51-100 Moderate
2026-05-07 02:00:00,68.71855926513672,70.07720036101037,1.3586410958736508,1.3586410958736508,51-100 Moderate
2026-05-07 03:00:00,69.05661010742188,69.25541815791593,0.19880805049405126,0.19880805049405126,51-100 Moderate
2026-05-07 04:00:00,69.25314331054688,64.24019839881592,-5.012944911730955,5.012944911730955,51-100 Moderate
2026-05-07 05:00:00,69.28459167480469,61.84327335153857,-7.441318323266117,7.441318323266117,51-100 Moderate
2026-05-07 06:00:00,69.28459167480469,68.24269222222875,-1.041899452575933,1.041899452575933,51-100 Moderate
2026-05-07 07:00:00,69.22169494628906,70.43195754382508,1.2102625975360155,1.2102625975360155,51-100 Moderate
2026-05-07 08:00:00,69.05661010742188,70.8861011552355,1.8294910478136188,1.8294910478136188,51-100 Moderate
2026-05-07 09:00:00,68.8836441040039,70.1720125167335,1.2883684127295965,1.2883684127295965,51-100 Moderate
2026-05-07 10:00:00,68.75,69.35343118938741,0.6034311893874076,0.6034311893874076,51-100 Moderate
2026-05-07 11:00:00,68.67924499511719,67.91899610159322,-0.7602488935239649,0.7602488935239649,51-100 Moderate
2026-05-07 12:00:00,68.62420654296875,68.23682124335897,-0.3873852996097753,0.3873852996097753,51-100 Moderate
2026-05-07 13:00:00,68.6556625366211,68.71360045990505,0.057937923283958526,0.057937923283958526,51-100 Moderate
2026-05-07 14:00:00,68.69497680664062,68.91366774526932,0.21869093862869704,0.21869093862869704,51-100 Moderate
2026-05-07 15:00:00,68.7735824584961,67.66934858496379,-1.1042338735323085,1.1042338735323085,51-100 Moderate
2026-05-07 16:00:00,68.89936828613281,67.01371515227581,-1.885653133857005,1.885653133857005,51-100 Moderate
2026-05-07 17:00:00,69.08805084228516,66.91535024721,-2.172700595075156,2.172700595075156,51-100 Moderate
2026-05-07 18:00:00,69.38679504394531,66.84687193442144,-2.539923109523869,2.539923109523869,51-100 Moderate
2026-05-07 19:00:00,69.80345153808594,67.07270706029286,-2.730744477793081,2.730744477793081,51-100 Moderate
2026-05-07 20:00:00,70.22798156738281,67.40595645872634,-2.822025108656476,2.822025108656476,51-100 Moderate
2026-05-07 21:00:00,70.55816650390625,67.72583018658875,-2.8323363173174982,2.8323363173174982,51-100 Moderate
2026-05-07 22:00:00,70.80188751220703,68.09328073802862,-2.7086067741784063,2.7086067741784063,51-100 Moderate
2026-05-07 23:00:00,70.96697998046875,68.55792171112846,-2.409058269340292,2.409058269340292,51-100 Moderate
2026-05-08 00:00:00,71.08490753173828,69.81845925190044,-1.2664482798378458,1.2664482798378458,51-100 Moderate
2026-05-08 01:00:00,70.7468490600586,70.6839540433193,-0.0628950167392901,0.0628950167392901,51-100 Moderate
2026-05-08 02:00:00,70.44811248779297,71.2232683519394,0.7751558641464271,0.7751558641464271,51-100 Moderate
2026-05-08 03:00:00,70.1729507446289,70.57395881242975,0.40100806780084497,0.40100806780084497,51-100 Moderate
2026-05-08 04:00:00,70.33804321289062,69.85447006904806,-0.48357314384256256,0.48357314384256256,51-100 Moderate
2026-05-08 05:00:00,70.33804321289062,69.65316222610925,-0.6848809867813799,0.6848809867813799,51-100 Moderate
2026-05-08 06:00:00,70.31446075439453,70.07127164395618,-0.243189110438351,0.243189110438351,51-100 Moderate
2026-05-08 07:00:00,70.29087829589844,70.82800704004427,0.5371287441458321,0.5371287441458321,51-100 Moderate
2026-05-08 08:00:00,70.36163330078125,71.2025733700917,0.8409400693104487,0.8409400693104487,51-100 Moderate
2026-05-08 09:00:00,70.56603240966797,71.68791141345261,1.1218790037846418,1.1218790037846418,51-100 Moderate
2026-05-08 10:00:00,70.85691833496094,72.3410818083896,1.4841634734286657,1.4841634734286657,51-100 Moderate
2026-05-08 11:00:00,71.13207244873047,72.94531149723807,1.8132390485075973,1.8132390485075973,51-100 Moderate
2026-05-08 12:00:00,71.3443374633789,75.36923499853464,4.024897535155731,4.024897535155731,51-100 Moderate
2026-05-08 13:00:00,71.29716491699219,75.81539435563214,4.518229438639949,4.518229438639949,51-100 Moderate
2026-05-08 14:00:00,71.21855163574219,74.61145793118109,3.3929062954389053,3.3929062954389053,51-100 Moderate
2026-05-08 15:00:00,71.1556625366211,73.72419211135185,2.5685295747307606,2.5685295747307606,51-100 Moderate
2026-05-08 16:00:00,71.10063171386719,73.2210033431605,2.1203716292933166,2.1203716292933166,51-100 Moderate
2026-05-08 17:00:00,71.04560089111328,72.76574837904481,1.720147487931527,1.720147487931527,51-100 Moderate
2026-05-08 18:00:00,70.95912170410156,72.11542846546742,1.1563067613658546,1.1563067613658546,51-100 Moderate
2026-05-08 19:00:00,70.80974578857422,71.69026799249892,0.8805222039246985,0.8805222039246985,51-100 Moderate
2026-05-08 20:00:00,70.61320495605469,71.73782842914505,1.1246234730903666,1.1246234730903666,51-100 Moderate
2026-05-08 21:00:00,70.44025421142578,71.51043218733133,1.0701779759055512,1.0701779759055512,51-100 Moderate
2026-05-08 22:00:00,70.30660247802734,71.25261331775968,0.9460108397323381,0.9460108397323381,51-100 Moderate
2026-05-08 23:00:00,70.22798919677734,70.9684841044688,0.7404949076914562,0.7404949076914562,51-100 Moderate
2026-05-09 00:00:00,70.18868255615234,72.55618178471731,2.3674992285649665,2.3674992285649665,51-100 Moderate
2026-05-09 01:00:00,70.29087829589844,72.49404747640135,2.203169180502911,2.203169180502911,51-100 Moderate
2026-05-09 02:00:00,70.29874420166016,72.09501533631665,1.796271134656493,1.796271134656493,51-100 Moderate
2026-05-09 03:00:00,70.29874420166016,70.6364839890143,0.33773978735413834,0.33773978735413834,51-100 Moderate
2026-05-09 04:00:00,70.07076263427734,69.19266264877116,-0.8780999855061822,0.8780999855061822,51-100 Moderate
2026-05-09 05:00:00,70.18082427978516,69.32096018659858,-0.8598640931865731,0.8598640931865731,51-100 Moderate
2026-05-09 06:00:00,70.30660247802734,70.83918310702104,0.5325806289936992,0.5325806289936992,51-100 Moderate
2026-05-09 07:00:00,70.36949920654297,71.94710738219187,1.5776081756489049,1.5776081756489049,51-100 Moderate
2026-05-09 08:00:00,70.33805847167969,73.29438452934141,2.9563260576617267,2.9563260576617267,51-100 Moderate
2026-05-09 09:00:00,70.25943756103516,74.37754202848093,4.118104467445775,4.118104467445775,51-100 Moderate
2026-05-09 10:00:00,70.20439910888672,75.21098027270962,5.006581163822901,5.006581163822901,51-100 Moderate
2026-05-09 11:00:00,70.24371337890625,75.66760594517173,5.423892566265479,5.423892566265479,51-100 Moderate
2026-05-09 12:00:00,70.40880584716797,76.26074437842985,5.8519385312618795,5.8519385312618795,51-100 Moderate
2026-05-09 13:00:00,70.68396759033203,76.55537851242764,5.871410922095606,5.871410922095606,51-100 Moderate
2026-05-09 14:00:00,70.95125579833984,76.22294131284629,5.271685514506444,5.271685514506444,51-100 Moderate
2026-05-09 15:00:00,71.1556625366211,75.80969122502577,4.654028688404679,4.654028688404679,51-100 Moderate
2026-05-09 16:00:00,71.36006164550781,75.57676691098582,4.216705265478012,4.216705265478012,51-100 Moderate
2026-05-09 17:00:00,71.51729583740234,75.64556783605238,4.128271998650035,4.128271998650035,51-100 Moderate
2026-05-09 18:00:00,71.65879821777344,75.436716178177,3.777917960403556,3.777917960403556,51-100 Moderate
2026-05-09 19:00:00,71.76886749267578,75.31773420206635,3.548866709390566,3.548866709390566,51-100 Moderate
2026-05-09 20:00:00,71.83961486816406,74.97446119702629,3.134846328862224,3.134846328862224,51-100 Moderate
2026-05-09 21:00:00,71.8789291381836,74.67878330546232,2.799854167278724,2.799854167278724,51-100 Moderate
2026-05-09 22:00:00,71.9103775024414,74.34403941118575,2.433661908744341,2.433661908744341,51-100 Moderate
2026-05-09 23:00:00,71.98113250732422,73.99224738962589,2.011114882301669,2.011114882301669,51-100 Moderate
2026-05-10 00:00:00,72.05975341796875,73.47582140076116,1.4160679827924127,1.4160679827924127,51-100 Moderate
2026-05-10 01:00:00,72.05188751220703,73.67738952695012,1.6255020147430912,1.6255020147430912,51-100 Moderate
2026-05-10 02:00:00,71.9732666015625,74.30433572040818,2.331069118845676,2.331069118845676,51-100 Moderate
2026-05-10 03:00:00,71.83961486816406,75.98739872929276,4.147783861128701,4.147783861128701,51-100 Moderate
2026-05-10 04:00:00,71.70597076416016,73.97235891994474,2.2663881557845826,2.2663881557845826,51-100 Moderate
2026-05-10 05:00:00,71.61949920654297,73.14331979295295,1.5238205864099825,1.5238205864099825,51-100 Moderate
2026-05-10 06:00:00,71.60377502441406,73.62548510587524,2.0217100814611797,2.0217100814611797,51-100 Moderate
2026-05-10 07:00:00,71.72956085205078,74.35339962940796,2.6238387773571787,2.6238387773571787,51-100 Moderate
2026-05-10 08:00:00,71.9732666015625,75.56644098107697,3.5931743795144655,3.5931743795144655,51-100 Moderate
2026-05-10 09:00:00,72.31131744384766,76.55619161512148,4.244874171273821,4.244874171273821,51-100 Moderate
2026-05-10 10:00:00,72.80660247802734,76.81967145038726,4.0130689723599176,4.0130689723599176,51-100 Moderate
2026-05-10 11:00:00,73.49842071533203,76.52452300644349,3.0261022911114566,3.0261022911114566,51-100 Moderate
2026-05-10 12:00:00,82.65304565429688,76.04430420230935,-6.608741451987527,6.608741451987527,51-100 Moderate
2026-05-10 13:00:00,88.60545349121094,75.70391066759622,-12.901542823614719,12.901542823614719,51-100 Moderate
2026-05-10 14:00:00,85.41666412353516,75.67605407728207,-9.740610046253082,9.740610046253082,51-100 Moderate
2026-05-10 15:00:00,76.98112487792969,74.48215022667054,-2.4989746512591466,2.4989746512591466,51-100 Moderate
2026-05-10 16:00:00,77.50786590576172,74.17175130508224,-3.3361146006794797,3.3361146006794797,51-100 Moderate
2026-05-10 17:00:00,77.91667175292969,74.17383039734351,-3.7428413555861795,3.7428413555861795,51-100 Moderate
2026-05-10 18:00:00,78.27043151855469,73.56906617975564,-4.70136533879905,4.70136533879905,51-100 Moderate
2026-05-10 19:00:00,78.49842071533203,72.78269544547757,-5.71572526985446,5.71572526985446,51-100 Moderate
2026-05-10 20:00:00,78.63993835449219,72.37407129745503,-6.2658670570371555,6.2658670570371555,51-100 Moderate
2026-05-10 21:00:00,78.77359008789062,72.67729171267055,-6.096298375220073,6.096298375220073,51-100 Moderate
2026-05-10 22:00:00,79.025146484375,72.62692111500414,-6.398225369370863,6.398225369370863,51-100 Moderate
2026-05-10 23:00:00,79.41824340820312,72.8867056483989,-6.531537759804223,6.531537759804223,51-100 Moderate
2026-05-11 00:00:00,79.87421417236328,69.00155532476852,-10.872658847594764,10.872658847594764,51-100 Moderate
2026-05-11 01:00:00,81.6588134765625,69.27334546267207,-12.385468013890431,12.385468013890431,51-100 Moderate
2026-05-11 02:00:00,83.09749603271484,68.37155707343106,-14.72593895928378,14.72593895928378,51-100 Moderate
2026-05-11 03:00:00,84.28459167480469,67.84595623779401,-16.438635437010674,16.438635437010674,51-100 Moderate
2026-05-11 04:00:00,85.30661010742188,63.47016247719624,-21.836447630225635,21.836447630225635,51-100 Moderate
2026-05-11 05:00:00,86.40724182128906,61.23669511422074,-25.170546707068326,25.170546707068326,51-100 Moderate
2026-05-11 06:00:00,88.21540832519531,68.32333939928401,-19.892068925911303,19.892068925911303,51-100 Moderate
2026-05-11 07:00:00,90.92767333984375,70.07165968800889,-20.856013651834857,20.856013651834857,51-100 Moderate
2026-05-11 08:00:00,93.87578582763672,70.72222042797071,-23.153565399666007,23.153565399666007,51-100 Moderate
2026-05-11 09:00:00,95.99056243896484,70.81579234326848,-25.17477009569636,25.17477009569636,51-100 Moderate
2026-05-11 10:00:00,96.47012329101562,70.78393087041928,-25.686192420596342,25.686192420596342,51-100 Moderate
2026-05-11 11:00:00,95.60533905029297,70.43095605039612,-25.17438299989685,25.17438299989685,51-100 Moderate
2026-05-11 12:00:00,94.30817413330078,71.36777607708156,-22.940398056219223,22.940398056219223,51-100 Moderate
2026-05-11 13:00:00,92.86949920654297,72.16743055133293,-20.70206865521004,20.70206865521004,51-100 Moderate
2026-05-11 14:00:00,91.47798919677734,71.61757484911064,-19.860414347666705,19.860414347666705,51-100 Moderate
2026-05-11 15:00:00,90.28302001953125,70.42478858138725,-19.858231438144003,19.858231438144003,51-100 Moderate
2026-05-11 16:00:00,89.22956085205078,69.9118983286256,-19.317662523425184,19.317662523425184,51-100 Moderate
2026-05-11 17:00:00,88.30188751220703,69.58524839067007,-18.716639121536957,18.716639121536957,51-100 Moderate
2026-05-11 18:00:00,87.48426818847656,69.36917868070431,-18.115089507772254,18.115089507772254,51-100 Moderate
2026-05-11 19:00:00,86.9339599609375,69.32460399976462,-17.60935596117288,17.60935596117288,51-100 Moderate
2026-05-11 20:00:00,86.65093994140625,69.72658378951505,-16.924356151891203,16.924356151891203,51-100 Moderate
2026-05-11 21:00:00,86.54087829589844,70.47851927998116,-16.06235901591728,16.06235901591728,51-100 Moderate
2026-05-11 22:00:00,86.36006164550781,71.18386710189299,-15.176194543614827,15.176194543614827,51-100 Moderate
2026-05-11 23:00:00,85.6682357788086,71.86869127601197,-13.799544502796621,13.799544502796621,51-100 Moderate
2026-05-12 00:00:00,84.60691833496094,72.25286640502661,-12.354051929934329,12.354051929934329,51-100 Moderate
2026-05-12 01:00:00,82.13050079345703,72.72143238195396,-9.409068411503071,9.409068411503071,51-100 Moderate
2026-05-12 02:00:00,80.03144073486328,73.74595747619446,-6.285483258668819,6.285483258668819,51-100 Moderate
2026-05-12 03:00:00,78.21540832519531,74.18496535918833,-4.030442966006987,4.030442966006987,51-100 Moderate
2026-05-12 04:00:00,76.67453002929688,74.25801835455022,-2.4165116747466584,2.4165116747466584,51-100 Moderate
2026-05-12 05:00:00,74.9842758178711,75.72166150940618,0.7373856915350814,0.7373856915350814,51-100 Moderate
2026-05-12 06:00:00,72.41352081298828,78.17631192055971,5.762791107571431,5.762791107571431,51-100 Moderate
2026-05-12 07:00:00,68.7264175415039,80.69092604771663,11.964508506212724,11.964508506212724,51-100 Moderate
2026-05-12 08:00:00,64.73270416259766,82.49211642714698,17.759412264549326,17.759412264549326,51-100 Moderate
2026-05-12 09:00:00,61.477989196777344,84.88504741785191,23.407058221074564,23.407058221074564,51-100 Moderate
2026-05-12 10:00:00,59.7248420715332,87.32748826320406,27.602646191670857,27.602646191670857,51-100 Moderate
2026-05-12 11:00:00,59.14308547973633,89.26313242079307,30.120046941056742,30.120046941056742,51-100 Moderate
2026-05-12 12:00:00,58.867923736572266,93.370155184494,34.50223144792173,34.50223144792173,51-100 Moderate
2026-05-12 13:00:00,58.89937210083008,92.525351801341,33.625979700510925,33.625979700510925,51-100 Moderate
2026-05-12 14:00:00,58.9465446472168,88.2777018856565,29.3311572384397,29.3311572384397,51-100 Moderate
2026-05-12 15:00:00,58.96226119995117,84.22556178483957,25.2633005848884,25.2633005848884,51-100 Moderate
2026-05-12 16:00:00,58.64780044555664,83.97738170111788,25.329581255561237,25.329581255561237,51-100 Moderate
2026-05-12 17:00:00,58.27830505371094,82.4956692381612,24.21736418445026,24.21736418445026,51-100 Moderate
2026-05-12 18:00:00,57.83804702758789,81.51767370335719,23.6796266757693,23.6796266757693,51-100 Moderate
2026-05-12 19:00:00,57.295597076416016,80.58178488320374,23.286187806787723,23.286187806787723,51-100 Moderate
2026-05-12 20:00:00,56.65879821777344,80.42504883586071,23.76625061808727,23.76625061808727,51-100 Moderate
2026-05-12 21:00:00,55.93553161621094,80.90776119570872,24.972229579497778,24.972229579497778,51-100 Moderate
2026-05-12 22:00:00,55.22798156738281,81.58024028485517,26.352258717472353,26.352258717472353,51-100 Moderate
2026-05-12 23:00:00,54.88207244873047,81.64082876573532,26.758756317004853,26.758756317004853,51-100 Moderate
2026-05-13 00:00:00,54.84276580810547,87.17838783515577,32.335622027050306,32.335622027050306,51-100 Moderate
2026-05-13 01:00:00,54.976417541503906,86.11627111617787,31.139853574673964,31.139853574673964,51-100 Moderate
2026-05-13 02:00:00,55.141510009765625,83.1430679910265,28.001557981260873,28.001557981260873,51-100 Moderate
2026-05-13 03:00:00,55.44024658203125,81.42456076005243,25.98431417802118,25.98431417802118,51-100 Moderate
2026-05-13 04:00:00,55.66823959350586,84.24704213368052,28.578802540174664,28.578802540174664,51-100 Moderate
2026-05-13 05:00:00,55.809749603271484,92.16973319099874,36.35998358772726,36.35998358772726,51-100 Moderate
2026-05-13 06:00:00,55.91981506347656,101.61012616587811,45.69031110240155,45.69031110240155,51-100 Moderate
2026-05-13 07:00:00,56.06132125854492,104.58864263286023,48.52732137431531,48.52732137431531,51-100 Moderate
2026-05-13 08:00:00,56.17924499511719,100.10376864820127,43.92452365308408,43.92452365308408,51-100 Moderate
2026-05-13 09:00:00,56.30503463745117,90.83039799198485,34.52536335453368,34.52536335453368,51-100 Moderate
2026-05-13 10:00:00,56.39936828613281,84.09699031135322,27.69762202522041,27.69762202522041,51-100 Moderate
2026-05-13 11:00:00,56.47012710571289,82.72521773743905,26.255090631726162,26.255090631726162,51-100 Moderate
2026-05-13 12:00:00,56.5408821105957,84.14450978603571,27.60362767544001,27.60362767544001,51-100 Moderate
2026-05-13 13:00:00,56.22641372680664,85.0745089855541,28.848095258747463,28.848095258747463,51-100 Moderate
2026-05-13 14:00:00,55.99842834472656,85.71154733586863,29.713118991142068,29.713118991142068,51-100 Moderate
2026-05-13 15:00:00,55.84119415283203,85.68951998997747,29.84832583714544,29.84832583714544,51-100 Moderate
2026-05-13 16:00:00,55.951255798339844,85.6453011704733,29.69404537213346,29.69404537213346,51-100 Moderate
2026-05-13 17:00:00,55.99056625366211,85.85162165732109,29.86105540365898,29.86105540365898,51-100 Moderate
2026-05-13 18:00:00,56.022010803222656,85.9738212261297,29.951810422907045,29.951810422907045,51-100 Moderate
2026-05-13 19:00:00,56.03773498535156,86.26665914507677,30.22892415972521,30.22892415972521,51-100 Moderate
2026-05-13 20:00:00,56.0141487121582,86.28876102194343,30.274612309785226,30.274612309785226,51-100 Moderate
2026-05-13 21:00:00,55.9748420715332,85.55677828168264,29.581936210149436,29.581936210149436,51-100 Moderate
2026-05-13 22:00:00,55.94339370727539,83.08043942903295,27.13704572175756,27.13704572175756,51-100 Moderate
2026-05-13 23:00:00,55.9591178894043,80.68224436055151,24.72312647114721,24.72312647114721,51-100 Moderate
2026-05-14 00:00:00,56.03773498535156,78.06546187167773,22.027726886326164,22.027726886326164,51-100 Moderate
2026-05-14 01:00:00,56.15565872192383,77.63095773107253,21.4752990091487,21.4752990091487,51-100 Moderate
2026-05-14 02:00:00,56.35219955444336,77.1733009639143,20.82110140947094,20.82110140947094,51-100 Moderate
2026-05-14 03:00:00,56.61163330078125,76.5300933634775,19.918460062696255,19.918460062696255,51-100 Moderate
2026-05-14 04:00:00,56.87106704711914,75.31455671498813,18.443489667868988,18.443489667868988,51-100 Moderate
2026-05-14 05:00:00,57.2484245300293,72.38032895519676,15.131904425167463,15.131904425167463,51-100 Moderate
2026-05-14 06:00:00,57.73584747314453,68.9502839097095,11.214436436564966,11.214436436564966,51-100 Moderate
2026-05-14 07:00:00,58.31761169433594,66.78370197966652,8.46609028533058,8.46609028533058,51-100 Moderate
2026-05-14 08:00:00,58.95440673828125,66.72955488978178,7.775148151500531,7.775148151500531,51-100 Moderate
2026-05-14 09:00:00,59.654090881347656,68.31621567265302,8.66212479130536,8.66212479130536,51-100 Moderate
2026-05-14 10:00:00,60.424530029296875,69.84990237082484,9.42537234152796,9.42537234152796,51-100 Moderate
2026-05-14 11:00:00,61.24213790893555,70.44437044663738,9.202232537701832,9.202232537701832,51-100 Moderate
2026-05-14 12:00:00,62.099056243896484,71.96368246378518,9.864626219888692,9.864626219888692,51-100 Moderate
2026-05-14 13:00:00,63.286163330078125,72.47901527977919,9.192851949701065,9.192851949701065,51-100 Moderate
2026-05-14 14:00:00,64.41824340820312,71.55582197796468,7.137578569761558,7.137578569761558,51-100 Moderate
2026-05-14 15:00:00,65.4481201171875,68.73429483805101,3.2861747208635137,3.2861747208635137,51-100 Moderate
2026-05-14 16:00:00,66.39936828613281,67.70503184409014,1.305663557957331,1.305663557957331,51-100 Moderate
2026-05-14 17:00:00,67.31132507324219,67.43718400949967,0.12585893625748668,0.12585893625748668,51-100 Moderate
2026-05-14 18:00:00,68.21540832519531,67.31102977438664,-0.9043785508086728,0.9043785508086728,51-100 Moderate
2026-05-14 19:00:00,69.11949157714844,67.23165138213511,-1.8878401950133252,1.8878401950133252,51-100 Moderate
2026-05-14 20:00:00,70.01573181152344,67.28281650101553,-2.732915310507906,2.732915310507906,51-100 Moderate
2026-05-14 21:00:00,70.88836669921875,67.56057920722682,-3.327787491991927,3.327787491991927,51-100 Moderate
2026-05-14 22:00:00,71.6823959350586,68.15904937172954,-3.5233465633290564,3.5233465633290564,51-100 Moderate
2026-05-14 23:00:00,72.37421417236328,68.74105998920682,-3.6331541831564635,3.6331541831564635,51-100 Moderate
2026-05-15 00:00:00,72.97169494628906,69.75514442716496,-3.216550519124098,3.216550519124098,51-100 Moderate
2026-05-15 01:00:00,73.49842071533203,69.81045974235307,-3.6879609729789564,3.6879609729789564,51-100 Moderate
2026-05-15 02:00:00,73.92295837402344,70.28450206671937,-3.638456307304068,3.638456307304068,51-100 Moderate
2026-05-15 03:00:00,74.22169494628906,70.34477982402198,-3.8769151222670786,3.8769151222670786,51-100 Moderate
2026-05-15 04:00:00,74.59119415283203,70.16802063948161,-4.42317351335042,4.42317351335042,51-100 Moderate
2026-05-15 05:00:00,75.039306640625,70.3252814808612,-4.714025159763807,4.714025159763807,51-100 Moderate
2026-05-15 06:00:00,75.54244995117188,71.04862679354045,-4.493823157631425,4.493823157631425,51-100 Moderate
2026-05-15 07:00:00,75.99842834472656,71.73761555001126,-4.2608127947153065,4.2608127947153065,51-100 Moderate
2026-05-15 08:00:00,76.367919921875,72.20045906022973,-4.167460861645267,4.167460861645267,51-100 Moderate
2026-05-15 09:00:00,76.59591674804688,72.42774275786991,-4.168173990176967,4.168173990176967,51-100 Moderate
2026-05-15 10:00:00,76.69811248779297,72.5246924592393,-4.1734200285536645,4.1734200285536645,51-100 Moderate
2026-05-15 11:00:00,76.67453002929688,72.64746222273138,-4.027067806565498,4.027067806565498,51-100 Moderate
2026-05-15 12:00:00,76.53302001953125,71.11301202877468,-5.420007990756574,5.420007990756574,51-100 Moderate
2026-05-15 13:00:00,76.45439910888672,72.04383911638826,-4.410559992498463,4.410559992498463,51-100 Moderate
2026-05-15 14:00:00,76.33647918701172,72.46174819473887,-3.874730992272845,3.874730992272845,51-100 Moderate
2026-05-15 15:00:00,76.2735824584961,72.32068506597894,-3.9528973925171584,3.9528973925171584,51-100 Moderate
2026-05-15 16:00:00,76.1478042602539,71.53913789776605,-4.6086663624878526,4.6086663624878526,51-100 Moderate
2026-05-15 17:00:00,76.0691909790039,71.18090174070745,-4.888289238296451,4.888289238296451,51-100 Moderate
2026-05-15 18:00:00,76.0377426147461,70.93963129768738,-5.098111317058709,5.098111317058709,51-100 Moderate
2026-05-15 19:00:00,76.05345916748047,70.88721870230192,-5.1662404651785465,5.1662404651785465,51-100 Moderate
2026-05-15 20:00:00,76.11634826660156,70.93584226769349,-5.180505998908075,5.180505998908075,51-100 Moderate
2026-05-15 21:00:00,76.20283508300781,71.15945432888122,-5.043380754126588,5.043380754126588,51-100 Moderate
2026-05-15 22:00:00,76.32075500488281,71.41955538164414,-4.901199623238668,4.901199623238668,51-100 Moderate
2026-05-15 23:00:00,76.45439910888672,71.79948659813732,-4.654912510749398,4.654912510749398,51-100 Moderate
2026-05-16 00:00:00,76.58019256591797,71.69884849025894,-4.88134407565903,4.88134407565903,51-100 Moderate
2026-05-16 01:00:00,76.6037826538086,72.41017072159772,-4.193611932210871,4.193611932210871,51-100 Moderate
2026-05-16 02:00:00,76.67453002929688,73.60693105387128,-3.0675989754255966,3.0675989754255966,51-100 Moderate
2026-05-16 03:00:00,76.7531509399414,73.70259974709509,-3.0505511928463136,3.0505511928463136,51-100 Moderate
2026-05-16 04:00:00,76.9103775024414,73.73650427451514,-3.173873227926265,3.173873227926265,51-100 Moderate
2026-05-16 05:00:00,76.94182586669922,73.74699793573456,-3.1948279309646637,3.1948279309646637,51-100 Moderate
2026-05-16 06:00:00,76.86320495605469,74.121446915427,-2.741758040627687,2.741758040627687,51-100 Moderate
2026-05-16 07:00:00,76.72956085205078,75.40510206756773,-1.3244587844830562,1.3244587844830562,51-100 Moderate
2026-05-16 08:00:00,76.59591674804688,77.43782656669178,0.8419098186449077,0.8419098186449077,51-100 Moderate
2026-05-16 09:00:00,76.51729583740234,80.00503667202892,3.487740834626578,3.487740834626578,51-100 Moderate
2026-05-16 10:00:00,76.50943756103516,81.90913580266378,5.399698241628627,5.399698241628627,51-100 Moderate
2026-05-16 11:00:00,76.58019256591797,83.04741929898678,6.467226733068813,6.467226733068813,51-100 Moderate
2026-05-16 12:00:00,76.69811248779297,85.02988705946221,8.331774571669243,8.331774571669243,51-100 Moderate
2026-05-16 13:00:00,76.59591674804688,85.58631455108389,8.990397803037013,8.990397803037013,51-100 Moderate
2026-05-16 14:00:00,76.51729583740234,84.90004291972515,8.382747082322808,8.382747082322808,51-100 Moderate
2026-05-16 15:00:00,76.40723419189453,83.59025595581991,7.183021763925382,7.183021763925382,51-100 Moderate
2026-05-16 16:00:00,76.21855926513672,81.82296422793834,5.604404962801624,5.604404962801624,51-100 Moderate
2026-05-16 17:00:00,75.94339752197266,80.71083045159222,4.7674329296195594,4.7674329296195594,51-100 Moderate
2026-05-16 18:00:00,75.57389831542969,80.19773695994326,4.623838644513569,4.623838644513569,51-100 Moderate
2026-05-16 19:00:00,75.15723419189453,80.17869201428084,5.02145782238631,5.02145782238631,51-100 Moderate
2026-05-16 20:00:00,74.72483825683594,80.24195461965093,5.517116362814988,5.517116362814988,51-100 Moderate
2026-05-16 21:00:00,74.30817413330078,79.9810024995632,5.672828366262422,5.672828366262422,51-100 Moderate
2026-05-16 22:00:00,73.93081665039062,79.53799161037936,5.60717495998874,5.60717495998874,51-100 Moderate
2026-05-16 23:00:00,73.60062408447266,79.25022115659901,5.649597072126355,5.649597072126355,51-100 Moderate
2026-05-17 00:00:00,73.30974578857422,79.92159950457466,6.611853716000439,6.611853716000439,51-100 Moderate
2026-05-17 01:00:00,73.1289291381836,79.14553647340546,6.016607335221863,6.016607335221863,51-100 Moderate
2026-05-17 02:00:00,72.9323959350586,78.62540966902114,5.693013733962545,5.693013733962545,51-100 Moderate
2026-05-17 03:00:00,72.83805084228516,78.94847730460457,6.11042646231941,6.11042646231941,51-100 Moderate
2026-05-17 04:00:00,72.68081665039062,79.7373658421122,7.056549191721572,7.056549191721572,51-100 Moderate
2026-05-17 05:00:00,72.539306640625,81.06631896564247,8.527012325017466,8.527012325017466,51-100 Moderate
2026-05-17 06:00:00,72.30345916748047,81.69022283176929,9.386763664288821,9.386763664288821,51-100 Moderate
2026-05-17 07:00:00,72.10691833496094,82.49429407204812,10.387375737087183,10.387375737087183,51-100 Moderate
2026-05-17 08:00:00,72.01258087158203,82.30124401488034,10.288663143298308,10.288663143298308,51-100 Moderate
2026-05-17 09:00:00,72.00471496582031,82.22373018050881,10.219015214688497,10.219015214688497,51-100 Moderate
2026-05-17 10:00:00,71.9889907836914,82.07148985857589,10.082499074884481,10.082499074884481,51-100 Moderate
2026-05-17 11:00:00,71.9496841430664,82.04496936307073,10.095285220004328,10.095285220004328,51-100 Moderate
2026-05-17 12:00:00,71.84748840332031,83.6794481203779,11.831959717057586,11.831959717057586,51-100 Moderate
2026-05-17 13:00:00,71.69811248779297,83.24343671954827,11.545324231755302,11.545324231755302,51-100 Moderate
2026-05-17 14:00:00,71.44654083251953,82.07498613892335,10.628445306403819,10.628445306403819,51-100 Moderate
2026-05-17 15:00:00,71.13993072509766,80.32204479305878,9.182114067961123,9.182114067961123,51-100 Moderate
2026-05-17 16:00:00,70.79402923583984,79.33883442462155,8.544805188781709,8.544805188781709,51-100 Moderate
2026-05-17 17:00:00,70.59748077392578,79.44960957114462,8.852128797218839,8.852128797218839,51-100 Moderate
2026-05-17 18:00:00,70.48741912841797,79.43677068222595,8.949351553807986,8.949351553807986,51-100 Moderate
2026-05-17 19:00:00,70.44025421142578,79.57209584046696,9.131841629041176,9.131841629041176,51-100 Moderate
2026-05-17 20:00:00,70.44025421142578,79.56944219992127,9.129187988495488,9.129187988495488,51-100 Moderate
2026-05-17 21:00:00,70.45597076416016,79.63185247497789,9.175881710817734,9.175881710817734,51-100 Moderate
2026-05-17 22:00:00,70.47956085205078,79.51591240887943,9.036351556828649,9.036351556828649,51-100 Moderate
2026-05-17 23:00:00,70.53459167480469,79.19858820133669,8.663996526532003,8.663996526532003,51-100 Moderate
2026-05-18 00:00:00,70.6289291381836,76.02889249075527,5.399963352571675,5.399963352571675,51-100 Moderate
2026-05-18 01:00:00,70.67610168457031,76.04222784562633,5.366126161056016,5.366126161056016,51-100 Moderate
2026-05-18 02:00:00,70.74685668945312,76.04486013750072,5.298003448047595,5.298003448047595,51-100 Moderate
2026-05-18 03:00:00,70.7468490600586,76.34502228465013,5.598173224591534,5.598173224591534,51-100 Moderate
2026-05-18 04:00:00,70.77043914794922,76.38108303811626,5.61064389016704,5.61064389016704,51-100 Moderate
2026-05-18 05:00:00,70.80188751220703,76.52402593406175,5.722138421854723,5.722138421854723,51-100 Moderate
2026-05-18 06:00:00,70.98270416259766,76.65040462861367,5.667700466016015,5.667700466016015,51-100 Moderate
2026-05-18 07:00:00,71.21855163574219,76.52415959184864,5.305607956106456,5.305607956106456,51-100 Moderate
2026-05-18 08:00:00,71.43081665039062,76.57369019858113,5.142873548190508,5.142873548190508,51-100 Moderate
2026-05-18 09:00:00,71.63522338867188,76.94898623984146,5.313762851169585,5.313762851169585,51-100 Moderate
2026-05-18 10:00:00,71.86321258544922,77.13653261069345,5.273320025244232,5.273320025244232,51-100 Moderate
2026-05-18 11:00:00,72.15408325195312,77.15402605998068,4.999942808027555,4.999942808027555,51-100 Moderate
2026-05-18 12:00:00,72.539306640625,76.76578680243075,4.226480161805753,4.226480161805753,51-100 Moderate
2026-05-18 13:00:00,73.29402923583984,77.11964988492355,3.825620649083703,3.825620649083703,51-100 Moderate
2026-05-18 14:00:00,74.06446075439453,76.86844833627413,2.8039875818795963,2.8039875818795963,51-100 Moderate
2026-05-18 15:00:00,74.85848999023438,75.6597724289902,0.8012824387558197,0.8012824387558197,51-100 Moderate
2026-05-18 16:00:00,75.71540832519531,74.61788348759815,-1.0975248375971631,1.0975248375971631,51-100 Moderate
2026-05-18 17:00:00,76.48584747314453,74.12738471540115,-2.358462757743382,2.358462757743382,51-100 Moderate
2026-05-18 18:00:00,77.15409088134766,73.76332153762014,-3.390769343727513,3.390769343727513,51-100 Moderate
2026-05-18 19:00:00,77.70439910888672,73.81267301233848,-3.89172609654824,3.89172609654824,51-100 Moderate
2026-05-18 20:00:00,78.1996841430664,73.95186793899313,-4.247816204073274,4.247816204073274,51-100 Moderate
2026-05-18 21:00:00,78.67923736572266,74.07772255148532,-4.601514814237333,4.601514814237333,51-100 Moderate
2026-05-18 22:00:00,79.16667175292969,74.11027742183022,-5.056394331099469,5.056394331099469,51-100 Moderate
2026-05-18 23:00:00,79.63835906982422,74.10507617669653,-5.533282893127691,5.533282893127691,51-100 Moderate
2026-05-19 00:00:00,80.1021957397461,74.67748367463503,-5.424712065111066,5.424712065111066,51-100 Moderate
2026-05-19 01:00:00,80.6603775024414,74.57377425769437,-6.086603244747039,6.086603244747039,51-100 Moderate
2026-05-19 02:00:00,81.25785827636719,74.77282222988988,-6.485036046477305,6.485036046477305,51-100 Moderate
2026-05-19 03:00:00,81.9575424194336,75.46839065473036,-6.489151764703237,6.489151764703237,51-100 Moderate
2026-05-19 04:00:00,82.79087829589844,75.68161492879507,-7.109263367103367,7.109263367103367,51-100 Moderate
2026-05-19 05:00:00,83.75,75.26988487221901,-8.48011512778099,8.48011512778099,51-100 Moderate
2026-05-19 06:00:00,84.4732666015625,75.32798679609324,-9.145279805469258,9.145279805469258,51-100 Moderate
2026-05-19 07:00:00,85.09432983398438,75.7880446750108,-9.30628515897358,9.30628515897358,51-100 Moderate
2026-05-19 08:00:00,85.6446533203125,75.95729363237719,-9.687359687935313,9.687359687935313,51-100 Moderate
2026-05-19 09:00:00,86.12420654296875,75.46317811993522,-10.661028423033528,10.661028423033528,51-100 Moderate
2026-05-19 10:00:00,86.54087829589844,74.96851141050777,-11.572366885390664,11.572366885390664,51-100 Moderate
2026-05-19 11:00:00,86.86320495605469,74.06015725825354,-12.803047697801148,12.803047697801148,51-100 Moderate
2026-05-19 12:00:00,87.10691833496094,73.14631173799674,-13.960606596964197,13.960606596964197,51-100 Moderate
2026-05-19 13:00:00,87.88522338867188,72.82562587683053,-15.059597511841346,15.059597511841346,51-100 Moderate
2026-05-19 14:00:00,88.78144836425781,72.58377656134644,-16.197671802911373,16.197671802911373,51-100 Moderate
2026-05-19 15:00:00,89.72483825683594,71.79712772120689,-17.927710535629046,17.927710535629046,51-100 Moderate
2026-05-19 16:00:00,90.91194915771484,71.69513494270241,-19.216814215012434,19.216814215012434,51-100 Moderate
2026-05-19 17:00:00,91.9496841430664,72.32497186104553,-19.62471228202088,19.62471228202088,51-100 Moderate
2026-05-19 18:00:00,92.97955322265625,72.76609799235078,-20.21345523030547,20.21345523030547,51-100 Moderate
2026-05-19 19:00:00,94.02516174316406,73.25737349505039,-20.767788248113675,20.767788248113675,51-100 Moderate
2026-05-19 20:00:00,95.07075500488281,73.6253875133904,-21.44536749149242,21.44536749149242,51-100 Moderate
2026-05-19 21:00:00,96.0770492553711,73.8648117308779,-22.21223752449319,22.21223752449319,51-100 Moderate
2026-05-19 22:00:00,96.99685668945312,74.29435030763933,-22.70250638181379,22.70250638181379,51-100 Moderate
2026-05-19 23:00:00,97.84590911865234,74.91289673392924,-22.9330123847231,22.9330123847231,51-100 Moderate
2026-05-20 00:00:00,98.61634826660156,75.32832811341983,-23.288020153181733,23.288020153181733,51-100 Moderate
2026-05-20 01:00:00,99.17452239990234,75.8191996126933,-23.355322787209047,23.355322787209047,51-100 Moderate
2026-05-20 02:00:00,99.66981506347656,76.25867964917988,-23.41113541429668,23.41113541429668,51-100 Moderate
2026-05-20 03:00:00,100.16666412353516,75.99994761917247,-24.166716504362682,24.166716504362682,101-150 Unhealthy for Sensitive
2026-05-20 04:00:00,100.61457061767578,75.61628103774365,-24.998289579932134,24.998289579932134,101-150 Unhealthy for Sensitive
2026-05-20 05:00:00,101.04167175292969,75.50156792988936,-25.540103823040326,25.540103823040326,101-150 Unhealthy for Sensitive
2026-05-20 06:00:00,101.85417175292969,75.47213892768214,-26.38203282524755,26.38203282524755,101-150 Unhealthy for Sensitive
2026-05-20 07:00:00,102.81250762939453,76.37695953787255,-26.43554809152198,26.43554809152198,101-150 Unhealthy for Sensitive
2026-05-20 08:00:00,103.95833587646484,78.36445851231255,-25.59387736415229,25.59387736415229,101-150 Unhealthy for Sensitive
2026-05-20 09:00:00,105.20833587646484,80.06890479151068,-25.13943108495417,25.13943108495417,101-150 Unhealthy for Sensitive
2026-05-20 10:00:00,106.55208587646484,81.46232192807035,-25.08976394839449,25.08976394839449,101-150 Unhealthy for Sensitive
2026-05-20 11:00:00,107.95834350585938,82.64033741493306,-25.318006090926318,25.318006090926318,101-150 Unhealthy for Sensitive
2026-05-20 12:00:00,109.29167175292969,84.68528185447961,-24.606389898450075,24.606389898450075,101-150 Unhealthy for Sensitive
2026-05-20 13:00:00,110.36457824707031,85.55259638116257,-24.81198186590774,24.81198186590774,101-150 Unhealthy for Sensitive
2026-05-20 14:00:00,111.26041412353516,84.72647832228358,-26.533935801251573,26.533935801251573,101-150 Unhealthy for Sensitive
2026-05-20 15:00:00,112.0,82.80825431730334,-29.191745682696663,29.191745682696663,101-150 Unhealthy for Sensitive
2026-05-20 16:00:00,112.67707061767578,81.71958975895676,-30.957480858719023,30.957480858719023,101-150 Unhealthy for Sensitive
2026-05-20 17:00:00,113.70832824707031,81.28148930376562,-32.42683894330469,32.42683894330469,101-150 Unhealthy for Sensitive
2026-05-20 18:00:00,114.80207824707031,80.67513485635882,-34.12694339071149,34.12694339071149,101-150 Unhealthy for Sensitive
2026-05-20 19:00:00,116.03124237060547,80.71196768105104,-35.31927468955443,35.31927468955443,101-150 Unhealthy for Sensitive
2026-05-20 20:00:00,117.34373474121094,81.05972516700656,-36.284009574204376,36.284009574204376,101-150 Unhealthy for Sensitive
2026-05-20 21:00:00,118.78124237060547,81.22993390263095,-37.55130846797452,37.55130846797452,101-150 Unhealthy for Sensitive
2026-05-20 22:00:00,120.27081298828125,81.10942573744028,-39.161387250840974,39.161387250840974,101-150 Unhealthy for Sensitive
2026-05-20 23:00:00,121.68749237060547,80.8647760280025,-40.82271634260297,40.82271634260297,101-150 Unhealthy for Sensitive
2026-05-21 00:00:00,122.875,81.83235794578877,-41.04264205421123,41.04264205421123,101-150 Unhealthy for Sensitive
2026-05-21 01:00:00,123.61457061767578,82.13606510723744,-41.47850551043834,41.47850551043834,101-150 Unhealthy for Sensitive
2026-05-21 02:00:00,124.15623474121094,83.05556006004332,-41.10067468116762,41.10067468116762,101-150 Unhealthy for Sensitive
2026-05-21 03:00:00,124.59375,84.87025131237435,-39.72349868762565,39.72349868762565,101-150 Unhealthy for Sensitive
2026-05-21 04:00:00,124.88541412353516,86.23235038401445,-38.653063739520704,38.653063739520704,101-150 Unhealthy for Sensitive
2026-05-21 05:00:00,124.90626525878906,85.5688276287381,-39.33743763005096,39.33743763005096,101-150 Unhealthy for Sensitive
2026-05-21 06:00:00,124.72917175292969,84.96667534486986,-39.76249640805983,39.76249640805983,101-150 Unhealthy for Sensitive
2026-05-21 07:00:00,124.38542938232422,85.37974939432371,-39.00567998800051,39.00567998800051,101-150 Unhealthy for Sensitive
2026-05-21 08:00:00,123.85418701171875,85.44537825413882,-38.40880875757993,38.40880875757993,101-150 Unhealthy for Sensitive
2026-05-21 09:00:00,123.23958587646484,85.18800213881283,-38.05158373765201,38.05158373765201,101-150 Unhealthy for Sensitive
2026-05-21 10:00:00,122.56251525878906,84.84144388598656,-37.7210713728025,37.7210713728025,101-150 Unhealthy for Sensitive
2026-05-21 11:00:00,121.87501525878906,84.60043767433176,-37.274577584457305,37.274577584457305,101-150 Unhealthy for Sensitive
2026-05-21 12:00:00,121.36459350585938,89.23041705281011,-32.134176453049264,32.134176453049264,101-150 Unhealthy for Sensitive
2026-05-21 13:00:00,119.94792175292969,91.47078635120671,-28.477135401722975,28.477135401722975,101-150 Unhealthy for Sensitive
2026-05-21 14:00:00,118.72917175292969,91.42537996382808,-27.30379178910161,27.30379178910161,101-150 Unhealthy for Sensitive
2026-05-21 15:00:00,117.67709350585938,91.41828313544147,-26.258810370417905,26.258810370417905,101-150 Unhealthy for Sensitive
2026-05-21 16:00:00,116.67707824707031,89.88992496869704,-26.787153278373268,26.787153278373268,101-150 Unhealthy for Sensitive
2026-05-21 17:00:00,115.58333587646484,88.98896960114462,-26.594366275320226,26.594366275320226,101-150 Unhealthy for Sensitive
2026-05-21 18:00:00,114.5416488647461,88.07098356287537,-26.470665301870724,26.470665301870724,101-150 Unhealthy for Sensitive
2026-05-21 19:00:00,113.42707824707031,87.71657798725077,-25.71050025981954,25.71050025981954,101-150 Unhealthy for Sensitive
2026-05-21 20:00:00,112.20832824707031,87.35817886294669,-24.850149384123625,24.850149384123625,101-150 Unhealthy for Sensitive
2026-05-21 21:00:00,110.86457824707031,86.71886116913646,-24.145717077933853,24.145717077933853,101-150 Unhealthy for Sensitive
2026-05-21 22:00:00,109.48958587646484,86.0853326631125,-23.404253213352348,23.404253213352348,101-150 Unhealthy for Sensitive
2026-05-21 23:00:00,108.20833587646484,85.49869272302362,-22.70964315344122,22.70964315344122,101-150 Unhealthy for Sensitive
2026-05-22 00:00:00,107.34374237060547,85.15420498234423,-22.189537388261243,22.189537388261243,101-150 Unhealthy for Sensitive
2026-05-22 01:00:00,106.86458587646484,84.80926657789438,-22.055319298570467,22.055319298570467,101-150 Unhealthy for Sensitive
2026-05-22 02:00:00,106.62500762939453,85.52843921101356,-21.09656841838097,21.09656841838097,101-150 Unhealthy for Sensitive
2026-05-22 03:00:00,106.72917175292969,86.34069705837295,-20.388474694556734,20.388474694556734,101-150 Unhealthy for Sensitive
2026-05-22 04:00:00,106.77083587646484,87.4269669857301,-19.34386889073474,19.34386889073474,101-150 Unhealthy for Sensitive
2026-05-22 05:00:00,106.80209350585938,89.21663275336446,-17.58546075249491,17.58546075249491,101-150 Unhealthy for Sensitive
2026-05-22 06:00:00,106.82292938232422,89.87094557148589,-16.95198381083833,16.95198381083833,101-150 Unhealthy for Sensitive
2026-05-22 07:00:00,106.8125,91.19922873274484,-15.613271267255158,15.613271267255158,101-150 Unhealthy for Sensitive
2026-05-22 08:00:00,106.83333587646484,92.36592130218008,-14.46741457428476,14.46741457428476,101-150 Unhealthy for Sensitive
2026-05-22 09:00:00,106.8437728881836,93.63481516140735,-13.208957726776248,13.208957726776248,101-150 Unhealthy for Sensitive
2026-05-22 10:00:00,106.8437728881836,94.24977742686919,-12.593995461314407,12.593995461314407,101-150 Unhealthy for Sensitive
2026-05-22 11:00:00,106.71875762939453,93.76199268780952,-12.956764941585007,12.956764941585007,101-150 Unhealthy for Sensitive
2026-05-22 12:00:00,106.375,96.7761111701961,-9.598888829803897,9.598888829803897,101-150 Unhealthy for Sensitive
2026-05-22 13:00:00,106.88542175292969,97.78800939278234,-9.097412360147345,9.097412360147345,101-150 Unhealthy for Sensitive
2026-05-22 14:00:00,107.08334350585938,96.83460755120781,-10.248735954651565,10.248735954651565,101-150 Unhealthy for Sensitive
2026-05-22 15:00:00,107.04167175292969,96.46454209056897,-10.577129662360718,10.577129662360718,101-150 Unhealthy for Sensitive
2026-05-22 16:00:00,106.34375762939453,97.6258524266207,-8.717905202773835,8.717905202773835,101-150 Unhealthy for Sensitive
2026-05-22 17:00:00,105.30208587646484,97.2938757514057,-8.00821012505915,8.00821012505915,101-150 Unhealthy for Sensitive
2026-05-22 18:00:00,104.11457824707031,97.01607448569476,-7.098503761375554,7.098503761375554,101-150 Unhealthy for Sensitive
2026-05-22 19:00:00,102.79166412353516,97.3487739262503,-5.442890197284854,5.442890197284854,101-150 Unhealthy for Sensitive
2026-05-22 20:00:00,101.40624237060547,97.58578217074768,-3.8204601998577914,3.8204601998577914,101-150 Unhealthy for Sensitive
2026-05-22 21:00:00,100.06249237060547,97.8436668151643,-2.218825555441171,2.218825555441171,101-150 Unhealthy for Sensitive
2026-05-22 22:00:00,99.11162567138672,97.02608815205544,-2.0855375193312824,2.0855375193312824,51-100 Moderate
2026-05-22 23:00:00,98.23113250732422,95.72419827100217,-2.506934236322053,2.506934236322053,51-100 Moderate
2026-05-23 00:00:00,97.27986907958984,92.60042451101297,-4.679444568576869,4.679444568576869,51-100 Moderate
2026-05-23 01:00:00,96.61163330078125,90.9361780910118,-5.675455209769453,5.675455209769453,51-100 Moderate
2026-05-23 02:00:00,95.8804931640625,90.74447778602165,-5.136015378040852,5.136015378040852,51-100 Moderate
2026-05-23 03:00:00,94.92137145996094,90.11007036060768,-4.811301099353258,4.811301099353258,51-100 Moderate
2026-05-23 04:00:00,94.4496841430664,89.22627278173485,-5.223411361331557,5.223411361331557,51-100 Moderate
2026-05-23 05:00:00,93.98583984375,89.02696730341478,-4.958872540335221,4.958872540335221,51-100 Moderate
2026-05-23 06:00:00,93.59276580810547,89.03707500467196,-4.555690803433507,4.555690803433507,51-100 Moderate
2026-05-23 07:00:00,93.2782974243164,89.03705067035352,-4.2412467539628835,4.2412467539628835,51-100 Moderate
2026-05-23 08:00:00,92.95597076416016,89.06986282596353,-3.8861079381966306,3.8861079381966306,51-100 Moderate
2026-05-23 09:00:00,92.46855163574219,89.46215196725495,-3.0063996684872336,3.0063996684872336,51-100 Moderate
2026-05-23 10:00:00,91.8710708618164,89.79311754929152,-2.0779533125248832,2.0779533125248832,51-100 Moderate
2026-05-23 11:00:00,91.29717254638672,90.41121563398703,-0.885956912399692,0.885956912399692,51-100 Moderate
2026-05-23 12:00:00,90.7389907836914,88.37599496113664,-2.3629958225547654,2.3629958225547654,51-100 Moderate
2026-05-23 13:00:00,89.72483825683594,89.09302385637768,-0.6318144004582535,0.6318144004582535,51-100 Moderate
2026-05-23 14:00:00,88.65564727783203,89.57047407871157,0.9148268008795384,0.9148268008795384,51-100 Moderate
2026-05-23 15:00:00,87.35848999023438,89.1640403023967,1.8055503121623246,1.8055503121623246,51-100 Moderate
2026-05-23 16:00:00,86.32861328125,87.55886161942168,1.230248338171677,1.230248338171677,51-100 Moderate
2026-05-23 17:00:00,85.6053466796875,87.1717524039043,1.566405724216807,1.566405724216807,51-100 Moderate
2026-05-23 18:00:00,84.97640991210938,86.75826923339538,1.7818593212860065,1.7818593212860065,51-100 Moderate
2026-05-23 19:00:00,84.49685668945312,86.45236020095982,1.9555035115066914,1.9555035115066914,51-100 Moderate
2026-05-23 20:00:00,84.10377502441406,86.2916478098956,2.187872785481531,2.187872785481531,51-100 Moderate
2026-05-23 21:00:00,83.67924499511719,85.70293728791286,2.0236922927956726,2.0236922927956726,51-100 Moderate
2026-05-23 22:00:00,83.16038513183594,85.2887611334946,2.1283760016586655,2.1283760016586655,51-100 Moderate
2026-05-23 23:00:00,82.58647918701172,85.56040340382164,2.9739242168099196,2.9739242168099196,51-100 Moderate
2026-05-24 00:00:00,81.98113250732422,85.66133422755412,3.6802017202299027,3.6802017202299027,51-100 Moderate
2026-05-24 01:00:00,81.2342758178711,86.31404706686884,5.079771248997744,5.079771248997744,51-100 Moderate
2026-05-24 02:00:00,80.5424575805664,87.62919483740434,7.086737256837935,7.086737256837935,51-100 Moderate
2026-05-24 03:00:00,79.85062408447266,87.28722292441938,7.4365988399467255,7.4365988399467255,51-100 Moderate
2026-05-24 04:00:00,78.97798919677734,86.40487218524301,7.426882988465664,7.426882988465664,51-100 Moderate
2026-05-24 05:00:00,78.27043151855469,86.22082924189628,7.950397723341595,7.950397723341595,51-100 Moderate
2026-05-24 06:00:00,77.70440673828125,86.22459140375469,8.520184665473437,8.520184665473437,51-100 Moderate
2026-05-24 07:00:00,77.24056243896484,86.6817652030338,9.441202764068962,9.441202764068962,51-100 Moderate
2026-05-24 08:00:00,76.86320495605469,87.27190945427414,10.40870449821945,10.40870449821945,51-100 Moderate
2026-05-24 09:00:00,76.64308166503906,87.84151340778313,11.198431742744063,11.198431742744063,51-100 Moderate
2026-05-24 10:00:00,76.47012329101562,87.75087154319644,11.280748252180814,11.280748252180814,51-100 Moderate
2026-05-24 11:00:00,76.22640991210938,87.3706147911293,11.144204879019924,11.144204879019924,51-100 Moderate
2026-05-24 12:00:00,75.89622497558594,89.43767467423359,13.541449698647654,13.541449698647654,51-100 Moderate
2026-05-24 13:00:00,75.14937591552734,90.00433625759176,14.854960342064416,14.854960342064416,51-100 Moderate
2026-05-24 14:00:00,74.44182586669922,88.83737624305348,14.395550376354265,14.395550376354265,51-100 Moderate
2026-05-24 15:00:00,74.01729583740234,85.64156965523073,11.624273817828382,11.624273817828382,51-100 Moderate
2026-05-24 16:00:00,73.63207244873047,83.55015998629739,9.918087537566919,9.918087537566919,51-100 Moderate
2026-05-24 17:00:00,73.28616333007812,82.93868854737588,9.65252521729775,9.65252521729775,51-100 Moderate
2026-05-24 18:00:00,73.06603240966797,82.48229895324948,9.416266543581514,9.416266543581514,51-100 Moderate
2026-05-24 19:00:00,72.90093994140625,82.29076733366765,9.389827392261395,9.389827392261395,51-100 Moderate
2026-05-24 20:00:00,72.7908706665039,82.1951850602089,9.404314393704993,9.404314393704993,51-100 Moderate
2026-05-24 21:00:00,72.75157165527344,82.54706062029236,9.795488965018919,9.795488965018919,51-100 Moderate
2026-05-24 22:00:00,72.75942993164062,82.6580499264918,9.898619994851174,9.898619994851174,51-100 Moderate
2026-05-24 23:00:00,72.75942993164062,82.50065605401399,9.741226122373362,9.741226122373362,51-100 Moderate
2026-05-25 00:00:00,72.75157165527344,81.14200129533732,8.390429640063886,8.390429640063886,51-100 Moderate
2026-05-25 01:00:00,72.75157165527344,80.5577912824535,7.806219627180056,7.806219627180056,51-100 Moderate
2026-05-25 02:00:00,72.74370574951172,79.79142754284855,7.047721793336834,7.047721793336834,51-100 Moderate
2026-05-25 03:00:00,72.696533203125,82.35877960799878,9.662246404873784,9.662246404873784,51-100 Moderate
2026-05-25 04:00:00,72.46068572998047,82.5964449783809,10.135759248400433,10.135759248400433,51-100 Moderate
2026-05-25 05:00:00,72.20912170410156,82.49370802542188,10.284586321320319,10.284586321320319,51-100 Moderate
2026-05-25 06:00:00,71.8317642211914,82.56762491854275,10.735860697351342,10.735860697351342,51-100 Moderate
2026-05-25 07:00:00,71.367919921875,82.38056739704825,11.012647475173253,11.012647475173253,51-100 Moderate
2026-05-25 08:00:00,70.84906005859375,81.05421260203755,10.205152543443802,10.205152543443802,51-100 Moderate
2026-05-25 09:00:00,70.36949920654297,79.9072815000015,9.537782293458534,9.537782293458534,51-100 Moderate
2026-05-25 10:00:00,69.99214172363281,79.85207900451434,9.859937280881525,9.859937280881525,51-100 Moderate
2026-05-25 11:00:00,69.74057006835938,79.71410305108544,9.97353298272607,9.97353298272607,51-100 Moderate
2026-05-25 12:00:00,69.64622497558594,78.6213255811127,8.975100605526762,8.975100605526762,51-100 Moderate
2026-05-25 13:00:00,70.14151000976562,77.52386194681124,7.3823519370456125,7.3823519370456125,51-100 Moderate
2026-05-25 14:00:00,70.79402923583984,75.00195150846933,4.207922272629489,4.207922272629489,51-100 Moderate
2026-05-25 15:00:00,71.51730346679688,73.5192900937443,2.001986626947428,2.001986626947428,51-100 Moderate
2026-05-25 16:00:00,72.09905242919922,73.3440553428787,1.2450029136794853,1.2450029136794853,51-100 Moderate
2026-05-25 17:00:00,72.54717254638672,73.44111570280549,0.8939431564187714,0.8939431564187714,51-100 Moderate
2026-05-25 18:00:00,72.84591674804688,73.52669594154605,0.6807791934991769,0.6807791934991769,51-100 Moderate
2026-05-25 19:00:00,73.04244995117188,73.88500573234626,0.8425557811743829,0.8425557811743829,51-100 Moderate
2026-05-25 20:00:00,73.16824340820312,73.93767416442267,0.769430756219549,0.769430756219549,51-100 Moderate
2026-05-25 21:00:00,73.25471496582031,73.83720707289224,0.5824921070719284,0.5824921070719284,51-100 Moderate
2026-05-25 22:00:00,73.33333587646484,74.02125241692076,0.687916540455916,0.687916540455916,51-100 Moderate
2026-05-25 23:00:00,73.41980743408203,74.41105258897491,0.99124515489288,0.99124515489288,51-100 Moderate
2026-05-26 00:00:00,73.51415252685547,74.79468081264842,1.280528285792954,1.280528285792954,51-100 Moderate
2026-05-26 01:00:00,73.632080078125,75.28708940161394,1.6550093234889403,1.6550093234889403,51-100 Moderate
2026-05-26 02:00:00,73.72642517089844,75.17223128169015,1.4458061107917075,1.4458061107917075,51-100 Moderate
2026-05-26 03:00:00,73.8050308227539,75.77574799457776,1.9707171718238499,1.9707171718238499,51-100 Moderate
2026-05-26 04:00:00,73.89151000976562,76.67592449760902,2.7844144878433923,2.7844144878433923,51-100 Moderate
2026-05-26 05:00:00,73.94654083251953,78.01936161292895,4.072820780409415,4.072820780409415,51-100 Moderate
2026-05-26 06:00:00,73.97798919677734,78.79586241654528,4.817873219767932,4.817873219767932,51-100 Moderate
2026-05-26 07:00:00,73.99370574951172,79.59881058920094,5.6051048396892185,5.6051048396892185,51-100 Moderate
2026-05-26 08:00:00,73.99370574951172,80.01889678834019,6.025191038828467,6.025191038828467,51-100 Moderate
2026-05-26 09:00:00,73.98584747314453,79.87464748964368,5.888800016499147,5.888800016499147,51-100 Moderate
2026-05-26 10:00:00,74.00157165527344,79.13652686620198,5.134955210928538,5.134955210928538,51-100 Moderate
2026-05-26 11:00:00,74.00157165527344,77.97730822562055,3.9757365703471095,3.9757365703471095,51-100 Moderate
2026-05-26 12:00:00,74.00943756103516,76.0966603663161,2.0872228052809447,2.0872228052809447,51-100 Moderate
2026-05-26 13:00:00,74.59905242919922,75.39665856517225,0.7976061359730267,0.7976061359730267,51-100 Moderate
2026-05-26 14:00:00,75.07861328125,74.69667499987828,-0.3819382813717169,0.3819382813717169,51-100 Moderate
2026-05-26 15:00:00,75.16509246826172,73.2931325712045,-1.8719598970572235,1.8719598970572235,51-100 Moderate
2026-05-26 16:00:00,75.32232666015625,72.93588446031865,-2.386442199837603,2.386442199837603,51-100 Moderate
2026-05-26 17:00:00,75.51886749267578,73.32444544716188,-2.194422045513903,2.194422045513903,51-100 Moderate
2026-05-26 18:00:00,75.75472259521484,73.52198354470706,-2.2327390505077886,2.2327390505077886,51-100 Moderate
2026-05-26 19:00:00,75.97484588623047,73.61566198183743,-2.359183904393035,2.359183904393035,51-100 Moderate
2026-05-26 20:00:00,76.1478042602539,73.57418175164806,-2.573622508605851,2.573622508605851,51-100 Moderate
2026-05-26 21:00:00,76.25000762939453,73.27642161713172,-2.973586012262814,2.973586012262814,51-100 Moderate
2026-05-26 22:00:00,76.2735824584961,72.87589991369657,-3.3976825447995225,3.3976825447995225,51-100 Moderate
2026-05-26 23:00:00,76.25000762939453,72.73807898583854,-3.51192864355599,3.51192864355599,51-100 Moderate
2026-05-27 00:00:00,76.1871109008789,73.18827496832083,-2.9988359325580802,2.9988359325580802,51-100 Moderate
2026-05-27 01:00:00,76.132080078125,73.16540125975828,-2.9666788183667165,2.9666788183667165,51-100 Moderate
2026-05-27 02:00:00,76.0770492553711,72.51669336896626,-3.5603558864048352,3.5603558864048352,51-100 Moderate
2026-05-27 03:00:00,76.01415252685547,72.7718514571097,-3.242301069745764,3.242301069745764,51-100 Moderate
2026-05-27 04:00:00,76.00629425048828,73.39688848950642,-2.6094057609818577,2.6094057609818577,51-100 Moderate
2026-05-27 05:00:00,76.09276580810547,73.82075059813127,-2.2720152099741995,2.2720152099741995,51-100 Moderate
2026-05-27 06:00:00,76.28144836425781,73.73354575293166,-2.547902611326151,2.547902611326151,51-100 Moderate
2026-05-27 07:00:00,76.54874420166016,73.94775549568834,-2.6009887059718153,2.6009887059718153,51-100 Moderate
2026-05-27 08:00:00,76.8789291381836,74.26843250510507,-2.610496633078526,2.610496633078526,51-100 Moderate
2026-05-27 09:00:00,77.24842834472656,74.61163078419752,-2.636797560529047,2.636797560529047,51-100 Moderate
2026-05-27 10:00:00,77.56289672851562,74.88706323774782,-2.6758334907678005,2.6758334907678005,51-100 Moderate
2026-05-27 11:00:00,77.86949920654297,75.21116188435292,-2.65833732219005,2.65833732219005,51-100 Moderate
2026-05-27 12:00:00,78.11321258544922,76.85016349649737,-1.2630490889518455,1.2630490889518455,51-100 Moderate
2026-05-27 13:00:00,77.95597076416016,78.2419756478385,0.28600488367834487,0.28600488367834487,51-100 Moderate
2026-05-27 14:00:00,77.61793518066406,78.26476685236207,0.6468316716980098,0.6468316716980098,51-100 Moderate
2026-05-27 15:00:00,77.2877426147461,76.64415734240872,-0.6435852723373756,0.6435852723373756,51-100 Moderate
2026-05-27 16:00:00,76.92610168457031,75.61060761941377,-1.3154940651565425,1.3154940651565425,51-100 Moderate
2026-05-27 17:00:00,76.54874420166016,75.04906093370094,-1.4996832679592131,1.4996832679592131,51-100 Moderate
2026-05-27 18:00:00,76.15565490722656,74.73406864980575,-1.4215862574208131,1.4215862574208131,51-100 Moderate
2026-05-27 19:00:00,75.77043914794922,74.5018932316394,-1.2685459163098187,1.2685459163098187,51-100 Moderate
2026-05-27 20:00:00,75.44810485839844,74.25720603894194,-1.1908988194564927,1.1908988194564927,51-100 Moderate
2026-05-27 21:00:00,75.20439910888672,74.03743396233617,-1.1669651465505524,1.1669651465505524,51-100 Moderate
2026-05-27 22:00:00,75.07074737548828,73.85052217289217,-1.2202252025961116,1.2202252025961116,51-100 Moderate
2026-05-27 23:00:00,75.0157241821289,73.58084867266881,-1.434875509460099,1.434875509460099,51-100 Moderate
2026-05-28 00:00:00,75.0,73.92427867478426,-1.0757213252157385,1.0757213252157385,51-100 Moderate
2026-05-28 01:00:00,75.00785827636719,73.69231484048044,-1.3155434358867524,1.3155434358867524,51-100 Moderate
2026-05-28 02:00:00,75.03144073486328,72.92911895280619,-2.102321782057089,2.102321782057089,51-100 Moderate
2026-05-28 03:00:00,75.0157241821289,72.5293367300294,-2.486387452099507,2.486387452099507,51-100 Moderate
2026-05-28 04:00:00,75.12579345703125,73.05114033366283,-2.074653123368421,2.074653123368421,51-100 Moderate
2026-05-28 05:00:00,75.2515640258789,73.9022793407124,-1.3492846851665092,1.3492846851665092,51-100 Moderate
2026-05-28 06:00:00,75.36949157714844,74.53839395791425,-0.8310976192341855,0.8310976192341855,51-100 Moderate
2026-05-28 07:00:00,75.46383666992188,75.28799387419855,-0.17584279572332662,0.17584279572332662,51-100 Moderate
2026-05-28 08:00:00,75.4874267578125,75.99326915011291,0.5058423923004085,0.5058423923004085,51-100 Moderate
2026-05-28 09:00:00,75.45597839355469,76.92232373837147,1.4663453448167871,1.4663453448167871,51-100 Moderate
2026-05-28 10:00:00,75.33805084228516,77.18760771379789,1.849556871512732,1.849556871512732,51-100 Moderate
2026-05-28 11:00:00,75.117919921875,77.12716639520234,2.0092464733273374,2.0092464733273374,51-100 Moderate
2026-05-28 12:00:00,74.92924499511719,80.4029025037647,5.473657508647506,5.473657508647506,51-100 Moderate
2026-05-28 13:00:00,74.15093994140625,81.17346425795813,7.0225243165518805,7.0225243165518805,51-100 Moderate
2026-05-28 14:00:00,73.5927734375,78.92033658257151,5.327563145071508,5.327563145071508,51-100 Moderate
2026-05-28 15:00:00,73.41980743408203,77.0772564366446,3.657449002562572,3.657449002562572,51-100 Moderate
2026-05-28 16:00:00,73.27830505371094,76.71078218096156,3.432477127250621,3.432477127250621,51-100 Moderate
2026-05-28 17:00:00,73.1289291381836,76.86518173519859,3.736252597014996,3.736252597014996,51-100 Moderate
2026-05-28 18:00:00,73.01100158691406,76.52504485522081,3.51404326830675,3.51404326830675,51-100 Moderate
2026-05-28 19:00:00,72.94025421142578,76.43578181660406,3.4955276051782818,3.4955276051782818,51-100 Moderate
2026-05-28 20:00:00,72.87734985351562,76.13282218455988,3.2554723310442597,3.2554723310442597,51-100 Moderate
2026-05-28 21:00:00,72.84590911865234,75.8071956894949,2.96128657084256,2.96128657084256,51-100 Moderate
2026-05-28 22:00:00,72.86163330078125,75.48269048209016,2.621057181308913,2.621057181308913,51-100 Moderate
2026-05-28 23:00:00,72.94811248779297,75.39738081002413,2.4492683222311626,2.4492683222311626,51-100 Moderate
2026-05-29 00:00:00,73.10533905029297,75.80068155175894,2.695342501465973,2.695342501465973,51-100 Moderate
2026-05-29 01:00:00,73.2625732421875,75.84196841563725,2.579395173449754,2.579395173449754,51-100 Moderate
2026-05-29 02:00:00,73.45912170410156,75.26129711254977,1.802175408448207,1.802175408448207,51-100 Moderate
2026-05-29 03:00:00,73.67923736572266,75.27893427313533,1.5996969074126781,1.5996969074126781,51-100 Moderate
2026-05-29 04:00:00,73.6556625366211,76.10665123259984,2.450988695978751,2.450988695978751,51-100 Moderate
2026-05-29 05:00:00,73.44338989257812,77.22635736205086,3.7829674694727373,3.7829674694727373,51-100 Moderate
2026-05-29 06:00:00,73.05816650390625,78.30320647640032,5.2450399724940695,5.2450399724940695,51-100 Moderate
2026-05-29 07:00:00,72.51571655273438,79.26486642480755,6.7491498720731755,6.7491498720731755,51-100 Moderate
2026-05-29 08:00:00,71.92610168457031,80.02361777294223,8.097516088371918,8.097516088371918,51-100 Moderate
2026-05-29 09:00:00,71.2657241821289,80.48996887055658,9.224244688427675,9.224244688427675,51-100 Moderate
2026-05-29 10:00:00,70.73899841308594,81.05923398559771,10.320235572511777,10.320235572511777,51-100 Moderate
2026-05-29 11:00:00,70.27515411376953,81.0656339270872,10.790479813317674,10.790479813317674,51-100 Moderate
2026-05-29 12:00:00,69.882080078125,82.1240049990682,12.241924920943205,12.241924920943205,51-100 Moderate
2026-05-29 13:00:00,69.882080078125,81.2857689311182,11.403688852993199,11.403688852993199,51-100 Moderate
2026-05-29 14:00:00,69.92924499511719,78.61252963339345,8.683284638276263,8.683284638276263,51-100 Moderate
2026-05-29 15:00:00,69.92137908935547,76.38113229101349,6.4597532016580175,6.4597532016580175,51-100 Moderate
2026-05-29 16:00:00,70.20439910888672,75.63469632043861,5.430297211551888,5.430297211551888,51-100 Moderate
2026-05-29 17:00:00,70.5896224975586,75.76441183986965,5.174789342311058,5.174789342311058,51-100 Moderate
2026-05-29 18:00:00,70.78616333007812,75.80696513220157,5.020801802123444,5.020801802123444,51-100 Moderate
2026-05-29 19:00:00,70.89622497558594,75.9557223182773,5.059497342691358,5.059497342691358,51-100 Moderate
2026-05-29 20:00:00,71.02201843261719,76.08052383463442,5.058505402017232,5.058505402017232,51-100 Moderate
2026-05-29 21:00:00,71.39937591552734,76.33943871041514,4.940062794887794,4.940062794887794,51-100 Moderate
2026-05-29 22:00:00,71.67453002929688,76.47995203222965,4.805422002932772,4.805422002932772,51-100 Moderate
2026-05-29 23:00:00,71.8946533203125,76.28417620590169,4.389522885589187,4.389522885589187,51-100 Moderate
2026-05-30 00:00:00,72.00471496582031,77.14674331902387,5.142028353203557,5.142028353203557,51-100 Moderate
2026-05-30 01:00:00,72.05188751220703,77.14856431602597,5.096676803818937,5.096676803818937,51-100 Moderate
2026-05-30 02:00:00,72.08332824707031,76.18853819147995,4.105209944409637,4.105209944409637,51-100 Moderate
2026-05-30 03:00:00,72.31131744384766,77.29847442417544,4.987156980327782,4.987156980327782,51-100 Moderate
2026-05-30 04:00:00,72.4449691772461,78.847186555879,6.402217378632912,6.402217378632912,51-100 Moderate
2026-05-30 05:00:00,72.62578582763672,80.41570575629268,7.789919928655962,7.789919928655962,51-100 Moderate
2026-05-30 06:00:00,72.93238830566406,81.62446538757891,8.692077081914846,8.692077081914846,51-100 Moderate
2026-05-30 07:00:00,73.37263488769531,82.11530101617686,8.742666128481545,8.742666128481545,51-100 Moderate
2026-05-30 08:00:00,73.86006164550781,82.55677826275036,8.696716617242544,8.696716617242544,51-100 Moderate
2026-05-30 09:00:00,74.38678741455078,82.28803583625947,7.9012484217086865,7.9012484217086865,51-100 Moderate
2026-05-30 10:00:00,74.81132507324219,81.19437871543006,6.383053642187875,6.383053642187875,51-100 Moderate
2026-05-30 11:00:00,75.24371337890625,80.78725447322697,5.543541094320716,5.543541094320716,51-100 Moderate
2026-05-30 12:00:00,75.57390594482422,79.3354798190867,3.7615738742624814,3.7615738742624814,51-100 Moderate
2026-05-30 13:00:00,76.46226501464844,78.46949478232985,2.007229767681409,2.007229767681409,51-100 Moderate
2026-05-30 14:00:00,77.31918334960938,78.16949853832902,0.8503151887196481,0.8503151887196481,51-100 Moderate
2026-05-30 15:00:00,78.18396759033203,77.03757071910847,-1.1463968712235584,1.1463968712235584,51-100 Moderate
2026-05-30 16:00:00,78.94654083251953,76.42941849996309,-2.51712233255644,2.51712233255644,51-100 Moderate
2026-05-30 17:00:00,79.61478424072266,76.4861250638661,-3.1286591768565586,3.1286591768565586,51-100 Moderate
2026-05-30 18:00:00,80.38522338867188,76.45713041752275,-3.928092971149127,3.928092971149127,51-100 Moderate
2026-05-30 19:00:00,80.95126342773438,76.54268081426224,-4.408582613472134,4.408582613472134,51-100 Moderate
2026-05-30 20:00:00,81.50157928466797,76.56588962904895,-4.935689655619015,4.935689655619015,51-100 Moderate
2026-05-30 21:00:00,81.82390594482422,76.90197624683196,-4.921929697992255,4.921929697992255,51-100 Moderate
2026-05-30 22:00:00,82.19339752197266,77.2542350278229,-4.939162494149755,4.939162494149755,51-100 Moderate
2026-05-30 23:00:00,82.54717254638672,77.4794505734606,-5.0677219729261225,5.0677219729261225,51-100 Moderate
2026-05-31 00:00:00,82.90880584716797,77.91209395095308,-4.99671189621489,4.99671189621489,51-100 Moderate
2026-05-31 01:00:00,83.32546997070312,78.15461606006286,-5.170853910640261,5.170853910640261,51-100 Moderate
2026-05-31 02:00:00,83.8128890991211,77.7928911707657,-6.019997928355394,6.019997928355394,51-100 Moderate
2026-05-31 03:00:00,84.04087829589844,77.65703855322842,-6.38383974267002,6.38383974267002,51-100 Moderate
2026-05-31 04:00:00,84.29244995117188,77.5074853725466,-6.784964578625278,6.784964578625278,51-100 Moderate
2026-05-31 05:00:00,84.4889907836914,77.03106735356221,-7.457923430129199,7.457923430129199,51-100 Moderate
2026-05-31 06:00:00,84.62264251708984,76.47311360198356,-8.149528915106288,8.149528915106288,51-100 Moderate
2026-05-31 07:00:00,84.74057006835938,76.31257146886864,-8.427998599490735,8.427998599490735,51-100 Moderate
2026-05-31 08:00:00,84.9842758178711,76.06606251441852,-8.918213303452575,8.918213303452575,51-100 Moderate
2026-05-31 09:00:00,85.34590911865234,76.3219258782153,-9.023983240437047,9.023983240437047,51-100 Moderate
2026-05-31 10:00:00,85.84120178222656,76.72649328715812,-9.114708495068442,9.114708495068442,51-100 Moderate
2026-05-31 11:00:00,86.45440673828125,76.96928733819144,-9.485119400089815,9.485119400089815,51-100 Moderate
2026-05-31 12:00:00,87.15409088134766,78.2620219522781,-8.892068929069552,8.892068929069552,51-100 Moderate
2026-05-31 13:00:00,87.97956085205078,79.56052845348407,-8.419032398566713,8.419032398566713,51-100 Moderate
2026-05-31 14:00:00,88.69497680664062,79.37626664633535,-9.318710160305272,9.318710160305272,51-100 Moderate
2026-05-31 15:00:00,89.32389831542969,79.36954306101582,-9.95435525441387,9.95435525441387,51-100 Moderate
2026-05-31 16:00:00,89.89779663085938,79.23337031815882,-10.664426312700556,10.664426312700556,51-100 Moderate
2026-05-31 17:00:00,90.29875183105469,78.20920734130691,-12.08954448974778,12.08954448974778,51-100 Moderate
2026-05-31 18:00:00,90.47956848144531,77.4696444688619,-13.009924012583411,13.009924012583411,51-100 Moderate
2026-05-31 19:00:00,90.78617095947266,77.47758173740584,-13.308589222066814,13.308589222066814,51-100 Moderate
2026-05-31 20:00:00,91.03773498535156,78.79166740002903,-12.246067585322535,12.246067585322535,51-100 Moderate
2026-05-31 21:00:00,91.16352844238281,78.4691258996256,-12.694402542757217,12.694402542757217,51-100 Moderate
2026-05-31 22:00:00,91.21855163574219,78.14542948839737,-13.073122147344819,13.073122147344819,51-100 Moderate
2026-05-31 23:00:00,91.17138671875,77.50157812872887,-13.669808590021134,13.669808590021134,51-100 Moderate
2026-06-01 00:00:00,91.08490753173828,75.52656097825925,-15.558346553479026,15.558346553479026,51-100 Moderate
2026-06-01 01:00:00,91.76100158691406,75.0884784860469,-16.672523100867167,16.672523100867167,51-100 Moderate
2026-06-01 02:00:00,92.4449691772461,76.02778261632159,-16.417186560924506,16.417186560924506,51-100 Moderate
2026-06-01 03:00:00,93.12106323242188,75.56033775926508,-17.560725473156793,17.560725473156793,51-100 Moderate
2026-06-01 04:00:00,93.62421417236328,75.94023565741095,-17.68397851495233,17.68397851495233,51-100 Moderate
2026-06-01 05:00:00,93.98584747314453,77.11081210743185,-16.875035365712677,16.875035365712677,51-100 Moderate
2026-06-01 06:00:00,94.21382904052734,78.19840572122959,-16.015423319297753,16.015423319297753,51-100 Moderate
2026-06-01 07:00:00,94.32389831542969,78.94631496144315,-15.377583353986537,15.377583353986537,51-100 Moderate
2026-06-01 08:00:00,94.20597839355469,79.49854815989325,-14.70743023366144,14.70743023366144,51-100 Moderate
2026-06-01 09:00:00,93.91509246826172,79.40182951037406,-14.513262957887662,14.513262957887662,51-100 Moderate
2026-06-01 10:00:00,93.41981506347656,79.30765375222565,-14.112161311250915,14.112161311250915,51-100 Moderate
2026-06-01 11:00:00,92.83018493652344,78.93883714481656,-13.891347791706878,13.891347791706878,51-100 Moderate
2026-06-01 12:00:00,92.26415252685547,82.82165705156203,-9.442495475293441,9.442495475293441,51-100 Moderate
2026-06-01 13:00:00,91.11634826660156,84.55971380281387,-6.556634463787688,6.556634463787688,51-100 Moderate
2026-06-01 14:00:00,90.16509246826172,84.47355227263817,-5.691540195623546,5.691540195623546,51-100 Moderate
2026-06-01 15:00:00,89.3789291381836,83.60607049283372,-5.772858645349871,5.772858645349871,51-100 Moderate
2026-06-01 16:00:00,88.75000762939453,82.65497403354672,-6.095033595847809,6.095033595847809,51-100 Moderate
2026-06-01 17:00:00,88.3569107055664,82.25693162419627,-6.099979081370137,6.099979081370137,51-100 Moderate
2026-06-01 18:00:00,88.2782974243164,80.93388516077256,-7.344412263543845,7.344412263543845,51-100 Moderate
2026-06-01 19:00:00,88.46698760986328,80.64284307009348,-7.824144539769804,7.824144539769804,51-100 Moderate
2026-06-01 20:00:00,88.86006164550781,79.86563209111232,-8.994429554395495,8.994429554395495,51-100 Moderate
2026-06-01 21:00:00,89.54403686523438,79.59645808243127,-9.947578782803106,9.947578782803106,51-100 Moderate
2026-06-01 22:00:00,90.29087829589844,79.39486290544842,-10.896015390450017,10.896015390450017,51-100 Moderate
2026-06-01 23:00:00,90.99057006835938,79.40817676609734,-11.582393302262034,11.582393302262034,51-100 Moderate
2026-06-02 00:00:00,91.61949920654297,78.4599799581043,-13.15951924843867,13.15951924843867,51-100 Moderate
2026-06-02 01:00:00,91.49371337890625,79.88047633820081,-11.613237040705442,11.613237040705442,51-100 Moderate
2026-06-02 02:00:00,91.22642517089844,79.9791581266596,-11.24726704423884,11.24726704423884,51-100 Moderate
2026-06-02 03:00:00,91.132080078125,80.0024402510569,-11.129639827068104,11.129639827068104,51-100 Moderate
2026-06-02 04:00:00,91.10848999023438,80.01497061694695,-11.093519373287421,11.093519373287421,51-100 Moderate
2026-06-02 05:00:00,91.12422180175781,80.21063064855274,-10.913591153205076,10.913591153205076,51-100 Moderate
2026-06-02 06:00:00,91.19497680664062,80.54563742261016,-10.649339384030469,10.649339384030469,51-100 Moderate
2026-06-02 07:00:00,91.25,81.90768750348475,-9.342312496515248,9.342312496515248,51-100 Moderate
2026-06-02 08:00:00,91.34434509277344,83.18961832938729,-8.15472676338615,8.15472676338615,51-100 Moderate
2026-06-02 09:00:00,91.49371337890625,84.55369047657582,-6.940022902330426,6.940022902330426,51-100 Moderate
2026-06-02 10:00:00,91.76100158691406,85.67664663754513,-6.0843549493689295,6.0843549493689295,51-100 Moderate
2026-06-02 11:00:00,91.98114013671875,86.40642190293954,-5.574718233779208,5.574718233779208,51-100 Moderate
2026-06-02 12:00:00,92.15408325195312,90.64964524647093,-1.5044380054822,1.5044380054822,51-100 Moderate
2026-06-02 13:00:00,93.1289291381836,91.80595461716109,-1.322974521022502,1.322974521022502,51-100 Moderate
2026-06-02 14:00:00,93.93081665039062,90.06456505464357,-3.866251595747059,3.866251595747059,51-100 Moderate
2026-06-02 15:00:00,94.59120178222656,88.57154205541758,-6.019659726808982,6.019659726808982,51-100 Moderate
2026-06-02 16:00:00,94.7877426147461,87.45123886237346,-7.336503752372636,7.336503752372636,51-100 Moderate
2026-06-02 17:00:00,94.85850524902344,85.57196006907519,-9.286545179948249,9.286545179948249,51-100 Moderate
2026-06-02 18:00:00,94.88993835449219,84.63128224056426,-10.258656113927927,10.258656113927927,51-100 Moderate
2026-06-02 19:00:00,94.81133270263672,84.18889510108345,-10.622437601553273,10.622437601553273,51-100 Moderate
2026-06-02 20:00:00,94.52830505371094,83.2653998633173,-11.262905190393639,11.262905190393639,51-100 Moderate
2026-06-02 21:00:00,93.99372100830078,82.56096179190456,-11.43275921639622,11.43275921639622,51-100 Moderate
2026-06-02 22:00:00,93.36478424072266,81.56719440694856,-11.797589833774097,11.797589833774097,51-100 Moderate
2026-06-02 23:00:00,92.83019256591797,80.51725706055204,-12.312935505365928,12.312935505365928,51-100 Moderate
2026-06-03 00:00:00,92.42137908935547,84.45679156797308,-7.964587521382384,7.964587521382384,51-100 Moderate
2026-06-03 01:00:00,92.09905242919922,85.49329952777313,-6.6057529014260865,6.6057529014260865,51-100 Moderate
2026-06-03 02:00:00,91.94181823730469,85.0829018492158,-6.858916388088886,6.858916388088886,51-100 Moderate
2026-06-03 03:00:00,91.76886749267578,84.27078530220977,-7.4980821904660075,7.4980821904660075,51-100 Moderate
2026-06-03 04:00:00,91.93396759033203,83.81502164530353,-8.1189459450285,8.1189459450285,51-100 Moderate
2026-06-03 05:00:00,92.37421417236328,83.68815215530121,-8.68606201706207,8.68606201706207,51-100 Moderate
2026-06-03 06:00:00,92.94026184082031,83.41715209404441,-9.523109746775901,9.523109746775901,51-100 Moderate
2026-06-03 07:00:00,93.63994598388672,83.38191253151439,-10.25803345237233,10.25803345237233,51-100 Moderate
2026-06-03 08:00:00,94.3160400390625,83.2544751869979,-11.061564852064606,11.061564852064606,51-100 Moderate
2026-06-03 09:00:00,94.87422180175781,82.7315144204626,-12.14270738129521,12.14270738129521,51-100 Moderate
2026-06-03 10:00:00,95.25943756103516,82.53486811572841,-12.724569445306741,12.724569445306741,51-100 Moderate
2026-06-03 11:00:00,95.6289291381836,82.51201446445282,-13.116914673730776,13.116914673730776,51-100 Moderate
2026-06-03 12:00:00,95.95125579833984,82.52528716364688,-13.425968634692964,13.425968634692964,51-100 Moderate
2026-06-03 13:00:00,95.46383666992188,83.16341253316315,-12.300424136758721,12.300424136758721,51-100 Moderate
2026-06-03 14:00:00,94.88207244873047,82.70200948599393,-12.180062962736542,12.180062962736542,51-100 Moderate
2026-06-03 15:00:00,94.21383666992188,82.39319031051673,-11.820646359405146,11.820646359405146,51-100 Moderate
2026-06-03 16:00:00,93.68710327148438,82.31208597891187,-11.375017292572508,11.375017292572508,51-100 Moderate
2026-06-03 17:00:00,93.1446533203125,82.74832018421344,-10.39633313609906,10.39633313609906,51-100 Moderate
2026-06-03 18:00:00,92.57075500488281,83.72515728937923,-8.845597715503587,8.845597715503587,51-100 Moderate
2026-06-03 19:00:00,92.05188751220703,85.17618467804918,-6.875702834157849,6.875702834157849,51-100 Moderate
2026-06-03 20:00:00,91.63521575927734,86.52476594969446,-5.110449809582889,5.110449809582889,51-100 Moderate
2026-06-03 21:00:00,91.2735824584961,86.93000342205677,-4.343579036439323,4.343579036439323,51-100 Moderate
2026-06-03 22:00:00,91.01415252685547,86.09635714857603,-4.917795378279436,4.917795378279436,51-100 Moderate
2026-06-03 23:00:00,90.79402923583984,85.2436844376728,-5.550344798167046,5.550344798167046,51-100 Moderate
2026-06-04 00:00:00,90.5660400390625,84.26469653940747,-6.301343499655033,6.301343499655033,51-100 Moderate
2026-06-04 01:00:00,90.22798156738281,84.43292617644329,-5.795055390939524,5.795055390939524,51-100 Moderate
2026-06-04 02:00:00,89.85848999023438,85.6258979484051,-4.232592041829278,4.232592041829278,51-100 Moderate
2026-06-04 03:00:00,89.45755004882812,85.1689908725153,-4.28855917631283,4.28855917631283,51-100 Moderate
2026-06-04 04:00:00,88.91509246826172,84.48750704644982,-4.427585421811898,4.427585421811898,51-100 Moderate
2026-06-04 05:00:00,88.36477661132812,84.58889778104398,-3.7758788302841424,3.7758788302841424,51-100 Moderate
2026-06-04 06:00:00,87.617919921875,84.51474392932279,-3.1031759925522096,3.1031759925522096,51-100 Moderate
2026-06-04 07:00:00,86.76887512207031,84.89283104726846,-1.8760440748018539,1.8760440748018539,51-100 Moderate
2026-06-04 08:00:00,85.87263488769531,84.93910302357737,-0.9335318641179384,0.9335318641179384,51-100 Moderate
2026-06-04 09:00:00,84.99213409423828,85.19081753116099,0.19868343692270685,0.19868343692270685,51-100 Moderate
2026-06-04 10:00:00,84.2217025756836,85.10821228164407,0.8865097059604778,0.8865097059604778,51-100 Moderate
2026-06-04 11:00:00,83.51414489746094,84.79280426829588,1.2786593708349443,1.2786593708349443,51-100 Moderate
2026-06-04 12:00:00,82.85376739501953,89.74594617338857,6.892178778369043,6.892178778369043,51-100 Moderate
2026-06-04 13:00:00,82.11477661132812,90.41325293767306,8.29847632634494,8.29847632634494,51-100 Moderate
2026-06-04 14:00:00,81.78459167480469,88.34385720097083,6.5592655261661434,6.5592655261661434,51-100 Moderate
2026-06-04 15:00:00,81.32862091064453,85.43770456626507,4.1090836556205375,4.1090836556205375,51-100 Moderate
2026-06-04 16:00:00,81.08489227294922,84.00292171143775,2.9180294384885315,2.9180294384885315,51-100 Moderate
2026-06-04 17:00:00,80.91194915771484,84.0186839211783,3.10673476346345,3.10673476346345,51-100 Moderate
2026-06-04 18:00:00,80.56603240966797,84.03170603492464,3.46567362525667,3.46567362525667,51-100 Moderate
2026-06-04 19:00:00,80.117919921875,83.77038561287534,3.6524656910003443,3.6524656910003443,51-100 Moderate
2026-06-04 20:00:00,79.66194915771484,83.38176959929785,3.7198204415830105,3.7198204415830105,51-100 Moderate
2026-06-04 21:00:00,79.26100158691406,82.94435231140505,3.6833507244909924,3.6833507244909924,51-100 Moderate
2026-06-04 22:00:00,78.93867492675781,82.89252301232186,3.953848085564047,3.953848085564047,51-100 Moderate
2026-06-04 23:00:00,78.7342758178711,83.29932892849115,4.565053110620056,4.565053110620056,51-100 Moderate
2026-06-05 00:00:00,78.69496154785156,84.58511795604231,5.890156408190748,5.890156408190748,51-100 Moderate
2026-06-05 01:00:00,78.83647918701172,85.68493341571599,6.84845422870427,6.84845422870427,51-100 Moderate
2026-06-05 02:00:00,79.00157165527344,86.44722737566889,7.44565572039545,7.44565572039545,51-100 Moderate
2026-06-05 03:00:00,79.33961486816406,88.7068919545637,9.367277086399639,9.367277086399639,51-100 Moderate
2026-06-05 04:00:00,79.67766571044922,90.72553115047164,11.04786544002242,11.04786544002242,51-100 Moderate
2026-06-05 05:00:00,79.85848236083984,91.68909948675402,11.830617125914173,11.830617125914173,51-100 Moderate
2026-06-05 06:00:00,80.1021957397461,92.61091774794835,12.508722008202255,12.508722008202255,51-100 Moderate
2026-06-05 07:00:00,80.33019256591797,92.35721220419163,12.027019638273657,12.027019638273657,51-100 Moderate
2026-06-05 08:00:00,80.6289291381836,90.91507548474394,10.286146346560344,10.286146346560344,51-100 Moderate
2026-06-05 09:00:00,81.01416015625,89.73564449742842,8.721484341178424,8.721484341178424,51-100 Moderate
2026-06-05 10:00:00,81.45440673828125,89.36471062542488,7.910303887143627,7.910303887143627,51-100 Moderate
2026-06-05 11:00:00,81.90251922607422,89.28764613853828,7.3851269124640595,7.3851269124640595,51-100 Moderate
2026-06-05 12:00:00,82.37421417236328,88.8537493867126,6.479535214349312,6.479535214349312,51-100 Moderate
2026-06-05 13:00:00,82.87736511230469,88.52532897812489,5.647963865820202,5.647963865820202,51-100 Moderate
2026-06-05 14:00:00,83.06603240966797,86.43334311117881,3.3673107015108457,3.3673107015108457,51-100 Moderate
2026-06-05 15:00:00,83.41194915771484,84.00078233511766,0.5888331774028188,0.5888331774028188,51-100 Moderate
2026-06-05 16:00:00,83.553466796875,83.11594390555302,-0.43752289132197575,0.43752289132197575,51-100 Moderate
2026-06-05 17:00:00,83.63994598388672,82.5896933331383,-1.0502526507484191,1.0502526507484191,51-100 Moderate
2026-06-05 18:00:00,84.09591674804688,83.11859047116869,-0.9773262768781876,0.9773262768781876,51-100 Moderate
2026-06-05 19:00:00,84.7484359741211,83.50789904536778,-1.2405369287533148,1.2405369287533148,51-100 Moderate
2026-06-05 20:00:00,85.47956848144531,83.69409941699256,-1.785469064452755,1.785469064452755,51-100 Moderate
2026-06-05 21:00:00,86.19497680664062,84.03807486359457,-2.1569019430460514,2.1569019430460514,51-100 Moderate
2026-06-05 22:00:00,86.7531509399414,84.09702709735112,-2.65612384259029,2.65612384259029,51-100 Moderate
2026-06-05 23:00:00,87.05974578857422,83.74611820819617,-3.3136275803780535,3.3136275803780535,51-100 Moderate
2026-06-06 00:00:00,87.09905242919922,83.25541969930777,-3.8436327298914534,3.8436327298914534,51-100 Moderate
2026-06-06 01:00:00,86.87106323242188,83.64821921128926,-3.222844021132616,3.222844021132616,51-100 Moderate
2026-06-06 02:00:00,86.49370574951172,83.9925056178174,-2.5012001316943184,2.5012001316943184,51-100 Moderate
2026-06-06 03:00:00,86.06130981445312,83.21511272525032,-2.8461970892028035,2.8461970892028035,51-100 Moderate
2026-06-06 04:00:00,85.7232666015625,83.3154816734125,-2.4077849281499937,2.4077849281499937,51-100 Moderate
2026-06-06 05:00:00,85.50314331054688,82.3380931329265,-3.1650501776203726,3.1650501776203726,51-100 Moderate
2026-06-06 06:00:00,85.44811248779297,81.5062375962241,-3.9418748915688724,3.9418748915688724,51-100 Moderate
2026-06-06 07:00:00,85.6053466796875,80.92834249032428,-4.677004189363217,4.677004189363217,51-100 Moderate
2026-06-06 08:00:00,85.89623260498047,80.27817975514904,-5.618052849831429,5.618052849831429,51-100 Moderate
2026-06-06 09:00:00,86.25000762939453,80.247057391067,-6.002950238327529,6.002950238327529,51-100 Moderate
2026-06-06 10:00:00,86.55661010742188,80.36082690114478,-6.195783206277099,6.195783206277099,51-100 Moderate
2026-06-06 11:00:00,86.6588134765625,80.33643472272574,-6.322378753836759,6.322378753836759,51-100 Moderate
2026-06-06 12:00:00,86.50944519042969,81.0152731545189,-5.494172035910793,5.494172035910793,51-100 Moderate
2026-06-06 13:00:00,86.24214172363281,83.27137550325925,-2.9707662203735623,2.9707662203735623,51-100 Moderate
2026-06-06 14:00:00,85.97484588623047,81.69987745360909,-4.274968432621378,4.274968432621378,51-100 Moderate
2026-06-06 15:00:00,85.64466094970703,80.77430173157674,-4.8703592181302895,4.8703592181302895,51-100 Moderate
2026-06-06 16:00:00,85.3695068359375,79.76051514028795,-5.60899169564955,5.60899169564955,51-100 Moderate
2026-06-06 17:00:00,85.22013092041016,78.49716126228502,-6.7229696581251375,6.7229696581251375,51-100 Moderate
2026-06-06 18:00:00,84.96856689453125,77.56831142552454,-7.400255469006709,7.400255469006709,51-100 Moderate
2026-06-06 19:00:00,84.60691833496094,77.51801838338085,-7.088899951580089,7.088899951580089,51-100 Moderate
2026-06-06 20:00:00,84.13522338867188,77.41201888208401,-6.723204506587862,6.723204506587862,51-100 Moderate
2026-06-06 21:00:00,83.5377426147461,77.39207120579329,-6.145671408952808,6.145671408952808,51-100 Moderate
2026-06-06 22:00:00,82.91666412353516,77.88727997527664,-5.029384148258515,5.029384148258515,51-100 Moderate
2026-06-06 23:00:00,82.33489990234375,78.71850987548291,-3.6163900268608415,3.6163900268608415,51-100 Moderate
2026-06-07 00:00:00,81.79244995117188,79.98823607896554,-1.8042138722063328,1.8042138722063328,51-100 Moderate
2026-06-07 01:00:00,81.28144836425781,80.28784675607865,-0.9936016081791621,0.9936016081791621,51-100 Moderate
2026-06-07 02:00:00,80.73898315429688,81.05796534552456,0.3189821912276898,0.3189821912276898,51-100 Moderate
2026-06-07 03:00:00,79.960693359375,81.5196753665816,1.5589820072065947,1.5589820072065947,51-100 Moderate
2026-06-07 04:00:00,79.08805084228516,81.32477959807972,2.2367287557945588,2.2367287557945588,51-100 Moderate
2026-06-07 05:00:00,78.17610168457031,81.71839620310675,3.542294518536437,3.542294518536437,51-100 Moderate
2026-06-07 06:00:00,77.2091293334961,82.34982732811201,5.14069799461592,5.14069799461592,51-100 Moderate
2026-06-07 07:00:00,76.20283508300781,83.29552248107497,7.092687398067156,7.092687398067156,51-100 Moderate
2026-06-07 08:00:00,75.17295837402344,84.07495762796148,8.901999253938044,8.901999253938044,51-100 Moderate
2026-06-07 09:00:00,74.18238830566406,84.71334237991611,10.530954074252051,10.530954074252051,51-100 Moderate
2026-06-07 10:00:00,73.33333587646484,85.2689323830794,11.935596506614559,11.935596506614559,51-100 Moderate
2026-06-07 11:00:00,72.76729583740234,85.6674845632373,12.900188725834951,12.900188725834951,51-100 Moderate
2026-06-07 12:00:00,72.42924499511719,86.6036803522196,14.17443535710241,14.17443535710241,51-100 Moderate
2026-06-07 13:00:00,72.17767333984375,86.08140817927622,13.903734839432474,13.903734839432474,51-100 Moderate
2026-06-07 14:00:00,72.03616333007812,84.48274078370322,12.446577453625096,12.446577453625096,51-100 Moderate
2026-06-07 15:00:00,71.96540832519531,82.19762165054794,10.232213325352632,10.232213325352632,51-100 Moderate
2026-06-07 16:00:00,71.9182357788086,80.94554979631073,9.027314017502135,9.027314017502135,51-100 Moderate
2026-06-07 17:00:00,71.80817413330078,81.70851557270606,9.900341439405281,9.900341439405281,51-100 Moderate
2026-06-07 18:00:00,71.62735748291016,82.77414175003668,11.14678426712652,11.14678426712652,51-100 Moderate
2026-06-07 19:00:00,71.35220336914062,83.64485708652292,12.292653717382294,12.292653717382294,51-100 Moderate
2026-06-07 20:00:00,71.03773498535156,83.82067747799319,12.782942492641624,12.782942492641624,51-100 Moderate
2026-06-07 21:00:00,70.77043914794922,83.41235137483238,12.641912226883164,12.641912226883164,51-100 Moderate
2026-06-07 22:00:00,70.5896224975586,82.4359398140337,11.846317316475108,11.846317316475108,51-100 Moderate
2026-06-07 23:00:00,70.4874267578125,81.60442576018463,11.116999002372125,11.116999002372125,51-100 Moderate
2026-06-08 00:00:00,70.44811248779297,78.12247610701948,7.6743636192265114,7.6743636192265114,51-100 Moderate
2026-06-08 01:00:00,70.44811248779297,77.62218004373683,7.174067555943864,7.174067555943864,51-100 Moderate
2026-06-08 02:00:00,70.47956085205078,77.58867193692096,7.109111084870179,7.109111084870179,51-100 Moderate
2026-06-08 03:00:00,70.5110092163086,78.13510985988985,7.624100643581258,7.624100643581258,51-100 Moderate
2026-06-08 04:00:00,70.47956085205078,78.9362721864508,8.456711334400012,8.456711334400012,51-100 Moderate
2026-06-08 05:00:00,70.6053466796875,79.94564789386716,9.34030121417966,9.34030121417966,51-100 Moderate
2026-06-08 06:00:00,70.7468490600586,81.2927138410874,10.545864781028811,10.545864781028811,51-100 Moderate
2026-06-08 07:00:00,70.88050842285156,82.56231627875806,11.681807855906499,11.681807855906499,51-100 Moderate
2026-06-08 08:00:00,71.08490753173828,83.23587519152382,12.150967659785536,12.150967659785536,51-100 Moderate
2026-06-08 09:00:00,71.3443374633789,83.14691927295235,11.80258180957344,11.80258180957344,51-100 Moderate
2026-06-08 10:00:00,71.60377502441406,81.79951661029763,10.195741585883567,10.195741585883567,51-100 Moderate
2026-06-08 11:00:00,71.8946533203125,79.82645875481732,7.931805434504824,7.931805434504824,51-100 Moderate
2026-06-08 12:00:00,72.19339752197266,79.50653807828985,7.313140556317194,7.313140556317194,51-100 Moderate
2026-06-08 13:00:00,72.61005401611328,79.3250975400438,6.715043523930518,6.715043523930518,51-100 Moderate
2026-06-08 14:00:00,72.84590911865234,78.1202387958205,5.274329677168154,5.274329677168154,51-100 Moderate
2026-06-08 15:00:00,72.90880584716797,76.93715299361364,4.028347146445668,4.028347146445668,51-100 Moderate
2026-06-08 16:00:00,72.90094757080078,76.69638060859465,3.7954330377938703,3.7954330377938703,51-100 Moderate
2026-06-08 17:00:00,72.8695068359375,76.64692074880679,3.7774139128692923,3.7774139128692923,51-100 Moderate
2026-06-08 18:00:00,72.83805847167969,76.53610170766123,3.698043235981544,3.698043235981544,51-100 Moderate
2026-06-08 19:00:00,72.83805847167969,76.64579039885024,3.8077319271705505,3.8077319271705505,51-100 Moderate
2026-06-08 20:00:00,72.90880584716797,76.48960187672984,3.580796029561867,3.580796029561867,51-100 Moderate
2026-06-08 21:00:00,73.0503158569336,76.06418063462901,3.0138647776954173,3.0138647776954173,51-100 Moderate
2026-06-08 22:00:00,73.25471496582031,75.4645758396661,2.209860873845784,2.209860873845784,51-100 Moderate
2026-06-08 23:00:00,73.53773498535156,75.29692239216014,1.7591874068085787,1.7591874068085787,51-100 Moderate
2026-06-09 00:00:00,73.89936828613281,75.68547840237224,1.7861101162394277,1.7861101162394277,51-100 Moderate
2026-06-09 01:00:00,74.3396224975586,74.99490652767982,0.6552840301212228,0.6552840301212228,51-100 Moderate
2026-06-09 02:00:00,74.882080078125,73.38258790944823,-1.4994921686767668,1.4994921686767668,51-100 Moderate
2026-06-09 03:00:00,75.6053466796875,73.00524702659095,-2.6000996530965494,2.6000996530965494,51-100 Moderate
2026-06-09 04:00:00,76.62736511230469,73.3079443818834,-3.3194207304212853,3.3194207304212853,51-100 Moderate
2026-06-09 05:00:00,77.85377502441406,73.9471360933091,-3.9066389311049647,3.9066389311049647,51-100 Moderate
2026-06-09 06:00:00,79.80345153808594,74.42251027518222,-5.380941262903718,5.380941262903718,51-100 Moderate
2026-06-09 07:00:00,82.51571655273438,74.91655566502442,-7.599160887709957,7.599160887709957,51-100 Moderate
2026-06-09 08:00:00,85.77830505371094,75.08201881421422,-10.696286239496715,10.696286239496715,51-100 Moderate
2026-06-09 09:00:00,89.14308166503906,75.5525087332427,-13.590572931796359,13.590572931796359,51-100 Moderate
2026-06-09 10:00:00,92.42924499511719,76.21326511220963,-16.21597988290756,16.21597988290756,51-100 Moderate
2026-06-09 11:00:00,95.4717025756836,76.37890554328378,-19.092797032399815,19.092797032399815,51-100 Moderate
2026-06-09 12:00:00,97.79874420166016,77.37512589022809,-20.423618311432065,20.423618311432065,51-100 Moderate
2026-06-09 13:00:00,98.79718017578125,77.47268227422474,-21.324497901556512,21.324497901556512,51-100 Moderate
2026-06-09 14:00:00,99.2217025756836,76.21885551382204,-23.00284706186156,23.00284706186156,51-100 Moderate
2026-06-09 15:00:00,99.41824340820312,74.58317893951323,-24.835064468689893,24.835064468689893,51-100 Moderate
2026-06-09 16:00:00,99.41824340820312,73.62499933098036,-25.793244077222766,25.793244077222766,51-100 Moderate
2026-06-09 17:00:00,99.37107849121094,73.45310546134235,-25.91797302986859,25.91797302986859,51-100 Moderate
2026-06-09 18:00:00,99.30818176269531,73.20801766578313,-26.10016409691218,26.10016409691218,51-100 Moderate
2026-06-09 19:00:00,99.1745376586914,73.01463864859086,-26.159899010100546,26.159899010100546,51-100 Moderate
2026-06-09 20:00:00,98.9858627319336,72.93090460564406,-26.054958126289534,26.054958126289534,51-100 Moderate
2026-06-09 21:00:00,98.76573181152344,73.01986395770997,-25.745867853813465,25.745867853813465,51-100 Moderate
2026-06-09 22:00:00,98.553466796875,72.8881765483151,-25.6652902485599,25.6652902485599,51-100 Moderate
2026-06-09 23:00:00,98.34120178222656,72.80658166849004,-25.534620113736523,25.534620113736523,51-100 Moderate
2026-06-10 00:00:00,98.1289291381836,73.1236915926568,-25.005237545526796,25.005237545526796,51-100 Moderate
2026-06-10 01:00:00,97.84590911865234,72.86054224819735,-24.985366870454996,24.985366870454996,51-100 Moderate
2026-06-10 02:00:00,97.55503845214844,71.8623059177234,-25.692732534425033,25.692732534425033,51-100 Moderate
2026-06-10 03:00:00,97.17768096923828,71.66799617631168,-25.509684792926606,25.509684792926606,51-100 Moderate
2026-06-10 04:00:00,96.56446838378906,73.11724644974294,-23.447221934046127,23.447221934046127,51-100 Moderate
2026-06-10 05:00:00,95.89623260498047,74.59438953119056,-21.30184307378991,21.30184307378991,51-100 Moderate
2026-06-10 06:00:00,94.66980743408203,75.6678952597243,-19.001912174357727,19.001912174357727,51-100 Moderate
2026-06-10 07:00:00,92.79088592529297,77.0855565663963,-15.705329358896662,15.705329358896662,51-100 Moderate
2026-06-10 08:00:00,90.35377502441406,78.18212703758151,-12.171647986832554,12.171647986832554,51-100 Moderate
2026-06-10 09:00:00,87.72013092041016,78.55117114944042,-9.168959770969735,9.168959770969735,51-100 Moderate
2026-06-10 10:00:00,84.96855163574219,79.13227415789677,-5.836277477845414,5.836277477845414,51-100 Moderate
2026-06-10 11:00:00,82.24057006835938,79.04175687226068,-3.1988131960986976,3.1988131960986976,51-100 Moderate
2026-06-10 12:00:00,80.07861328125,80.26172668191136,0.18311340066135529,0.18311340066135529,51-100 Moderate
2026-06-10 13:00:00,78.6478042602539,79.44550531956148,0.7977010593075704,0.7977010593075704,51-100 Moderate
2026-06-10 14:00:00,77.83019256591797,76.79467459935637,-1.0355179665615992,1.0355179665615992,51-100 Moderate
2026-06-10 15:00:00,77.27201843261719,74.71847335882755,-2.5535450737896355,2.5535450737896355,51-100 Moderate
2026-06-10 16:00:00,76.98899841308594,74.72349268875239,-2.2655057243335506,2.2655057243335506,51-100 Moderate
2026-06-10 17:00:00,76.8553466796875,75.10525834326435,-1.750088336423147,1.750088336423147,51-100 Moderate
2026-06-10 18:00:00,76.7767333984375,75.30460263413816,-1.4721307642993366,1.4721307642993366,51-100 Moderate
2026-06-10 19:00:00,76.80032348632812,75.56692737889887,-1.2333961074292574,1.2333961074292574,51-100 Moderate
2026-06-10 20:00:00,76.86322021484375,75.81678483947425,-1.046435375369498,1.046435375369498,51-100 Moderate
2026-06-10 21:00:00,76.93396759033203,76.02801065215975,-0.905956938172281,0.905956938172281,51-100 Moderate
2026-06-10 22:00:00,76.95755004882812,76.33490654552729,-0.6226435033008357,0.6226435033008357,51-100 Moderate
2026-06-10 23:00:00,76.93396759033203,76.75768003260791,-0.1762875577241232,0.1762875577241232,51-100 Moderate
2026-06-11 00:00:00,76.84749603271484,77.32385936020346,0.4763633274886132,0.4763633274886132,51-100 Moderate
2026-06-11 01:00:00,76.8396224975586,77.4833757581907,0.6437532606321099,0.6437532606321099,51-100 Moderate
2026-06-11 02:00:00,76.76886749267578,77.6995128566455,0.9306453639697168,0.9306453639697168,51-100 Moderate
2026-06-11 03:00:00,76.80032348632812,78.93187085431911,2.13154736799099,2.13154736799099,51-100 Moderate
2026-06-11 04:00:00,76.87893676757812,82.39186684289045,5.512930075312326,5.512930075312326,51-100 Moderate
2026-06-11 05:00:00,76.67453002929688,89.81493098264284,13.14040095334596,13.14040095334596,51-100 Moderate
2026-06-11 06:00:00,76.32075500488281,98.06287643214772,21.742121427264905,21.742121427264905,51-100 Moderate
2026-06-11 07:00:00,75.83334350585938,104.7607939829428,28.927450477083426,28.927450477083426,51-100 Moderate
2026-06-11 08:00:00,75.26730346679688,106.96572665497732,31.698423188180442,31.698423188180442,51-100 Moderate
2026-06-11 09:00:00,74.62264251708984,107.7484293742449,33.12578685715506,33.12578685715506,51-100 Moderate
2026-06-11 10:00:00,74.00157165527344,108.11861324433704,34.117041589063604,34.117041589063604,51-100 Moderate
2026-06-11 11:00:00,73.44338989257812,104.95874407022424,31.515354177646117,31.515354177646117,51-100 Moderate
2026-06-11 12:00:00,72.94025421142578,98.45450586938534,25.514251657959562,25.514251657959562,51-100 Moderate
2026-06-11 13:00:00,72.64936828613281,94.75464004369672,22.105271757563912,22.105271757563912,51-100 Moderate
2026-06-11 14:00:00,72.57075500488281,90.59982008799237,18.029065083109558,18.029065083109558,51-100 Moderate
2026-06-11 15:00:00,72.82231903076172,88.40730230552927,15.584983274767552,15.584983274767552,51-100 Moderate
2026-06-11 16:00:00,73.27043914794922,87.27122796981948,14.000788821870259,14.000788821870259,51-100 Moderate
2026-06-11 17:00:00,73.66352081298828,86.93079587009126,13.267275057102978,13.267275057102978,51-100 Moderate
2026-06-11 18:00:00,73.9622573852539,86.07784661122527,12.115589225971362,12.115589225971362,51-100 Moderate
2026-06-11 19:00:00,74.29244995117188,85.66943359406405,11.37698364289217,11.37698364289217,51-100 Moderate
2026-06-11 20:00:00,74.44181823730469,85.43145700420281,10.989638766898125,10.989638766898125,51-100 Moderate
2026-06-11 21:00:00,74.53616333007812,85.51995723536245,10.98379390528433,10.98379390528433,51-100 Moderate
2026-06-11 22:00:00,74.25314331054688,85.46177122255098,11.208627912004104,11.208627912004104,51-100 Moderate
2026-06-11 23:00:00,73.8521957397461,85.3108943956524,11.458698655906304,11.458698655906304,51-100 Moderate
2026-06-12 00:00:00,73.41194915771484,85.12304908903506,11.71109993132022,11.71109993132022,51-100 Moderate
2026-06-12 01:00:00,72.88521575927734,84.72223833934805,11.837022580070709,11.837022580070709,51-100 Moderate
2026-06-12 02:00:00,72.33489990234375,83.74887211911016,11.41397221676641,11.41397221676641,51-100 Moderate
2026-06-12 03:00:00,71.61163330078125,83.21564725852828,11.604013957747028,11.604013957747028,51-100 Moderate
2026-06-12 04:00:00,70.82546997070312,84.1918394984123,13.366369527709182,13.366369527709182,51-100 Moderate
2026-06-12 05:00:00,69.92924499511719,84.30344149185518,14.374196496737994,14.374196496737994,51-100 Moderate
2026-06-12 06:00:00,68.94654083251953,83.60276271138827,14.656221878868735,14.656221878868735,51-100 Moderate
2026-06-12 07:00:00,67.87735748291016,82.59163663011915,14.714279147208998,14.714279147208998,51-100 Moderate
2026-06-12 08:00:00,66.7531509399414,81.62290314582557,14.869752205884168,14.869752205884168,51-100 Moderate
2026-06-12 09:00:00,65.67610168457031,79.7586910046369,14.082589320066589,14.082589320066589,51-100 Moderate
2026-06-12 10:00:00,64.71697998046875,77.65639369896573,12.93941371849698,12.93941371849698,51-100 Moderate
2026-06-12 11:00:00,63.87578201293945,76.81545889064645,12.939676877707,12.939676877707,51-100 Moderate
2026-06-12 12:00:00,63.207550048828125,75.98171031409034,12.77416026526221,12.77416026526221,51-100 Moderate
2026-06-12 13:00:00,62.86163330078125,75.94463468370118,13.083001382919932,13.083001382919932,51-100 Moderate
2026-06-12 14:00:00,62.562896728515625,75.10086698333521,12.537970254819584,12.537970254819584,51-100 Moderate
2026-06-12 15:00:00,62.33490753173828,74.12227595156915,11.78736841983087,11.78736841983087,51-100 Moderate
2026-06-12 16:00:00,62.2091178894043,74.4628381906861,12.253720301281803,12.253720301281803,51-100 Moderate
2026-06-12 17:00:00,62.13836669921875,75.00639506183835,12.868028362619597,12.868028362619597,51-100 Moderate
2026-06-12 18:00:00,62.04402542114258,75.37679038771482,13.332764966572242,13.332764966572242,51-100 Moderate
2026-06-12 19:00:00,61.792457580566406,75.78676758910436,13.994310008537951,13.994310008537951,51-100 Moderate
2026-06-12 20:00:00,61.399375915527344,75.77069044796777,14.371314532440422,14.371314532440422,51-100 Moderate
2026-06-12 21:00:00,61.069183349609375,75.2918137780217,14.22263042841233,14.22263042841233,51-100 Moderate
2026-06-12 22:00:00,61.037742614746094,74.96912653129421,13.931383916548114,13.931383916548114,51-100 Moderate
2026-06-12 23:00:00,61.13994216918945,74.55192269385071,13.41198052466126,13.41198052466126,51-100 Moderate
2026-06-13 00:00:00,61.32862091064453,75.02843186716066,13.699810956516131,13.699810956516131,51-100 Moderate
2026-06-13 01:00:00,61.5015754699707,74.83723517001238,13.335659700041674,13.335659700041674,51-100 Moderate
2026-06-13 02:00:00,61.674530029296875,75.11282604939271,13.438296020095834,13.438296020095834,51-100 Moderate
2026-06-13 03:00:00,61.94182586669922,75.5877156667443,13.645889800045083,13.645889800045083,51-100 Moderate
2026-06-13 04:00:00,62.1305046081543,75.45440365980147,13.323899051647174,13.323899051647174,51-100 Moderate
2026-06-13 05:00:00,62.216983795166016,75.72641565221636,13.509431857050345,13.509431857050345,51-100 Moderate
2026-06-13 06:00:00,62.32704544067383,76.03948489058088,13.712439449907052,13.712439449907052,51-100 Moderate
2026-06-13 07:00:00,62.57075500488281,76.33930198568633,13.76854698080352,13.76854698080352,51-100 Moderate
2026-06-13 08:00:00,62.54717254638672,75.93447260323447,13.38730005684775,13.38730005684775,51-100 Moderate
2026-06-13 09:00:00,62.539310455322266,75.76947454297928,13.230164087657016,13.230164087657016,51-100 Moderate
2026-06-13 10:00:00,62.55503463745117,75.77482738397813,13.219792746526963,13.219792746526963,51-100 Moderate
2026-06-13 11:00:00,62.578617095947266,75.89127091052835,13.312653814581083,13.312653814581083,51-100 Moderate
2026-06-13 12:00:00,62.54717254638672,76.3564604081861,13.809287861799376,13.809287861799376,51-100 Moderate
2026-06-13 13:00:00,62.366355895996094,77.80144825614698,15.43509236015089,15.43509236015089,51-100 Moderate
2026-06-13 14:00:00,62.31132125854492,78.82427160471474,16.512950346169816,16.512950346169816,51-100 Moderate
2026-06-13 15:00:00,62.16981506347656,78.66287356937904,16.493058505902482,16.493058505902482,51-100 Moderate
2026-06-13 16:00:00,61.78458786010742,77.73420733917324,15.949619479065817,15.949619479065817,51-100 Moderate
2026-06-13 17:00:00,61.28144836425781,76.92586653514932,15.644418170891512,15.644418170891512,51-100 Moderate
2026-06-13 18:00:00,60.888362884521484,76.93841122547687,16.050048340955385,16.050048340955385,51-100 Moderate
2026-06-13 19:00:00,60.589622497558594,75.75534201164278,15.165719514084188,15.165719514084188,51-100 Moderate
2026-06-13 20:00:00,60.566036224365234,74.9341459649951,14.368109740629862,14.368109740629862,51-100 Moderate
2026-06-13 21:00:00,60.550315856933594,73.06540187934348,12.51508602240989,12.51508602240989,51-100 Moderate
2026-06-13 22:00:00,60.786163330078125,71.95371566696755,11.167552336889429,11.167552336889429,51-100 Moderate
2026-06-13 23:00:00,60.8962287902832,71.70531753115313,10.809088740869925,10.809088740869925,51-100 Moderate
2026-06-14 00:00:00,60.93553161621094,71.83084236727287,10.895310751061928,10.895310751061928,51-100 Moderate
2026-06-14 01:00:00,60.8962287902832,71.83426242643374,10.938033636150536,10.938033636150536,51-100 Moderate
2026-06-14 02:00:00,60.91195297241211,70.95826202428901,10.046309051876904,10.046309051876904,51-100 Moderate
2026-06-14 03:00:00,60.927677154541016,70.6145187910463,9.686841636505278,9.686841636505278,51-100 Moderate
2026-06-14 04:00:00,61.05345916748047,69.74959142881502,8.696132261334554,8.696132261334554,51-100 Moderate
2026-06-14 05:00:00,61.34434509277344,68.08260703312817,6.738261940354732,6.738261940354732,51-100 Moderate
2026-06-14 06:00:00,61.650943756103516,66.71193975676775,5.0609960006642325,5.0609960006642325,51-100 Moderate
2026-06-14 07:00:00,61.871063232421875,65.49524267425764,3.6241794418357642,3.6241794418357642,51-100 Moderate
2026-06-14 08:00:00,62.41352081298828,65.52129637980113,3.1077755668128475,3.1077755668128475,51-100 Moderate
2026-06-14 09:00:00,63.02672576904297,65.70248527279476,2.6757595037517916,2.6757595037517916,51-100 Moderate
2026-06-14 10:00:00,63.63993835449219,66.47984778870234,2.8399094342101563,2.8399094342101563,51-100 Moderate
2026-06-14 11:00:00,64.22956085205078,67.93469654869169,3.705135696640909,3.705135696640909,51-100 Moderate
2026-06-14 12:00:00,64.82704162597656,71.31389985956014,6.486858233583575,6.486858233583575,51-100 Moderate
2026-06-14 13:00:00,65.78616333007812,73.14511102283292,7.358947692754796,7.358947692754796,51-100 Moderate
2026-06-14 14:00:00,66.53302001953125,74.13066449701306,7.597644477481808,7.597644477481808,51-100 Moderate
2026-06-14 15:00:00,67.24056243896484,74.3883735381685,7.1478110992036505,7.1478110992036505,51-100 Moderate
2026-06-14 16:00:00,68.05817413330078,74.5619341329478,6.503759999647016,6.503759999647016,51-100 Moderate
2026-06-14 17:00:00,68.95439910888672,74.07633259891186,5.1219334900251425,5.1219334900251425,51-100 Moderate
2026-06-14 18:00:00,69.80345916748047,73.57554011740041,3.772080949919939,3.772080949919939,51-100 Moderate
2026-06-14 19:00:00,70.61321258544922,72.47736511100372,1.864152525554502,1.864152525554502,51-100 Moderate
2026-06-14 20:00:00,71.37578582763672,72.2773935687032,0.9016077410664849,0.9016077410664849,51-100 Moderate
2026-06-14 21:00:00,71.99685668945312,72.25035840839845,0.2535017189453299,0.2535017189453299,51-100 Moderate
2026-06-14 22:00:00,72.50787353515625,72.46632862891052,-0.041544906245732705,0.041544906245732705,51-100 Moderate
2026-06-14 23:00:00,73.0031509399414,72.67765237478723,-0.3254985651541773,0.3254985651541773,51-100 Moderate
2026-06-15 00:00:00,73.69497680664062,70.09487735197521,-3.6000994546654113,3.6000994546654113,51-100 Moderate
2026-06-15 01:00:00,74.44182586669922,69.75605446521692,-4.685771401482299,4.685771401482299,51-100 Moderate
2026-06-15 02:00:00,75.22798919677734,69.49666133297987,-5.731327863797475,5.731327863797475,51-100 Moderate
2026-06-15 03:00:00,75.73113250732422,69.16574251623186,-6.56538999109236,6.56538999109236,51-100 Moderate
2026-06-15 04:00:00,75.98270416259766,68.27173683845422,-7.710967324143439,7.710967324143439,51-100 Moderate
2026-06-15 05:00:00,76.132080078125,68.37599050646799,-7.756089571657014,7.756089571657014,51-100 Moderate
2026-06-15 06:00:00,76.37579345703125,69.0682537284253,-7.307539728605946,7.307539728605946,51-100 Moderate
2026-06-15 07:00:00,76.42296600341797,67.64043855783946,-8.78252744557851,8.78252744557851,51-100 Moderate
2026-06-15 08:00:00,76.41510009765625,67.30205370041429,-9.113046397241959,9.113046397241959,51-100 Moderate
2026-06-15 09:00:00,76.3443374633789,68.08766790964053,-8.256669553738377,8.256669553738377,51-100 Moderate
2026-06-15 10:00:00,76.22640991210938,68.86794927397642,-7.358460638132954,7.358460638132954,51-100 Moderate
2026-06-15 11:00:00,76.06917572021484,69.11477335034785,-6.9544023698669974,6.9544023698669974,51-100 Moderate
2026-06-15 12:00:00,75.90408325195312,69.08664341528949,-6.817439836663638,6.817439836663638,51-100 Moderate
2026-06-15 13:00:00,75.62893676757812,70.91026928572388,-4.71866748185424,4.71866748185424,51-100 Moderate
2026-06-15 14:00:00,75.33019256591797,71.06231293267669,-4.267879633241279,4.267879633241279,51-100 Moderate
2026-06-15 15:00:00,75.039306640625,70.08080707667474,-4.958499563950255,4.958499563950255,51-100 Moderate
2026-06-15 16:00:00,74.90565490722656,68.98676679906809,-5.91888810815847,5.91888810815847,51-100 Moderate
2026-06-15 17:00:00,74.92924499511719,69.18137465664833,-5.747870338468857,5.747870338468857,51-100 Moderate
2026-06-15 18:00:00,74.87420654296875,69.36525973958823,-5.508946803380525,5.508946803380525,51-100 Moderate
2026-06-15 19:00:00,74.78773498535156,69.45679147958728,-5.3309435057642816,5.3309435057642816,51-100 Moderate
2026-06-15 20:00:00,74.71697998046875,69.34568797519506,-5.371292005273688,5.371292005273688,51-100 Moderate
2026-06-15 21:00:00,74.75628662109375,70.51204534568355,-4.244241275410204,4.244241275410204,51-100 Moderate
2026-06-15 22:00:00,74.79559326171875,69.88233064466066,-4.913262617058095,4.913262617058095,51-100 Moderate
2026-06-15 23:00:00,75.039306640625,69.48894909852226,-5.550357542102745,5.550357542102745,51-100 Moderate
2026-06-16 00:00:00,75.25157165527344,69.35391269071205,-5.897658964561387,5.897658964561387,51-100 Moderate
2026-06-16 01:00:00,75.29874420166016,69.61469126359327,-5.684052938066884,5.684052938066884,51-100 Moderate
2026-06-16 02:00:00,74.98428344726562,70.07203005580682,-4.912253391458805,4.912253391458805,51-100 Moderate
2026-06-16 03:00:00,74.83490753173828,70.85085803858729,-3.984049493150991,3.984049493150991,51-100 Moderate
2026-06-16 04:00:00,74.66195678710938,71.55364641257965,-3.1083103745297223,3.1083103745297223,51-100 Moderate
2026-06-16 05:00:00,74.46540832519531,71.67893609055372,-2.786472234641593,2.786472234641593,51-100 Moderate
2026-06-16 06:00:00,74.15094757080078,71.65860898865425,-2.4923385821465303,2.4923385821465303,51-100 Moderate
2026-06-16 07:00:00,74.02516174316406,72.91993369429466,-1.1052280488694066,1.1052280488694066,51-100 Moderate
2026-06-16 08:00:00,73.93081665039062,73.57213063720732,-0.35868601318330207,0.35868601318330207,51-100 Moderate
2026-06-16 09:00:00,73.84434509277344,74.04755390209856,0.20320880932511898,0.20320880932511898,51-100 Moderate
2026-06-16 10:00:00,73.74214172363281,74.44676852696743,0.7046268033346195,0.7046268033346195,51-100 Moderate
2026-06-16 11:00:00,73.67137908935547,75.03502976769903,1.3636506783435607,1.3636506783435607,51-100 Moderate
2026-06-16 12:00:00,73.5770492553711,78.24645664747112,4.669407392100027,4.669407392100027,51-100 Moderate
2026-06-16 13:00:00,73.75,79.27218634690934,5.522186346909336,5.522186346909336,51-100 Moderate
2026-06-16 14:00:00,73.99370574951172,78.67601045454744,4.682304705035719,4.682304705035719,51-100 Moderate
2026-06-16 15:00:00,74.39464569091797,77.86698794761215,3.4723422566941764,3.4723422566941764,51-100 Moderate
2026-06-16 16:00:00,74.63050079345703,77.70783249558453,3.077331702127495,3.077331702127495,51-100 Moderate
2026-06-16 17:00:00,74.77986907958984,77.64856754700612,2.86869846741628,2.86869846741628,51-100 Moderate
2026-06-16 18:00:00,75.0235824584961,77.43547541160558,2.4118929531094864,2.4118929531094864,51-100 Moderate
2026-06-16 19:00:00,75.00785827636719,77.58628506729495,2.5784267909277645,2.5784267909277645,51-100 Moderate
2026-06-16 20:00:00,74.84276580810547,77.35164975935062,2.508883951245153,2.508883951245153,51-100 Moderate
2026-06-16 21:00:00,74.64622497558594,77.80563654415099,3.159411568565048,3.159411568565048,51-100 Moderate
2026-06-16 22:00:00,74.4103775024414,77.27793796116637,2.8675604587249666,2.8675604587249666,51-100 Moderate
2026-06-16 23:00:00,74.12735748291016,77.97106746107198,3.843709978161826,3.843709978161826,51-100 Moderate
2026-06-17 00:00:00,73.75,78.14798505770251,4.397985057702513,4.397985057702513,51-100 Moderate
2026-06-17 01:00:00,73.52201080322266,78.27139314986964,4.749382346646982,4.749382346646982,51-100 Moderate
2026-06-17 02:00:00,73.5770492553711,76.73168506555778,3.15463581018669,3.15463581018669,51-100 Moderate
2026-06-17 03:00:00,73.710693359375,75.22393870172263,1.5132453423476306,1.5132453423476306,51-100 Moderate
2026-06-17 04:00:00,74.11163330078125,74.57733286066055,0.46569955987929745,0.46569955987929745,51-100 Moderate
2026-06-17 05:00:00,74.63050842285156,75.55510069500936,0.9245922721577955,0.9245922721577955,51-100 Moderate
2026-06-17 06:00:00,75.21226501464844,74.70741970963326,-0.5048453050151807,0.5048453050151807,51-100 Moderate
2026-06-17 07:00:00,75.59748840332031,74.52457278217742,-1.0729156211428972,1.0729156211428972,51-100 Moderate
2026-06-17 08:00:00,75.95126342773438,74.61212423714753,-1.3391391905868488,1.3391391905868488,51-100 Moderate
2026-06-17 09:00:00,76.23428344726562,74.9511986289456,-1.2830848183200203,1.2830848183200203,51-100 Moderate
2026-06-17 10:00:00,76.45439910888672,74.64248999068195,-1.8119091182047669,1.8119091182047669,51-100 Moderate
2026-06-17 11:00:00,76.58019256591797,74.5553815915178,-2.024810974400168,2.024810974400168,51-100 Moderate
2026-06-17 12:00:00,76.71383666992188,75.74943510802687,-0.9644015618950021,0.9644015618950021,51-100 Moderate
2026-06-17 13:00:00,77.29560089111328,76.3099738389974,-0.9856270521158876,0.9856270521158876,51-100 Moderate
2026-06-17 14:00:00,77.82232666015625,75.34611664707677,-2.4762100130794806,2.4762100130794806,51-100 Moderate
2026-06-17 15:00:00,78.05817413330078,75.43501527055047,-2.6231588627503157,2.6231588627503157,51-100 Moderate
2026-06-17 16:00:00,78.1839599609375,75.75081907628052,-2.4331408846569786,2.4331408846569786,51-100 Moderate
2026-06-17 17:00:00,78.20755004882812,75.29018960022495,-2.9173604486031763,2.9173604486031763,51-100 Moderate
2026-06-17 18:00:00,78.12107849121094,74.84004948791967,-3.281029003291266,3.281029003291266,51-100 Moderate
2026-06-17 19:00:00,78.32547760009766,75.09881454293102,-3.2266630571666326,3.2266630571666326,51-100 Moderate
2026-06-17 20:00:00,78.7342758178711,75.59202540712671,-3.1422504107443814,3.1422504107443814,51-100 Moderate
2026-06-17 21:00:00,79.3160400390625,76.07049149918839,-3.2455485398741075,3.2455485398741075,51-100 Moderate
2026-06-17 22:00:00,79.81917572021484,76.81352286634926,-3.005652853865584,3.005652853865584,51-100 Moderate
2026-06-17 23:00:00,79.74056243896484,77.10825855873793,-2.632303880226914,2.632303880226914,51-100 Moderate
2026-06-18 00:00:00,79.4575424194336,76.33775093315231,-3.1197914862812866,3.1197914862812866,51-100 Moderate
2026-06-18 01:00:00,79.40251922607422,74.43047196744773,-4.972047258626489,4.972047258626489,51-100 Moderate
2026-06-18 02:00:00,79.21383666992188,74.09997223894081,-5.113864430981067,5.113864430981067,51-100 Moderate
2026-06-18 03:00:00,79.01729583740234,73.54923357589561,-5.468062261506731,5.468062261506731,51-100 Moderate
2026-06-18 04:00:00,78.7342758178711,72.8275407214694,-5.90673509640169,5.90673509640169,51-100 Moderate
2026-06-18 05:00:00,78.42767333984375,71.5155332932652,-6.912140046578557,6.912140046578557,51-100 Moderate
2026-06-18 06:00:00,78.09748840332031,71.19551218982407,-6.901976213496241,6.901976213496241,51-100 Moderate
2026-06-18 07:00:00,77.97956848144531,71.21866614692641,-6.760902334518903,6.760902334518903,51-100 Moderate
2026-06-18 08:00:00,77.9088134765625,71.49540182464358,-6.413411651918921,6.413411651918921,51-100 Moderate
2026-06-18 09:00:00,77.9323959350586,71.92352376151668,-6.008872173541917,6.008872173541917,51-100 Moderate
2026-06-18 10:00:00,78.07390594482422,72.28124111852533,-5.792664826298889,5.792664826298889,51-100 Moderate
2026-06-18 11:00:00,78.33334350585938,72.9513374222159,-5.382006083643475,5.382006083643475,51-100 Moderate
2026-06-18 12:00:00,78.50629425048828,77.26831725889942,-1.2379769915888659,1.2379769915888659,51-100 Moderate
2026-06-18 13:00:00,78.0031509399414,79.15007471605803,1.1469237761166227,1.1469237761166227,51-100 Moderate
2026-06-18 14:00:00,77.29559326171875,79.9826335939591,2.6870403322403433,2.6870403322403433,51-100 Moderate
2026-06-18 15:00:00,76.57232666015625,78.73979944093512,2.1674727807788656,2.1674727807788656,51-100 Moderate
2026-06-18 16:00:00,75.91194915771484,78.08018285404599,2.168233696331143,2.168233696331143,51-100 Moderate
2026-06-18 17:00:00,75.22798919677734,78.00453495959536,2.7765457628180172,2.7765457628180172,51-100 Moderate
2026-06-18 18:00:00,74.55188751220703,76.70204957564668,2.1501620634396517,2.1501620634396517,51-100 Moderate
2026-06-18 19:00:00,73.87578582763672,75.90582712994188,2.0300413023051647,2.0300413023051647,51-100 Moderate
2026-06-18 20:00:00,73.1996841430664,75.99410417175223,2.7944200286858205,2.7944200286858205,51-100 Moderate
2026-06-18 21:00:00,72.23270416259766,76.10945257358904,3.8767484109913823,3.8767484109913823,51-100 Moderate
2026-06-18 22:00:00,71.32075500488281,76.28887939382095,4.968124388938136,4.968124388938136,51-100 Moderate
2026-06-18 23:00:00,70.95125579833984,76.17804436794488,5.226788569605034,5.226788569605034,51-100 Moderate
2026-06-19 00:00:00,70.75471496582031,76.31235147034423,5.557636504523913,5.557636504523913,51-100 Moderate
2026-06-19 01:00:00,70.44025421142578,76.77396450102043,6.333710289594649,6.333710289594649,51-100 Moderate
2026-06-19 02:00:00,70.26729583740234,76.92052632890233,6.653230491499983,6.653230491499983,51-100 Moderate
2026-06-19 03:00:00,70.0943374633789,77.63512303537819,7.54078557199928,7.54078557199928,51-100 Moderate
2026-06-19 04:00:00,70.00785827636719,78.45879106246643,8.450932786099244,8.450932786099244,51-100 Moderate
2026-06-19 05:00:00,69.92137908935547,79.31923006518207,9.3978509758266,9.3978509758266,51-100 Moderate
2026-06-19 06:00:00,69.81131744384766,78.57451304134719,8.763195597499532,8.763195597499532,51-100 Moderate
2026-06-19 07:00:00,69.64622497558594,78.41572128880566,8.769496313219719,8.769496313219719,51-100 Moderate
2026-06-19 08:00:00,69.45755004882812,78.14328745172527,8.685737402897146,8.685737402897146,51-100 Moderate
2026-06-19 09:00:00,69.18238830566406,78.51783302548515,9.335444719821083,9.335444719821083,51-100 Moderate
2026-06-19 10:00:00,68.867919921875,78.03033209795711,9.162412176082114,9.162412176082114,51-100 Moderate
2026-06-19 11:00:00,68.52987670898438,78.07672753711412,9.546850828129749,9.546850828129749,51-100 Moderate
2026-06-19 12:00:00,68.31761169433594,83.58760942417658,15.26999772984064,15.26999772984064,51-100 Moderate
2026-06-19 13:00:00,67.70440673828125,85.99711304614891,18.29270630786766,18.29270630786766,51-100 Moderate
2026-06-19 14:00:00,67.382080078125,84.02939616259556,16.64731608447056,16.64731608447056,51-100 Moderate
2026-06-19 15:00:00,67.31918334960938,82.07066992120885,14.751486571599472,14.751486571599472,51-100 Moderate
2026-06-19 16:00:00,67.4449691772461,81.22976468816282,13.784795510916723,13.784795510916723,51-100 Moderate
2026-06-19 17:00:00,67.86163330078125,80.86489206607979,13.00325876529854,13.00325876529854,51-100 Moderate
2026-06-19 18:00:00,68.42767333984375,81.12100845798838,12.693335118144631,12.693335118144631,51-100 Moderate
2026-06-19 19:00:00,69.00157165527344,81.64859404645426,12.647022391180826,12.647022391180826,51-100 Moderate
2026-06-19 20:00:00,69.59906005859375,82.60265408043973,13.003594021845984,13.003594021845984,51-100 Moderate
2026-06-19 21:00:00,70.35377502441406,83.04873123657875,12.694956212164684,12.694956212164684,51-100 Moderate
2026-06-19 22:00:00,71.1556625366211,79.15997928980528,8.004316753184185,8.004316753184185,51-100 Moderate
2026-06-19 23:00:00,72.20912170410156,77.21910152537997,5.009979821278407,5.009979821278407,51-100 Moderate
2026-06-20 00:00:00,73.0896224975586,78.21993221099481,5.130309713436219,5.130309713436219,51-100 Moderate
2026-06-20 01:00:00,73.41194915771484,77.87870633781199,4.466757180097147,4.466757180097147,51-100 Moderate
2026-06-20 02:00:00,73.6949691772461,77.57266989626342,3.8777007190173265,3.8777007190173265,51-100 Moderate
2026-06-20 03:00:00,73.92295837402344,77.5174473733446,3.5944889993211575,3.5944889993211575,51-100 Moderate
2026-06-20 04:00:00,73.99371337890625,77.63679000468929,3.6430766257830385,3.6430766257830385,51-100 Moderate
2026-06-20 05:00:00,74.08019256591797,77.91371132863526,3.83351876271729,3.83351876271729,51-100 Moderate
2026-06-20 06:00:00,74.28459167480469,79.0184619436325,4.733870268827815,4.733870268827815,51-100 Moderate
2026-06-20 07:00:00,74.4103775024414,79.47224763601676,5.061870133575354,5.061870133575354,51-100 Moderate
2026-06-20 08:00:00,74.55974578857422,80.22014099730438,5.660395208730165,5.660395208730165,51-100 Moderate
2026-06-20 09:00:00,74.77987670898438,80.87632605554363,6.096449346559254,6.096449346559254,51-100 Moderate
2026-06-20 10:00:00,75.0157241821289,81.47813294759527,6.462408765466364,6.462408765466364,51-100 Moderate
2026-06-20 11:00:00,75.36949157714844,80.96584084417542,5.59634926702698,5.59634926702698,51-100 Moderate
2026-06-20 12:00:00,75.52672576904297,82.36045759710716,6.833731828064188,6.833731828064188,51-100 Moderate
2026-06-20 13:00:00,76.17138671875,81.51639179624075,5.345005077490754,5.345005077490754,51-100 Moderate
2026-06-20 14:00:00,76.76886749267578,79.51009364960481,2.741226156929031,2.741226156929031,51-100 Moderate
2026-06-20 15:00:00,77.35848999023438,78.02664117972225,0.6681511894878724,0.6681511894878724,51-100 Moderate
2026-06-20 16:00:00,77.84591674804688,77.03543829909823,-0.8104784489486434,0.8104784489486434,51-100 Moderate
2026-06-20 17:00:00,78.17610168457031,76.55817294473303,-1.6179287398372821,1.6179287398372821,51-100 Moderate
2026-06-20 18:00:00,78.4591293334961,76.49838069801442,-1.9607486354816785,1.9607486354816785,51-100 Moderate
2026-06-20 19:00:00,78.7342758178711,76.79492192352595,-1.939353894345146,1.939353894345146,51-100 Moderate
2026-06-20 20:00:00,78.92296600341797,75.54130615449738,-3.3816598489205916,3.3816598489205916,51-100 Moderate
2026-06-20 21:00:00,78.99371337890625,74.75459187005802,-4.239121508848228,4.239121508848228,51-100 Moderate
2026-06-20 22:00:00,79.00943756103516,75.60080770171392,-3.4086298593212376,3.4086298593212376,51-100 Moderate
2026-06-20 23:00:00,78.75786590576172,75.59593351075699,-3.161932395004726,3.161932395004726,51-100 Moderate
2026-06-21 00:00:00,78.45126342773438,75.749631887271,-2.7016315404633815,2.7016315404633815,51-100 Moderate
2026-06-21 01:00:00,78.33333587646484,75.93913230382368,-2.3942035726411603,2.3942035726411603,51-100 Moderate
2026-06-21 02:00:00,78.2232666015625,76.14929129389273,-2.0739753076697696,2.0739753076697696,51-100 Moderate
2026-06-21 03:00:00,78.11321258544922,77.03304704763205,-1.080165537817166,1.080165537817166,51-100 Moderate
2026-06-21 04:00:00,78.10533905029297,77.3371172319245,-0.7682218183684739,0.7682218183684739,51-100 Moderate
2026-06-21 05:00:00,77.99528503417969,77.42284229253364,-0.5724427416460429,0.5724427416460429,51-100 Moderate
2026-06-21 06:00:00,77.77515411376953,77.1511382046124,-0.6240159091571371,0.6240159091571371,51-100 Moderate
2026-06-21 07:00:00,77.68081665039062,77.29873331402268,-0.38208333636794123,0.38208333636794123,51-100 Moderate
2026-06-21 08:00:00,77.57861328125,76.61446265787785,-0.9641506233721486,0.9641506233721486,51-100 Moderate
2026-06-21 09:00:00,77.5235824584961,76.64564900894557,-0.8779334495505253,0.8779334495505253,51-100 Moderate
2026-06-21 10:00:00,77.5628890991211,76.50332299863676,-1.0595661004843322,1.0595661004843322,51-100 Moderate
2026-06-21 11:00:00,77.50786590576172,76.78913412008015,-0.7187317856815696,0.7187317856815696,51-100 Moderate
2026-06-21 12:00:00,77.60220336914062,75.12434656196,-2.477856807180629,2.477856807180629,51-100 Moderate
2026-06-21 13:00:00,77.48428344726562,75.89937049920101,-1.5849129480646127,1.5849129480646127,51-100 Moderate
2026-06-21 14:00:00,77.33490753173828,76.4714772563549,-0.8634302753833794,0.8634302753833794,51-100 Moderate
2026-06-21 15:00:00,77.13050079345703,77.20106604659966,0.0705652531426324,0.0705652531426324,51-100 Moderate
2026-06-21 16:00:00,77.03616333007812,78.65996721596764,1.6238038858895152,1.6238038858895152,51-100 Moderate
2026-06-21 17:00:00,76.92610168457031,79.2290184291736,2.3029167446032943,2.3029167446032943,51-100 Moderate
2026-06-21 18:00:00,76.90251159667969,79.10003240365484,2.197520806975149,2.197520806975149,51-100 Moderate
2026-06-21 19:00:00,76.9103775024414,79.1603335991055,2.249956096664093,2.249956096664093,51-100 Moderate
2026-06-21 20:00:00,76.9182357788086,79.69386945047101,2.775633671662419,2.775633671662419,51-100 Moderate
2026-06-21 21:00:00,76.97327423095703,79.91566814917827,2.942393918221242,2.942393918221242,51-100 Moderate
2026-06-21 22:00:00,77.0125732421875,81.09495508863834,4.0823818464508435,4.0823818464508435,51-100 Moderate
2026-06-21 23:00:00,76.9968490600586,80.29018599914201,3.2933369390834173,3.2933369390834173,51-100 Moderate
2026-06-22 00:00:00,77.09119415283203,74.45582267379285,-2.635371479039179,2.635371479039179,51-100 Moderate
2026-06-22 01:00:00,77.05188751220703,73.78326392877607,-3.2686235834309656,3.2686235834309656,51-100 Moderate
2026-06-22 02:00:00,76.94182586669922,73.44278918403145,-3.4990366826677644,3.4990366826677644,51-100 Moderate
2026-06-22 03:00:00,76.97327423095703,73.12606713103538,-3.847207099921647,3.847207099921647,51-100 Moderate
2026-06-22 04:00:00,76.91038513183594,73.3629264196781,-3.547458712157834,3.547458712157834,51-100 Moderate
2026-06-22 05:00:00,76.91824340820312,74.44259458532741,-2.475648822875712,2.475648822875712,51-100 Moderate
2026-06-22 06:00:00,76.90251922607422,74.52402087625742,-2.3784983498167946,2.3784983498167946,51-100 Moderate
2026-06-22 07:00:00,76.83175659179688,75.26815198677676,-1.5636046050201173,1.5636046050201173,51-100 Moderate
2026-06-22 08:00:00,76.7531509399414,75.6053408652078,-1.1478100747336129,1.1478100747336129,51-100 Moderate
2026-06-22 09:00:00,76.61164093017578,76.0007896019719,-0.6108513282038786,0.6108513282038786,51-100 Moderate
2026-06-22 10:00:00,76.37579345703125,76.90528545212769,0.5294919950964356,0.5294919950964356,51-100 Moderate
2026-06-22 11:00:00,76.1556625366211,76.13336533980414,-0.022297196816950304,0.022297196816950304,51-100 Moderate
2026-06-22 12:00:00,76.00629425048828,77.70565582461798,1.6993615741296964,1.6993615741296964,51-100 Moderate
2026-06-22 13:00:00,75.4481201171875,78.74777527866202,3.2996551614745186,3.2996551614745186,51-100 Moderate
2026-06-22 14:00:00,74.96855926513672,79.34657716171452,4.378017896577802,4.378017896577802,51-100 Moderate
2026-06-22 15:00:00,74.5282974243164,79.04746276486931,4.519165340552902,4.519165340552902,51-100 Moderate
2026-06-22 16:00:00,73.99371337890625,78.39374007299965,4.400026694093398,4.400026694093398,51-100 Moderate
2026-06-22 17:00:00,73.42767333984375,78.36068257366274,4.933009233818993,4.933009233818993,51-100 Moderate
2026-06-22 18:00:00,72.78302001953125,78.35840567105217,5.575385651520918,5.575385651520918,51-100 Moderate
2026-06-22 19:00:00,72.16981506347656,78.15514696510334,5.985331901626779,5.985331901626779,51-100 Moderate
2026-06-22 20:00:00,71.53302001953125,77.50221950805282,5.969199488521568,5.969199488521568,51-100 Moderate
2026-06-22 21:00:00,70.67610168457031,77.27415193825217,6.598050253681862,6.598050253681862,51-100 Moderate
2026-06-22 22:00:00,69.84276580810547,77.32694503141303,7.484179223307564,7.484179223307564,51-100 Moderate
2026-06-22 23:00:00,69.22956085205078,76.6772009399365,7.447640087885716,7.447640087885716,51-100 Moderate
2026-06-23 00:00:00,68.54560089111328,75.8029852464378,7.257384355324518,7.257384355324518,51-100 Moderate
2026-06-23 01:00:00,68.2782974243164,75.40881054509518,7.130513120778772,7.130513120778772,51-100 Moderate
2026-06-23 02:00:00,68.0896224975586,74.93013624572626,6.840513748167666,6.840513748167666,51-100 Moderate
2026-06-23 03:00:00,67.98741912841797,74.73071244585036,6.743293317432389,6.743293317432389,51-100 Moderate
2026-06-23 04:00:00,67.87735748291016,74.45058584433602,6.573228361425862,6.573228361425862,51-100 Moderate
2026-06-23 05:00:00,67.75157165527344,74.68504111587536,6.933469460601927,6.933469460601927,51-100 Moderate
2026-06-23 06:00:00,67.5943374633789,75.62901148656726,8.034674023188359,8.034674023188359,51-100 Moderate
2026-06-23 07:00:00,67.42924499511719,76.11559023904469,8.686345243927505,8.686345243927505,51-100 Moderate
2026-06-23 08:00:00,67.27986907958984,76.38148968034697,9.10162060075713,9.10162060075713,51-100 Moderate
2026-06-23 09:00:00,67.16194915771484,77.20555739757441,10.043608239859566,10.043608239859566,51-100 Moderate
2026-06-23 10:00:00,67.06761169433594,77.16628661688216,10.098674922546223,10.098674922546223,51-100 Moderate
2026-06-23 11:00:00,66.93396759033203,77.47779817366724,10.543830583335208,10.543830583335208,51-100 Moderate
2026-06-23 12:00:00,66.78459167480469,77.51519383263553,10.730602157830845,10.730602157830845,51-100 Moderate
2026-06-23 13:00:00,66.96541595458984,78.37366257078435,11.408246616194504,11.408246616194504,51-100 Moderate
2026-06-23 14:00:00,67.13836669921875,78.1049089085174,10.966542209298652,10.966542209298652,51-100 Moderate
2026-06-23 15:00:00,67.24842834472656,78.55426260649311,11.305834261766549,11.305834261766549,51-100 Moderate
2026-06-23 16:00:00,67.2877426147461,78.823672944212,11.535930329465913,11.535930329465913,51-100 Moderate
2026-06-23 17:00:00,67.3427734375,78.8137383936281,11.4709649561281,11.4709649561281,51-100 Moderate
2026-06-23 18:00:00,67.23270416259766,78.70145434510064,11.468750182502987,11.468750182502987,51-100 Moderate
2026-06-23 19:00:00,67.05188751220703,78.68561048494335,11.633722972736322,11.633722972736322,51-100 Moderate
2026-06-23 20:00:00,66.93396759033203,78.70505377930701,11.771086188974976,11.771086188974976,51-100 Moderate
2026-06-23 21:00:00,67.12264251708984,78.59431877282324,11.4716762557334,11.4716762557334,51-100 Moderate
2026-06-23 22:00:00,67.33489990234375,78.21867233837376,10.883772436030014,10.883772436030014,51-100 Moderate
2026-06-23 23:00:00,67.42138671875,77.77930998254571,10.357923263795712,10.357923263795712,51-100 Moderate
2026-06-24 00:00:00,67.70440673828125,76.2369757830238,8.532569044742544,8.532569044742544,51-100 Moderate
2026-06-24 01:00:00,68.08963012695312,75.06027025117442,6.9706401242212905,6.9706401242212905,51-100 Moderate
2026-06-24 02:00:00,68.50628662109375,75.46564432837584,6.959357707282095,6.959357707282095,51-100 Moderate
2026-06-24 03:00:00,68.75785827636719,75.1513088811803,6.393450604813111,6.393450604813111,51-100 Moderate
2026-06-24 04:00:00,69.07232666015625,75.15670687018681,6.0843802100305595,6.0843802100305595,51-100 Moderate
2026-06-24 05:00:00,69.39466094970703,75.27084169245514,5.8761807427481045,5.8761807427481045,51-100 Moderate
2026-06-24 06:00:00,69.74057006835938,75.30685705531259,5.566286986953216,5.566286986953216,51-100 Moderate
2026-06-24 07:00:00,70.14151000976562,75.68937039928825,5.547860389522626,5.547860389522626,51-100 Moderate
2026-06-24 08:00:00,70.5031509399414,75.96738855861831,5.464237618676904,5.464237618676904,51-100 Moderate
2026-06-24 09:00:00,70.85692596435547,76.22173105131519,5.36480508695972,5.36480508695972,51-100 Moderate
2026-06-24 10:00:00,71.12422180175781,76.20800460677643,5.083782805018615,5.083782805018615,51-100 Moderate
2026-06-24 11:00:00,71.35221099853516,76.54109901101165,5.188888012476497,5.188888012476497,51-100 Moderate
2026-06-24 12:00:00,71.55661010742188,75.27681104172176,3.720200934299882,3.720200934299882,51-100 Moderate
2026-06-24 13:00:00,71.13994598388672,75.66495477724388,4.525008793357159,4.525008793357159,51-100 Moderate
2026-06-24 14:00:00,70.77831268310547,75.84297221192367,5.064659528818197,5.064659528818197,51-100 Moderate
2026-06-24 15:00:00,70.55818176269531,75.49520558104548,4.93702381835017,4.93702381835017,51-100 Moderate
2026-06-24 16:00:00,70.40880584716797,74.87495289524726,4.466147048079293,4.466147048079293,51-100 Moderate
2026-06-24 17:00:00,70.28302001953125,74.45188084723414,4.168860827702886,4.168860827702886,51-100 Moderate
2026-06-24 18:00:00,70.36949920654297,74.72809540370237,4.3585961971594,4.3585961971594,51-100 Moderate
2026-06-24 19:00:00,70.47956085205078,73.97180640050273,3.4922455484519475,3.4922455484519475,51-100 Moderate
2026-06-24 20:00:00,70.54244995117188,72.30556117195884,1.7631112207869677,1.7631112207869677,51-100 Moderate
2026-06-24 21:00:00,70.49528503417969,71.83590422037689,1.3406191861972019,1.3406191861972019,51-100 Moderate
2026-06-24 22:00:00,70.40880584716797,72.33153124404639,1.9227253968784197,1.9227253968784197,51-100 Moderate
2026-06-24 23:00:00,70.29874420166016,71.72234224341904,1.4235980417588792,1.4235980417588792,51-100 Moderate
2026-06-25 00:00:00,70.1572265625,72.04632779494352,1.8891012324435223,1.8891012324435223,51-100 Moderate
2026-06-25 01:00:00,69.9449691772461,72.15446539604686,2.2094962188007656,2.2094962188007656,51-100 Moderate
2026-06-25 02:00:00,69.70912170410156,72.85517099382672,3.1460492897251555,3.1460492897251555,51-100 Moderate
2026-06-25 03:00:00,69.4496841430664,72.799364490443,3.349680347376591,3.349680347376591,51-100 Moderate
2026-06-25 04:00:00,69.16666412353516,72.79720734821964,3.6305432246844873,3.6305432246844873,51-100 Moderate
2026-06-25 05:00:00,68.93867492675781,72.84706834522261,3.9083934184647973,3.9083934184647973,51-100 Moderate
2026-06-25 06:00:00,68.75785827636719,73.11219597967008,4.354337703302889,4.354337703302889,51-100 Moderate
2026-06-25 07:00:00,68.632080078125,73.47419660894533,4.842116530820334,4.842116530820334,51-100 Moderate
2026-06-25 08:00:00,68.55345916748047,73.74621956602273,5.192760398542262,5.192760398542262,51-100 Moderate
2026-06-25 09:00:00,68.43553924560547,74.14881649809362,5.7132772524881545,5.7132772524881545,51-100 Moderate
2026-06-25 10:00:00,68.35691833496094,74.13692943515247,5.78001110019153,5.78001110019153,51-100 Moderate
2026-06-25 11:00:00,68.2389907836914,74.2892398888816,6.05024910519019,6.05024910519019,51-100 Moderate
2026-06-25 12:00:00,68.0503158569336,74.60119757106628,6.550881714132686,6.550881714132686,51-100 Moderate
2026-06-25 13:00:00,68.60848999023438,75.62760192885936,7.019111938624988,7.019111938624988,51-100 Moderate
2026-06-25 14:00:00,68.95439910888672,75.36931964423891,6.414920535352195,6.414920535352195,51-100 Moderate
2026-06-25 15:00:00,69.09591674804688,74.81641987260788,5.720503124561006,5.720503124561006,51-100 Moderate
2026-06-25 16:00:00,69.11163330078125,74.67260097830598,5.560967677524729,5.560967677524729,51-100 Moderate
2026-06-25 17:00:00,69.11163330078125,74.02027221629754,4.908638915516292,4.908638915516292,51-100 Moderate
2026-06-25 18:00:00,69.09590911865234,73.53120128181095,4.435292163158607,4.435292163158607,51-100 Moderate
2026-06-25 19:00:00,69.12734985351562,73.69769391261178,4.570344059096158,4.570344059096158,51-100 Moderate
2026-06-25 20:00:00,69.11163330078125,74.45549534876253,5.3438620479812755,5.3438620479812755,51-100 Moderate
2026-06-25 21:00:00,69.15093994140625,74.56733945899606,5.416399517589809,5.416399517589809,51-100 Moderate
2026-06-25 22:00:00,69.19025421142578,74.38396285380065,5.193708642374872,5.193708642374872,51-100 Moderate
2026-06-25 23:00:00,69.25314331054688,74.64056513240077,5.387421821853891,5.387421821853891,51-100 Moderate
2026-06-26 00:00:00,69.3396224975586,75.56989648895808,6.230273991399486,6.230273991399486,51-100 Moderate
2026-06-26 01:00:00,69.46540832519531,75.76712113472101,6.3017128095256965,6.3017128095256965,51-100 Moderate
2026-06-26 02:00:00,69.63050079345703,75.79328598279965,6.162785189342614,6.162785189342614,51-100 Moderate
2026-06-26 03:00:00,69.81918334960938,76.19903937267391,6.379856023064534,6.379856023064534,51-100 Moderate
2026-06-26 04:00:00,70.21226501464844,76.50068708928092,6.288422074632479,6.288422074632479,51-100 Moderate
2026-06-26 05:00:00,70.57389831542969,76.74856843795543,6.17467012252574,6.17467012252574,51-100 Moderate
2026-06-26 06:00:00,70.88836669921875,77.43749330066294,6.549126601444186,6.549126601444186,51-100 Moderate
2026-06-26 07:00:00,71.09276580810547,77.76808566622293,6.6753198581174615,6.6753198581174615,51-100 Moderate
2026-06-26 08:00:00,71.21855163574219,78.00479977968936,6.7862481439471765,6.7862481439471765,51-100 Moderate
2026-06-26 09:00:00,71.36006164550781,77.56103899612428,6.200977350616469,6.200977350616469,51-100 Moderate
2026-06-26 10:00:00,71.50157165527344,77.28513537355914,5.783563718285706,5.783563718285706,51-100 Moderate
2026-06-26 11:00:00,71.9103775024414,77.38278241569951,5.472404913258103,5.472404913258103,51-100 Moderate
2026-06-26 12:00:00,72.19339752197266,74.50012243486023,2.3067249128875744,2.3067249128875744,51-100 Moderate
2026-06-26 13:00:00,71.9968490600586,74.76183751868231,2.7649884586237192,2.7649884586237192,51-100 Moderate
2026-06-26 14:00:00,71.92610168457031,75.8374392271868,3.9113375426164936,3.9113375426164936,51-100 Moderate
2026-06-26 15:00:00,71.92610168457031,76.08690746225759,4.160805777687273,4.160805777687273,51-100 Moderate
2026-06-26 16:00:00,72.07547760009766,75.89887090011212,3.823393300014459,3.823393300014459,51-100 Moderate
2026-06-26 17:00:00,72.29560089111328,75.93880024596004,3.6431993548467574,3.6431993548467574,51-100 Moderate
2026-06-26 18:00:00,72.54717254638672,75.60012701259721,3.052954466210494,3.052954466210494,51-100 Moderate
2026-06-26 19:00:00,72.71226501464844,75.15821870764461,2.44595369299617,2.44595369299617,51-100 Moderate
2026-06-26 20:00:00,72.99528503417969,74.56310038169326,1.567815347513573,1.567815347513573,51-100 Moderate
2026-06-26 21:00:00,73.0660400390625,74.14162381260573,1.0755837735432294,1.0755837735432294,51-100 Moderate
2026-06-26 22:00:00,73.1446533203125,74.41713418481942,1.2724808645069174,1.2724808645069174,51-100 Moderate
2026-06-26 23:00:00,73.2232666015625,74.29540571682347,1.072139115260967,1.072139115260967,51-100 Moderate
2026-06-27 00:00:00,73.30975341796875,74.54228978566212,1.2325363676933705,1.2325363676933705,51-100 Moderate
2026-06-27 01:00:00,73.6871109008789,74.64926305610597,0.9621521552270593,0.9621521552270593,51-100 Moderate
2026-06-27 02:00:00,74.04873657226562,74.59387177183868,0.5451351995730533,0.5451351995730533,51-100 Moderate
2026-06-27 03:00:00,74.5282974243164,74.68819545160045,0.15989802728404356,0.15989802728404356,51-100 Moderate
2026-06-27 04:00:00,74.95282745361328,75.01530138750327,0.06247393388999001,0.06247393388999001,51-100 Moderate
2026-06-27 05:00:00,75.31446075439453,75.62866721299355,0.31420645859901697,0.31420645859901697,51-100 Moderate
2026-06-27 06:00:00,75.63679504394531,76.13743990872904,0.5006448647837232,0.5006448647837232,51-100 Moderate
2026-06-27 07:00:00,75.91194152832031,76.87860503736766,0.9666635090473505,0.9666635090473505,51-100 Moderate
2026-06-27 08:00:00,76.21068572998047,76.98042711139828,0.7697413814178162,0.7697413814178162,51-100 Moderate
2026-06-27 09:00:00,76.52515411376953,76.98726088138957,0.46210676762004255,0.46210676762004255,51-100 Moderate
2026-06-27 10:00:00,76.7767333984375,76.51370817016877,-0.26302522826873087,0.26302522826873087,51-100 Moderate
2026-06-27 11:00:00,76.81603240966797,76.05406721007965,-0.7619651995883174,0.7619651995883174,51-100 Moderate
2026-06-27 12:00:00,77.01258087158203,78.11741527434992,1.1048344027678922,1.1048344027678922,51-100 Moderate
2026-06-27 13:00:00,77.70440673828125,78.43538246391037,0.730975725629122,0.730975725629122,51-100 Moderate
2026-06-27 14:00:00,78.45126342773438,77.51785453260861,-0.9334088951257655,0.9334088951257655,51-100 Moderate
2026-06-27 15:00:00,79.28459930419922,76.53233869452721,-2.752260609672007,2.752260609672007,51-100 Moderate
2026-06-27 16:00:00,80.00786590576172,76.65684934927975,-3.351016556481966,3.351016556481966,51-100 Moderate
2026-06-27 17:00:00,80.58963012695312,76.72449050217571,-3.865139624777413,3.865139624777413,51-100 Moderate
2026-06-27 18:00:00,80.86478424072266,76.65223544081832,-4.21254879990434,4.21254879990434,51-100 Moderate
2026-06-27 19:00:00,81.09276580810547,76.20993997732798,-4.882825830777492,4.882825830777492,51-100 Moderate
2026-06-27 20:00:00,81.03773498535156,76.16357287126924,-4.874162114082324,4.874162114082324,51-100 Moderate
2026-06-27 21:00:00,81.210693359375,75.91248341450878,-5.298209944866215,5.298209944866215,51-100 Moderate
2026-06-27 22:00:00,81.41509246826172,75.85492214440745,-5.5601703238542655,5.5601703238542655,51-100 Moderate
2026-06-27 23:00:00,81.63522338867188,75.93008277765169,-5.705140611020184,5.705140611020184,51-100 Moderate
2026-06-28 00:00:00,81.8553466796875,76.29853259302755,-5.556814086659955,5.556814086659955,51-100 Moderate
2026-06-28 01:00:00,81.8003158569336,76.62569595259163,-5.1746199043419665,5.1746199043419665,51-100 Moderate
2026-06-28 02:00:00,81.72956848144531,76.5745366962544,-5.155031785190914,5.155031785190914,51-100 Moderate
2026-06-28 03:00:00,81.50943756103516,77.62996042473293,-3.879477136302228,3.879477136302228,51-100 Moderate
2026-06-28 04:00:00,81.3050308227539,77.81291514078899,-3.4921156819649184,3.4921156819649184,51-100 Moderate
2026-06-28 05:00:00,81.02987670898438,78.0465220652708,-2.983354643713568,2.983354643713568,51-100 Moderate
2026-06-28 06:00:00,80.74685668945312,78.31843212809403,-2.428424561359094,2.428424561359094,51-100 Moderate
2026-06-28 07:00:00,80.57390594482422,78.54229752926389,-2.031608415560328,2.031608415560328,51-100 Moderate
2026-06-28 08:00:00,80.3852310180664,78.78369324933831,-1.6015377687280932,1.6015377687280932,51-100 Moderate
2026-06-28 09:00:00,80.11006927490234,79.18705495421064,-0.9230143206917063,0.9230143206917063,51-100 Moderate
2026-06-28 10:00:00,79.95282745361328,80.77374787401129,0.8209204203980107,0.8209204203980107,51-100 Moderate
2026-06-28 11:00:00,79.8663558959961,80.00381832294316,0.13746242694706723,0.13746242694706723,51-100 Moderate
2026-06-28 12:00:00,79.74842834472656,78.5201513759772,-1.2282769687493555,1.2282769687493555,51-100 Moderate
2026-06-28 13:00:00,79.3553466796875,78.68743208082442,-0.6679145988630779,0.6679145988630779,51-100 Moderate
2026-06-28 14:00:00,78.78144836425781,78.87178770173806,0.09033933748024481,0.09033933748024481,51-100 Moderate
2026-06-28 15:00:00,78.0110092163086,78.92498972612522,0.9139805098166249,0.9139805098166249,51-100 Moderate
2026-06-28 16:00:00,77.25628662109375,79.06854676599819,1.8122601449044424,1.8122601449044424,51-100 Moderate
2026-06-28 17:00:00,76.28144836425781,79.42939382290828,3.1479454586504687,3.1479454586504687,51-100 Moderate
2026-06-28 18:00:00,75.55030822753906,79.11673293340219,3.5664247058631275,3.5664247058631275,51-100 Moderate
2026-06-28 19:00:00,75.0,79.14936441738135,4.149364417381349,4.149364417381349,51-100 Moderate
2026-06-28 20:00:00,74.882080078125,78.10089006834883,3.218809990223832,3.218809990223832,51-100 Moderate
2026-06-28 21:00:00,74.70911407470703,77.73305099094634,3.0239369162393075,3.0239369162393075,51-100 Moderate
2026-06-28 22:00:00,74.48113250732422,77.78402654639805,3.302894039073834,3.302894039073834,51-100 Moderate
2026-06-28 23:00:00,74.20597076416016,77.86765282661085,3.6616820624506943,3.6616820624506943,51-100 Moderate
2026-06-29 00:00:00,73.92295837402344,76.47929794961186,2.5563395755884244,2.5563395755884244,51-100 Moderate
2026-06-29 01:00:00,73.60848999023438,76.84175374152645,3.233263751292071,3.233263751292071,51-100 Moderate
2026-06-29 02:00:00,73.3176040649414,77.46499691537365,4.14739285043224,4.14739285043224,51-100 Moderate
2026-06-29 03:00:00,73.05817413330078,78.0380238172465,4.979849683945716,4.979849683945716,51-100 Moderate
2026-06-29 04:00:00,72.75943756103516,78.17779671522602,5.418359154190867,5.418359154190867,51-100 Moderate
2026-06-29 05:00:00,72.53931427001953,78.01535891729459,5.47604464727506,5.47604464727506,51-100 Moderate
2026-06-29 06:00:00,72.2798843383789,77.87180823327283,5.591923894893924,5.591923894893924,51-100 Moderate
2026-06-29 07:00:00,71.94182586669922,78.63469845062623,6.692872583927013,6.692872583927013,51-100 Moderate
2026-06-29 08:00:00,71.58019256591797,79.34107491995857,7.760882354040604,7.760882354040604,51-100 Moderate
2026-06-29 09:00:00,71.6352310180664,79.48744504344805,7.852214025381642,7.852214025381642,51-100 Moderate
2026-06-29 10:00:00,71.46227264404297,79.25795727715753,7.795684633114561,7.795684633114561,51-100 Moderate
2026-06-29 11:00:00,71.24214172363281,79.67675333887155,8.434611615238737,8.434611615238737,51-100 Moderate
2026-06-29 12:00:00,71.17138671875,82.31508874269308,11.143702023943078,11.143702023943078,51-100 Moderate
2026-06-29 13:00:00,70.76258850097656,83.37368606927697,12.611097568300409,12.611097568300409,51-100 Moderate
2026-06-29 14:00:00,70.5424575805664,83.54082672297427,12.998369142407867,12.998369142407867,51-100 Moderate
2026-06-29 15:00:00,70.47956848144531,82.79894978745365,12.319381306008339,12.319381306008339,51-100 Moderate
2026-06-29 16:00:00,70.34591674804688,82.2971088514359,11.951192103389019,11.951192103389019,51-100 Moderate
2026-06-29 17:00:00,70.39308166503906,80.5914446541201,10.198362989081033,10.198362989081033,51-100 Moderate
2026-06-29 18:00:00,70.4717025756836,79.76644916936218,9.294746593678582,9.294746593678582,51-100 Moderate
2026-06-29 19:00:00,70.5503158569336,78.75657015326685,8.206254296333256,8.206254296333256,51-100 Moderate
2026-06-29 20:00:00,70.5424575805664,78.91252893419244,8.370071353626031,8.370071353626031,51-100 Moderate
2026-06-29 21:00:00,70.67610931396484,79.18406207466008,8.507952760695233,8.507952760695233,51-100 Moderate
2026-06-29 22:00:00,70.88050842285156,79.31454165919445,8.434033236342884,8.434033236342884,51-100 Moderate
2026-06-29 23:00:00,71.1163558959961,79.2470346233805,8.130678727384407,8.130678727384407,51-100 Moderate
2026-06-30 00:00:00,71.33648681640625,79.30908801545758,7.972601199051326,7.972601199051326,51-100 Moderate
2026-06-30 01:00:00,71.49371337890625,79.12097221778222,7.627258838875974,7.627258838875974,51-100 Moderate
2026-06-30 02:00:00,71.60377502441406,78.4659930567459,6.862218032331839,6.862218032331839,51-100 Moderate
2026-06-30 03:00:00,71.72956848144531,78.77240544908757,7.042836967642259,7.042836967642259,51-100 Moderate
2026-06-30 04:00:00,71.79244995117188,78.35028763556247,6.5578376843905914,6.5578376843905914,51-100 Moderate
2026-06-30 05:00:00,71.8396224975586,78.18120484114753,6.341582343588939,6.341582343588939,51-100 Moderate
2026-06-30 06:00:00,71.96540832519531,78.33376245262573,6.368354127430422,6.368354127430422,51-100 Moderate
2026-06-30 07:00:00,72.22484588623047,78.22831481608034,6.003468929849873,6.003468929849873,51-100 Moderate
2026-06-30 08:00:00,72.55503845214844,77.69504397146169,5.140005519313249,5.140005519313249,51-100 Moderate
2026-06-30 09:00:00,72.57075500488281,78.48194201911924,5.9111870142364324,5.9111870142364324,51-100 Moderate
2026-06-30 10:00:00,72.85377502441406,79.11914851875699,6.265373494342924,6.265373494342924,51-100 Moderate
2026-06-30 11:00:00,73.1289291381836,78.8562826054624,5.727353467278803,5.727353467278803,51-100 Moderate
2026-06-30 12:00:00,73.27043914794922,77.9626786673432,4.692239519393979,4.692239519393979,51-100 Moderate
2026-06-30 13:00:00,73.8836441040039,77.88015098321918,3.996506879215275,3.996506879215275,51-100 Moderate
2026-06-30 14:00:00,74.36320495605469,76.92546164506685,2.562256689012159,2.562256689012159,51-100 Moderate
2026-06-30 15:00:00,74.8663558959961,76.2861382559301,1.419782359934004,1.419782359934004,51-100 Moderate
2026-06-30 16:00:00,75.45596313476562,74.80445430300243,-0.651508831763195,0.651508831763195,51-100 Moderate
2026-06-30 17:00:00,75.98270416259766,75.0073996556403,-0.9753045069573574,0.9753045069573574,51-100 Moderate
2026-06-30 18:00:00,76.50943756103516,75.64232287314434,-0.8671146878908189,0.8671146878908189,51-100 Moderate
2026-06-30 19:00:00,76.92609405517578,76.80040871837582,-0.12568533679996108,0.12568533679996108,51-100 Moderate
2026-06-30 20:00:00,77.18553161621094,76.31057559976324,-0.8749560164476975,0.8749560164476975,51-100 Moderate
2026-06-30 21:00:00,77.24842071533203,75.82568629280362,-1.422734422528407,1.422734422528407,51-100 Moderate
2026-06-30 22:00:00,77.22483825683594,75.55001693264003,-1.6748213241959036,1.6748213241959036,51-100 Moderate
2026-06-30 23:00:00,77.16981506347656,75.61628922837983,-1.5535258350967354,1.5535258350967354,51-100 Moderate
2026-07-01 00:00:00,77.11477661132812,76.1004572611849,-1.014319350143225,1.014319350143225,51-100 Moderate
2026-07-01 01:00:00,77.25628662109375,76.2270935981752,-1.0291930229185482,1.0291930229185482,51-100 Moderate
2026-07-01 02:00:00,77.38207244873047,76.44642869427894,-0.935643754451533,0.935643754451533,51-100 Moderate
2026-07-01 03:00:00,77.44496154785156,76.76197429699494,-0.6829872508566268,0.6829872508566268,51-100 Moderate
2026-07-01 04:00:00,77.42137908935547,76.91581023387505,-0.5055688554804192,0.5055688554804192,51-100 Moderate
2026-07-01 05:00:00,77.5235824584961,76.82401726415888,-0.699565194337211,0.699565194337211,51-100 Moderate
2026-07-01 06:00:00,77.6729507446289,76.3838558630617,-1.289094881567209,1.289094881567209,51-100 Moderate
2026-07-01 07:00:00,77.80659484863281,76.29375977974632,-1.5128350688864884,1.5128350688864884,51-100 Moderate
2026-07-01 08:00:00,77.94810485839844,78.49250222700684,0.5443973686084007,0.5443973686084007,51-100 Moderate
2026-07-01 09:00:00,78.12106323242188,77.58134608763127,-0.5397171447906004,0.5397171447906004,51-100 Moderate
2026-07-01 10:00:00,78.08961486816406,76.99440756252164,-1.0952073056424183,1.0952073056424183,51-100 Moderate
2026-07-01 11:00:00,78.00314331054688,77.46299100206076,-0.540152308486114,0.540152308486114,51-100 Moderate
2026-07-01 12:00:00,77.89308166503906,76.70225162700568,-1.1908300380333827,1.1908300380333827,51-100 Moderate
2026-07-01 13:00:00,77.87735748291016,77.03652740509291,-0.8408300778172446,0.8408300778172446,51-100 Moderate
2026-07-01 14:00:00,77.87735748291016,77.25694532856262,-0.6204121543475338,0.6204121543475338,51-100 Moderate
2026-07-01 15:00:00,77.75942993164062,76.43507006364372,-1.324359867996904,1.324359867996904,51-100 Moderate
2026-07-01 16:00:00,77.67295837402344,75.63907203386826,-2.0338863401551777,2.0338863401551777,51-100 Moderate
2026-07-01 17:00:00,77.69654083251953,75.37815829818766,-2.3183825343318745,2.3183825343318745,51-100 Moderate
2026-07-01 18:00:00,77.48428344726562,75.6948261987547,-1.789457248510928,1.789457248510928,51-100 Moderate
2026-07-01 19:00:00,77.42138671875,76.09419170153632,-1.3271950172136826,1.3271950172136826,51-100 Moderate
2026-07-01 20:00:00,77.40567016601562,76.89795645327912,-0.5077137127365035,0.5077137127365035,51-100 Moderate
2026-07-01 21:00:00,77.54716491699219,77.3223378236649,-0.224827093327292,0.224827093327292,51-100 Moderate
2026-07-01 22:00:00,77.64151000976562,77.56129467010395,-0.08021533966167738,0.08021533966167738,51-100 Moderate
2026-07-01 23:00:00,77.72013092041016,77.44914198369317,-0.2709889367169893,0.2709889367169893,51-100 Moderate
2026-07-02 00:00:00,77.83805084228516,77.3684072130692,-0.4696436292159518,0.4696436292159518,51-100 Moderate
2026-07-02 01:00:00,77.86949920654297,77.09770483544094,-0.7717943711020325,0.7717943711020325,51-100 Moderate
2026-07-02 02:00:00,78.0267333984375,77.21316788791836,-0.8135655105191404,0.8135655105191404,51-100 Moderate
2026-07-02 03:00:00,78.32547760009766,77.54062508869946,-0.7848525113981992,0.7848525113981992,51-100 Moderate
2026-07-02 04:00:00,79.01729583740234,77.51164599187179,-1.5056498455305558,1.5056498455305558,51-100 Moderate
2026-07-02 05:00:00,79.8191909790039,78.02400956229442,-1.7951814167094824,1.7951814167094824,51-100 Moderate
2026-07-02 06:00:00,80.66824340820312,79.24961869510716,-1.4186247130959657,1.4186247130959657,51-100 Moderate
2026-07-02 07:00:00,81.52516174316406,80.10227488590581,-1.4228868572582485,1.4228868572582485,51-100 Moderate
2026-07-02 08:00:00,82.42138671875,79.68113949118332,-2.740247227566684,2.740247227566684,51-100 Moderate
2026-07-02 09:00:00,83.34906005859375,80.8615904009666,-2.4874696576271447,2.4874696576271447,51-100 Moderate
2026-07-02 10:00:00,84.15094757080078,81.25755432070217,-2.8933932500986117,2.8933932500986117,51-100 Moderate
2026-07-02 11:00:00,84.95283508300781,80.52966644353904,-4.42316863946877,4.42316863946877,51-100 Moderate
2026-07-02 12:00:00,85.83333587646484,82.47791344580324,-3.355422430661605,3.355422430661605,51-100 Moderate
2026-07-02 13:00:00,86.8789291381836,82.97185119726123,-3.9070779409223633,3.9070779409223633,51-100 Moderate
2026-07-02 14:00:00,87.86949157714844,82.76934747712347,-5.100144100024963,5.100144100024963,51-100 Moderate
2026-07-02 15:00:00,88.82075500488281,82.2951893050015,-6.525565699881312,6.525565699881312,51-100 Moderate
2026-07-02 16:00:00,89.66981506347656,81.11527141139557,-8.554543652080994,8.554543652080994,51-100 Moderate
2026-07-02 17:00:00,90.33018493652344,80.51559816262376,-9.814586773899677,9.814586773899677,51-100 Moderate
2026-07-02 18:00:00,91.36005401611328,79.66984433595269,-11.690209680160592,11.690209680160592,51-100 Moderate
2026-07-02 19:00:00,92.42137908935547,79.28549331913716,-13.135885770218309,13.135885770218309,51-100 Moderate
2026-07-02 20:00:00,93.36477661132812,78.59353191327892,-14.771244698049202,14.771244698049202,51-100 Moderate
2026-07-02 21:00:00,94.05660247802734,78.52069961915095,-15.535902858876398,15.535902858876398,51-100 Moderate
2026-07-02 22:00:00,94.74055480957031,78.38799841173417,-16.35255639783614,16.35255639783614,51-100 Moderate
2026-07-02 23:00:00,95.37734985351562,78.28375010209733,-17.093599751418296,17.093599751418296,51-100 Moderate
2026-07-03 00:00:00,95.9355239868164,79.2345219898279,-16.70100199698851,16.70100199698851,51-100 Moderate
2026-07-03 01:00:00,96.63520812988281,79.2276497312931,-17.407558398589714,17.407558398589714,51-100 Moderate
2026-07-03 02:00:00,97.2641372680664,78.95056904396378,-18.313568224102625,18.313568224102625,51-100 Moderate
2026-07-03 03:00:00,97.81446075439453,78.50539070654179,-19.309070047852742,19.309070047852742,51-100 Moderate
2026-07-03 04:00:00,98.2468490600586,79.17262184458784,-19.074227215470756,19.074227215470756,51-100 Moderate
2026-07-03 05:00:00,98.63993072509766,80.10789716725937,-18.53203355783829,18.53203355783829,51-100 Moderate
2026-07-03 06:00:00,98.93866729736328,80.67951357605456,-18.25915372130872,18.25915372130872,51-100 Moderate
2026-07-03 07:00:00,99.09590911865234,81.32514235826311,-17.770766760389236,17.770766760389236,51-100 Moderate
2026-07-03 08:00:00,99.1194839477539,81.9460050394268,-17.173478908327112,17.173478908327112,51-100 Moderate
2026-07-03 09:00:00,99.00942993164062,81.3308735782978,-17.678556353342827,17.678556353342827,51-100 Moderate
2026-07-03 10:00:00,99.15879821777344,81.19262506427506,-17.966173153498374,17.966173153498374,51-100 Moderate
2026-07-03 11:00:00,99.39464569091797,81.02030949288246,-18.374336198035508,18.374336198035508,51-100 Moderate
2026-07-03 12:00:00,99.6069107055664,82.59856755340743,-17.00834315215897,17.00834315215897,51-100 Moderate
2026-07-03 13:00:00,100.04166412353516,82.9445836823032,-17.097080441231952,17.097080441231952,101-150 Unhealthy for Sensitive
2026-07-03 14:00:00,100.72915649414062,81.75456648984351,-18.974590004297113,18.974590004297113,101-150 Unhealthy for Sensitive
2026-07-03 15:00:00,101.37499237060547,80.89029128004245,-20.48470109056302,20.48470109056302,101-150 Unhealthy for Sensitive
2026-07-03 16:00:00,101.98957824707031,80.93701696935949,-21.052561277710822,21.052561277710822,101-150 Unhealthy for Sensitive
2026-07-03 17:00:00,102.79166412353516,79.73961435306484,-23.05204977047032,23.05204977047032,101-150 Unhealthy for Sensitive
2026-07-03 18:00:00,102.84375,80.14600761928133,-22.697742380718665,22.697742380718665,101-150 Unhealthy for Sensitive
2026-07-03 19:00:00,102.53125762939453,80.00181413203751,-22.529443497357022,22.529443497357022,101-150 Unhealthy for Sensitive
2026-07-03 20:00:00,102.39584350585938,80.27518865297331,-22.120654852886062,22.120654852886062,101-150 Unhealthy for Sensitive
2026-07-03 21:00:00,102.50000762939453,79.55939265951812,-22.940614969876407,22.940614969876407,101-150 Unhealthy for Sensitive
2026-07-03 22:00:00,102.70834350585938,79.23211889935973,-23.476224606499642,23.476224606499642,101-150 Unhealthy for Sensitive
2026-07-03 23:00:00,103.08333587646484,79.45302266817144,-23.6303132082934,23.6303132082934,101-150 Unhealthy for Sensitive
2026-07-04 00:00:00,104.42708587646484,79.92512250544779,-24.501963371017055,24.501963371017055,101-150 Unhealthy for Sensitive
2026-07-04 01:00:00,104.28125762939453,80.50492654145319,-23.776331087941344,23.776331087941344,101-150 Unhealthy for Sensitive
2026-07-04 02:00:00,104.2083511352539,81.31255873771386,-22.89579239754005,22.89579239754005,101-150 Unhealthy for Sensitive
2026-07-04 03:00:00,104.39584350585938,83.4229382066028,-20.97290529925658,20.97290529925658,101-150 Unhealthy for Sensitive
2026-07-04 04:00:00,104.58333587646484,85.11350833593993,-19.469827540524918,19.469827540524918,101-150 Unhealthy for Sensitive
2026-07-04 05:00:00,104.97917175292969,86.12839208037488,-18.850779672554808,18.850779672554808,101-150 Unhealthy for Sensitive
2026-07-04 06:00:00,105.62500762939453,87.65028141405719,-17.97472621533734,17.97472621533734,101-150 Unhealthy for Sensitive
2026-07-04 07:00:00,106.53126525878906,89.0234301241602,-17.507835134628863,17.507835134628863,101-150 Unhealthy for Sensitive
2026-07-04 08:00:00,107.47917938232422,89.29555969767368,-18.183619684650537,18.183619684650537,101-150 Unhealthy for Sensitive
2026-07-04 09:00:00,108.32292175292969,89.15078275540233,-19.172138997527355,19.172138997527355,101-150 Unhealthy for Sensitive
2026-07-04 10:00:00,108.875,88.94088368742891,-19.934116312571092,19.934116312571092,101-150 Unhealthy for Sensitive
2026-07-04 11:00:00,109.04166412353516,89.46709213971869,-19.57457198381647,19.57457198381647,101-150 Unhealthy for Sensitive
2026-07-04 12:00:00,108.90625762939453,93.47570843708175,-15.430549192312782,15.430549192312782,101-150 Unhealthy for Sensitive
2026-07-04 13:00:00,108.46875,93.82367393996851,-14.645076060031485,14.645076060031485,101-150 Unhealthy for Sensitive
2026-07-04 14:00:00,107.69792938232422,92.40781168027779,-15.29011770204643,15.29011770204643,101-150 Unhealthy for Sensitive
2026-07-04 15:00:00,106.71875762939453,90.38339558735237,-16.335362042042163,16.335362042042163,101-150 Unhealthy for Sensitive
2026-07-04 16:00:00,105.43749237060547,89.35267685620292,-16.08481551440255,16.08481551440255,101-150 Unhealthy for Sensitive
2026-07-04 17:00:00,103.96875,90.54407606474642,-13.42467393525358,13.42467393525358,101-150 Unhealthy for Sensitive
2026-07-04 18:00:00,103.02083587646484,91.30269205115214,-11.718143825312708,11.718143825312708,101-150 Unhealthy for Sensitive
2026-07-04 19:00:00,102.26042175292969,90.32906124879457,-11.931360504135114,11.931360504135114,101-150 Unhealthy for Sensitive
2026-07-04 20:00:00,101.63542175292969,88.57213954290361,-13.063282210026074,13.063282210026074,101-150 Unhealthy for Sensitive
2026-07-04 21:00:00,100.97916412353516,88.00884203265832,-12.970322090876834,12.970322090876834,101-150 Unhealthy for Sensitive
2026-07-04 22:00:00,100.23958587646484,87.56914572790308,-12.670440148561767,12.670440148561767,101-150 Unhealthy for Sensitive
2026-07-04 23:00:00,99.49685668945312,87.10483119191677,-12.392025497536352,12.392025497536352,51-100 Moderate
2026-07-05 00:00:00,98.0896224975586,88.20737049748307,-9.882252000075525,9.882252000075525,51-100 Moderate
2026-07-05 01:00:00,97.73585510253906,88.3756418782021,-9.36021322433696,9.36021322433696,51-100 Moderate
2026-07-05 02:00:00,97.35063171386719,88.32645172720842,-9.024179986658766,9.024179986658766,51-100 Moderate
2026-07-05 03:00:00,96.85535430908203,88.6853217650749,-8.170032544007128,8.170032544007128,51-100 Moderate
2026-07-05 04:00:00,96.03773498535156,89.29022257349675,-6.747512411854814,6.747512411854814,51-100 Moderate
2026-07-05 05:00:00,94.9449691772461,89.0323758799259,-5.9125932973202,5.9125932973202,51-100 Moderate
2026-07-05 06:00:00,93.78144836425781,88.61718466837306,-5.164263695884756,5.164263695884756,51-100 Moderate
2026-07-05 07:00:00,92.49214172363281,88.55507262551062,-3.937069098122194,3.937069098122194,51-100 Moderate
2026-07-05 08:00:00,91.25786590576172,88.47574163664476,-2.782124269116963,2.782124269116963,51-100 Moderate
2026-07-05 09:00:00,90.10220336914062,89.46153469594361,-0.6406686731970126,0.6406686731970126,51-100 Moderate
2026-07-05 10:00:00,89.15093994140625,90.16268574083996,1.0117457994337116,1.0117457994337116,51-100 Moderate
2026-07-05 11:00:00,88.45912170410156,90.04836505660852,1.589243352506955,1.589243352506955,51-100 Moderate
2026-07-05 12:00:00,88.0110092163086,92.54415446477678,4.533145248468188,4.533145248468188,51-100 Moderate
2026-07-05 13:00:00,86.96540832519531,93.68629922270914,6.720890897513826,6.720890897513826,51-100 Moderate
2026-07-05 14:00:00,86.210693359375,92.50157888017377,6.290885520798767,6.290885520798767,51-100 Moderate
2026-07-05 15:00:00,85.6682357788086,91.39900519061209,5.730769411803493,5.730769411803493,51-100 Moderate
2026-07-05 16:00:00,85.25943756103516,90.83833204886717,5.578894487832017,5.578894487832017,51-100 Moderate
2026-07-05 17:00:00,85.11792755126953,88.33968053932128,3.2217529880517475,3.2217529880517475,51-100 Moderate
2026-07-05 18:00:00,84.91352844238281,87.12225483907491,2.2087263966921,2.2087263966921,51-100 Moderate
2026-07-05 19:00:00,84.70912170410156,87.79792552509198,3.088803820990421,3.088803820990421,51-100 Moderate
2026-07-05 20:00:00,84.42610168457031,88.23317110229269,3.8070694177223743,3.8070694177223743,51-100 Moderate
2026-07-05 21:00:00,84.22955322265625,88.37005185269906,4.1404986300428135,4.1404986300428135,51-100 Moderate
2026-07-05 22:00:00,84.10376739501953,88.7535185731563,4.649751178136768,4.649751178136768,51-100 Moderate
2026-07-05 23:00:00,84.06446075439453,93.18751602578428,9.123055271389745,9.123055271389745,51-100 Moderate
2026-07-06 00:00:00,84.07232666015625,84.64533090281998,0.5730042426637283,0.5730042426637283,51-100 Moderate
2026-07-06 01:00:00,83.97798156738281,83.98652756443089,0.008545997048074128,0.008545997048074128,51-100 Moderate
2026-07-06 02:00:00,83.87578582763672,86.37290651579043,2.4971206881537142,2.4971206881537142,51-100 Moderate
2026-07-06 03:00:00,83.70283508300781,88.14716127682736,4.444326193819549,4.444326193819549,51-100 Moderate
2026-07-06 04:00:00,83.72643280029297,89.59812359941573,5.87169079912276,5.87169079912276,51-100 Moderate
2026-07-06 05:00:00,83.9858627319336,90.9345215640993,6.948658832165705,6.948658832165705,51-100 Moderate
2026-07-06 06:00:00,84.2217025756836,91.63121272126871,7.4095101455851164,7.4095101455851164,51-100 Moderate
2026-07-06 07:00:00,84.51258850097656,92.09208877426728,7.579500273290719,7.579500273290719,51-100 Moderate
2026-07-06 08:00:00,84.80345916748047,91.52207790040974,6.718618732929272,6.718618732929272,51-100 Moderate
2026-07-06 09:00:00,85.07862091064453,90.73501149642071,5.65639058577618,5.65639058577618,51-100 Moderate
2026-07-06 10:00:00,85.30661010742188,89.38134279726933,4.074732689847451,4.074732689847451,51-100 Moderate
2026-07-06 11:00:00,85.4717025756836,87.96480339421909,2.4931008185354955,2.4931008185354955,51-100 Moderate
2026-07-06 12:00:00,85.57390594482422,89.6381002278411,4.0641942830168745,4.0641942830168745,51-100 Moderate
2026-07-06 13:00:00,86.21855163574219,88.66879017459593,2.450238538853739,2.450238538853739,51-100 Moderate
2026-07-06 14:00:00,86.69811248779297,85.99071099506524,-0.7074014927277261,0.7074014927277261,51-100 Moderate
2026-07-06 15:00:00,86.91824340820312,82.92106053354938,-3.9971828746537454,3.9971828746537454,51-100 Moderate
2026-07-06 16:00:00,87.1069107055664,81.14135523841998,-5.96555546714643,5.96555546714643,51-100 Moderate
2026-07-06 17:00:00,87.19338989257812,81.405182413267,-5.788207479311126,5.788207479311126,51-100 Moderate
2026-07-06 18:00:00,87.30345153808594,81.35249601622547,-5.950955521860465,5.950955521860465,51-100 Moderate
2026-07-06 19:00:00,87.39779663085938,81.69704613923669,-5.700750491622685,5.700750491622685,51-100 Moderate
2026-07-06 20:00:00,87.48426818847656,81.52689940858858,-5.957368779887986,5.957368779887986,51-100 Moderate
2026-07-06 21:00:00,87.49213409423828,81.19911865393367,-6.293015440304615,6.293015440304615,51-100 Moderate
2026-07-06 22:00:00,87.45281982421875,80.5616788279114,-6.891140996307357,6.891140996307357,51-100 Moderate
2026-07-06 23:00:00,87.33489227294922,78.85482641651558,-8.48006585643364,8.48006585643364,51-100 Moderate
2026-07-07 00:00:00,87.1069107055664,81.69408735246184,-5.412823353104571,5.412823353104571,51-100 Moderate
2026-07-07 01:00:00,86.87106323242188,81.9799779656156,-4.891085266806272,4.891085266806272,51-100 Moderate
2026-07-07 02:00:00,86.53302001953125,81.92633605614658,-4.606683963384668,4.606683963384668,51-100 Moderate
2026-07-07 03:00:00,86.24999237060547,80.8836798538481,-5.366312516757375,5.366312516757375,51-100 Moderate
2026-07-07 04:00:00,85.91194152832031,80.2263146058892,-5.685626922431112,5.685626922431112,51-100 Moderate
2026-07-07 05:00:00,85.42453002929688,80.29570314743842,-5.128826881858458,5.128826881858458,51-100 Moderate
2026-07-07 06:00:00,84.81131744384766,80.5409404238895,-4.270377019958161,4.270377019958161,51-100 Moderate
2026-07-07 07:00:00,84.10377502441406,80.73974940704427,-3.3640256173697907,3.3640256173697907,51-100 Moderate
2026-07-07 08:00:00,83.36477661132812,80.7192758131724,-2.645500798155723,2.645500798155723,51-100 Moderate
2026-07-07 09:00:00,82.79087829589844,81.16253568530941,-1.62834261058903,1.62834261058903,51-100 Moderate
2026-07-07 10:00:00,82.31131744384766,81.28354580399548,-1.0277716398521761,1.0277716398521761,51-100 Moderate
2026-07-07 11:00:00,81.80817413330078,81.27778133758869,-0.5303927957120891,0.5303927957120891,51-100 Moderate
2026-07-07 12:00:00,81.34434509277344,78.41456630796554,-2.929778784807894,2.929778784807894,51-100 Moderate
2026-07-07 13:00:00,80.67610168457031,79.12820903892126,-1.547892645649057,1.547892645649057,51-100 Moderate
2026-07-07 14:00:00,80.18082427978516,79.22789958024444,-0.9529246995407163,0.9529246995407163,51-100 Moderate
2026-07-07 15:00:00,80.02359008789062,78.27044093182218,-1.7531491560684458,1.7531491560684458,51-100 Moderate
2026-07-07 16:00:00,79.9056625366211,78.19914720034872,-1.7065153362723748,1.7065153362723748,51-100 Moderate
2026-07-07 17:00:00,79.69339752197266,76.90579010130844,-2.787607420664216,2.787607420664216,51-100 Moderate
2026-07-07 18:00:00,79.5125732421875,76.46662595636245,-3.0459472858250507,3.0459472858250507,51-100 Moderate
2026-07-07 19:00:00,79.28459930419922,76.4514839059957,-2.8331153982035175,2.8331153982035175,51-100 Moderate
2026-07-07 20:00:00,78.99371337890625,77.04938674492968,-1.9443266339765728,1.9443266339765728,51-100 Moderate
2026-07-07 21:00:00,78.67138671875,77.30700744501,-1.3643792737399991,1.3643792737399991,51-100 Moderate
2026-07-07 22:00:00,78.33332824707031,77.68419224708339,-0.6491359999869246,0.6491359999869246,51-100 Moderate
2026-07-07 23:00:00,77.98741149902344,78.04298131423343,0.05556981520999216,0.05556981520999216,51-100 Moderate
2026-07-08 00:00:00,77.68866729736328,78.08472462145905,0.39605732409576433,0.39605732409576433,51-100 Moderate
2026-07-08 01:00:00,77.33490753173828,78.00372199854897,0.6688144668106872,0.6688144668106872,51-100 Moderate
2026-07-08 02:00:00,77.02043914794922,77.54320125309366,0.5227621051444373,0.5227621051444373,51-100 Moderate
2026-07-08 03:00:00,76.58019256591797,78.27559881555605,1.6954062496380828,1.6954062496380828,51-100 Moderate
2026-07-08 04:00:00,76.33647918701172,79.99427228561561,3.6577930986038893,3.6577930986038893,51-100 Moderate
2026-07-08 05:00:00,76.10848999023438,81.58824873018072,5.479758739946348,5.479758739946348,51-100 Moderate
2026-07-08 06:00:00,75.88050079345703,83.40793048416164,7.527429690704608,7.527429690704608,51-100 Moderate
2026-07-08 07:00:00,75.7232666015625,84.04144470019972,8.318178098637219,8.318178098637219,51-100 Moderate
2026-07-08 08:00:00,75.67610931396484,83.91028950650458,8.234180192539739,8.234180192539739,51-100 Moderate
2026-07-08 09:00:00,75.55817413330078,84.17393558132322,8.61576144802244,8.61576144802244,51-100 Moderate
2026-07-08 10:00:00,75.41666412353516,84.01328483574483,8.59662071220967,8.59662071220967,51-100 Moderate
2026-07-08 11:00:00,75.40094757080078,83.79415945212352,8.393211881322742,8.393211881322742,51-100 Moderate
2026-07-08 12:00:00,75.43238830566406,85.79944931328788,10.367061007623818,10.367061007623818,51-100 Moderate
2026-07-08 13:00:00,75.75471496582031,85.8168649853005,10.062150019480185,10.062150019480185,51-100 Moderate
2026-07-08 14:00:00,76.04560089111328,83.6027506686612,7.55714977754792,7.55714977754792,51-100 Moderate
2026-07-08 15:00:00,76.33647918701172,81.81797559532387,5.481496408312154,5.481496408312154,51-100 Moderate
2026-07-08 16:00:00,76.73741912841797,80.96602895047182,4.228609822053855,4.228609822053855,51-100 Moderate
2026-07-08 17:00:00,77.19338989257812,81.29032233593165,4.0969324433535235,4.0969324433535235,51-100 Moderate
2026-07-08 18:00:00,77.21697998046875,81.10711313591689,3.89013315544814,3.89013315544814,51-100 Moderate
2026-07-08 19:00:00,77.0282974243164,81.32907983095964,4.300782406643236,4.300782406643236,51-100 Moderate
2026-07-08 20:00:00,76.8003158569336,81.02701496524541,4.22669910831182,4.22669910831182,51-100 Moderate
2026-07-08 21:00:00,76.58019256591797,80.8816647845801,4.301472218662127,4.301472218662127,51-100 Moderate
2026-07-08 22:00:00,76.37578582763672,80.255117060548,3.8793312329112837,3.8793312329112837,51-100 Moderate
2026-07-08 23:00:00,76.19497680664062,78.88032516656067,2.6853483599200416,2.6853483599200416,51-100 Moderate
2026-07-09 00:00:00,76.04559326171875,79.64767854562801,3.602085283909261,3.602085283909261,51-100 Moderate
2026-07-09 01:00:00,75.94339752197266,78.74483486292792,2.8014373409552604,2.8014373409552604,51-100 Moderate
2026-07-09 02:00:00,75.89622497558594,78.5033490067707,2.6071240311847674,2.6071240311847674,51-100 Moderate
2026-07-09 03:00:00,75.89622497558594,77.82314833399045,1.9269233584045082,1.9269233584045082,51-100 Moderate
2026-07-09 04:00:00,75.91194915771484,77.47114578602326,1.5591966283084133,1.5591966283084133,51-100 Moderate
2026-07-09 05:00:00,75.98270416259766,77.16469844968583,1.1819942870881732,1.1819942870881732,51-100 Moderate
2026-07-09 06:00:00,76.132080078125,77.0472289195851,0.9151488414600948,0.9151488414600948,51-100 Moderate
2026-07-09 07:00:00,76.289306640625,77.13042391368519,0.8411172730601919,0.8411172730601919,51-100 Moderate
2026-07-09 08:00:00,76.41509246826172,78.23753019031247,1.8224377220507506,1.8224377220507506,51-100 Moderate
2026-07-09 09:00:00,76.54087829589844,79.07465634846294,2.5337780525645,2.5337780525645,51-100 Moderate
2026-07-09 10:00:00,76.65093994140625,79.2127083640632,2.5617684226569537,2.5617684226569537,51-100 Moderate
2026-07-09 11:00:00,76.70597076416016,79.18300871312228,2.4770379489621206,2.4770379489621206,51-100 Moderate
2026-07-09 12:00:00,76.70597076416016,79.28498194412082,2.579011179960659,2.579011179960659,51-100 Moderate
2026-07-09 13:00:00,76.27357482910156,80.24900238873695,3.975427559635392,3.975427559635392,51-100 Moderate
2026-07-09 14:00:00,75.7389907836914,80.56976709098755,4.830776307296148,4.830776307296148,51-100 Moderate
2026-07-09 15:00:00,75.19654083251953,79.66551865105589,4.468977818536359,4.468977818536359,51-100 Moderate
2026-07-09 16:00:00,74.29244995117188,78.74241527261708,4.449965321445205,4.449965321445205,51-100 Moderate
2026-07-09 17:00:00,73.39623260498047,78.45395860492346,5.057725999942988,5.057725999942988,51-100 Moderate
2026-07-09 18:00:00,72.94811248779297,78.3343413394652,5.386228851672229,5.386228851672229,51-100 Moderate
2026-07-09 19:00:00,72.72798919677734,78.0382537176782,5.3102645209008585,5.3102645209008585,51-100 Moderate
2026-07-09 20:00:00,72.67295837402344,77.47795753691872,4.804999162895285,4.804999162895285,51-100 Moderate
2026-07-09 21:00:00,72.73585510253906,76.96424337282016,4.228388270281101,4.228388270281101,51-100 Moderate
2026-07-09 22:00:00,72.86163330078125,76.38342563999431,3.5217923392130643,3.5217923392130643,51-100 Moderate
2026-07-09 23:00:00,73.0424575805664,75.96149359420312,2.9190360136367133,2.9190360136367133,51-100 Moderate
2026-07-10 00:00:00,73.27044677734375,75.46667466874325,2.196227891399502,2.196227891399502,51-100 Moderate
2026-07-10 01:00:00,73.5770492553711,75.44391612392793,1.8668668685568406,1.8668668685568406,51-100 Moderate
2026-07-10 02:00:00,73.87579345703125,74.5290096918458,0.6532162348145505,0.6532162348145505,51-100 Moderate
2026-07-10 03:00:00,74.07233428955078,75.44623352062423,1.3738992310734517,1.3738992310734517,51-100 Moderate
2026-07-10 04:00:00,74.2217025756836,76.35957486413258,2.137872288448989,2.137872288448989,51-100 Moderate
2026-07-10 05:00:00,74.35535430908203,76.1807196142491,1.8253653051670682,1.8253653051670682,51-100 Moderate
2026-07-10 06:00:00,74.48113250732422,76.40642173519221,1.9252892278679923,1.9252892278679923,51-100 Moderate
2026-07-10 07:00:00,74.55189514160156,77.29793013795825,2.746034996356684,2.746034996356684,51-100 Moderate
2026-07-10 08:00:00,74.57546997070312,77.39396893119454,2.818498960491411,2.818498960491411,51-100 Moderate
2026-07-10 09:00:00,74.61477661132812,77.82704662551625,3.212270014188121,3.212270014188121,51-100 Moderate
2026-07-10 10:00:00,74.74056243896484,78.22389099033381,3.4833285513689702,3.4833285513689702,51-100 Moderate
2026-07-10 11:00:00,74.99214172363281,78.65163693395132,3.6594952103185108,3.6594952103185108,51-100 Moderate
2026-07-10 12:00:00,75.33019256591797,81.36706370662839,6.036871140710417,6.036871140710417,51-100 Moderate
2026-07-10 13:00:00,75.5660400390625,82.58264681443504,7.016606775372537,7.016606775372537,51-100 Moderate
2026-07-10 14:00:00,75.99057006835938,82.5303449150995,6.53977484674013,6.53977484674013,51-100 Moderate
2026-07-10 15:00:00,76.60376739501953,82.19296616760647,5.58919877258694,5.58919877258694,51-100 Moderate
2026-07-10 16:00:00,77.58648681640625,81.65154283500152,4.065056018595271,4.065056018595271,51-100 Moderate
2026-07-10 17:00:00,78.59276580810547,79.56596383087606,0.973198022770589,0.973198022770589,51-100 Moderate
2026-07-10 18:00:00,79.5125732421875,77.73458138425968,-1.777991857927816,1.777991857927816,51-100 Moderate
2026-07-10 19:00:00,80.22798156738281,77.33590281081689,-2.8920787565659225,2.8920787565659225,51-100 Moderate
2026-07-10 20:00:00,80.53459167480469,77.24093440999985,-3.2936572648048354,3.2936572648048354,51-100 Moderate
2026-07-10 21:00:00,80.46383666992188,76.99096953415159,-3.4728671357702865,3.4728671357702865,51-100 Moderate
2026-07-10 22:00:00,80.20440673828125,76.7307217149693,-3.473685023311944,3.473685023311944,51-100 Moderate
2026-07-10 23:00:00,79.89779663085938,76.53355850150533,-3.3642381293540495,3.3642381293540495,51-100 Moderate
2026-07-11 00:00:00,79.58333587646484,76.72620477255984,-2.8571311039050045,2.8571311039050045,51-100 Moderate
2026-07-11 01:00:00,79.6698226928711,76.7409843273562,-2.928838365514892,2.928838365514892,51-100 Moderate
2026-07-11 02:00:00,79.59119415283203,76.5302436140539,-3.0609505387781297,3.0609505387781297,51-100 Moderate
2026-07-11 03:00:00,79.64623260498047,76.89973831507852,-2.746494289901946,2.746494289901946,51-100 Moderate
2026-07-11 04:00:00,79.59120178222656,77.40574915028702,-2.1854526319395404,2.1854526319395404,51-100 Moderate
2026-07-11 05:00:00,79.40251922607422,77.92292298506729,-1.4795962410069308,1.4795962410069308,51-100 Moderate
2026-07-11 06:00:00,79.16667175292969,78.68219198436095,-0.48447976856873254,0.48447976856873254,51-100 Moderate
2026-07-11 07:00:00,78.93868255615234,79.39987687147286,0.4611943153205118,0.4611943153205118,51-100 Moderate
2026-07-11 08:00:00,78.67138671875,80.1029755632779,1.4315888445278944,1.4315888445278944,51-100 Moderate
2026-07-11 09:00:00,78.33333587646484,80.68965144673419,2.356315570269345,2.356315570269345,51-100 Moderate
2026-07-11 10:00:00,77.90095520019531,80.52479355244327,2.623838352247958,2.623838352247958,51-100 Moderate
2026-07-11 11:00:00,77.33490753173828,80.3676057817594,3.032698250021113,3.032698250021113,51-100 Moderate
2026-07-11 12:00:00,76.67453002929688,79.73864090964159,3.064110880344714,3.064110880344714,51-100 Moderate
2026-07-11 13:00:00,76.78458404541016,79.66172631105837,2.8771422656482173,2.8771422656482173,51-100 Moderate
2026-07-11 14:00:00,76.78458404541016,79.72721569438811,2.942631648977951,2.942631648977951,51-100 Moderate
2026-07-11 15:00:00,76.56446075439453,77.58312845064043,1.018667696245899,1.018667696245899,51-100 Moderate
2026-07-11 16:00:00,76.289306640625,76.73501039217773,0.44570375155272757,0.44570375155272757,51-100 Moderate
2026-07-11 17:00:00,75.59748077392578,77.36395392543739,1.7664731515116046,1.7664731515116046,51-100 Moderate
2026-07-11 18:00:00,74.85062408447266,77.26050008802967,2.4098760035570166,2.4098760035570166,51-100 Moderate
2026-07-11 19:00:00,74.33963012695312,77.93758394255482,3.5979538156016986,3.5979538156016986,51-100 Moderate
2026-07-11 20:00:00,74.18238830566406,78.55917357030768,4.376785264643615,4.376785264643615,51-100 Moderate
2026-07-11 21:00:00,74.3789291381836,78.90779347380496,4.528864335621364,4.528864335621364,51-100 Moderate
2026-07-11 22:00:00,74.77201080322266,78.88633424877787,4.114323445555215,4.114323445555215,51-100 Moderate
2026-07-11 23:00:00,75.16509246826172,78.99690633685243,3.8318138685907144,3.8318138685907144,51-100 Moderate
2026-07-12 00:00:00,75.52672576904297,79.85841872875663,4.3316929597136635,4.3316929597136635,51-100 Moderate
2026-07-12 01:00:00,75.4088134765625,79.95714513617975,4.548331659617247,4.548331659617247,51-100 Moderate
2026-07-12 02:00:00,75.37736511230469,78.94404448797799,3.566679375673303,3.566679375673303,51-100 Moderate
2026-07-12 03:00:00,75.27516174316406,79.57960825599571,4.304446512831646,4.304446512831646,51-100 Moderate
2026-07-12 04:00:00,75.14151000976562,80.74241515894194,5.600905149176313,5.600905149176313,51-100 Moderate
2026-07-12 05:00:00,75.03144836425781,81.46066544861587,6.429217084358058,6.429217084358058,51-100 Moderate
2026-07-12 06:00:00,74.9764175415039,81.46297236177793,6.486554820274023,6.486554820274023,51-100 Moderate
2026-07-12 07:00:00,75.14151000976562,81.5120302103598,6.3705202005941715,6.3705202005941715,51-100 Moderate
2026-07-12 08:00:00,75.7075424194336,81.58219083721474,5.874648417781145,5.874648417781145,51-100 Moderate
2026-07-12 09:00:00,75.70755767822266,82.19909590289093,6.491538224668275,6.491538224668275,51-100 Moderate
2026-07-12 10:00:00,75.69183349609375,83.14588683780529,7.454053341711543,7.454053341711543,51-100 Moderate
2026-07-12 11:00:00,75.6996841430664,83.99683065799904,8.297146514932635,8.297146514932635,51-100 Moderate
2026-07-12 12:00:00,75.73899841308594,83.87811560048158,8.139117187395641,8.139117187395641,51-100 Moderate
2026-07-12 13:00:00,75.14151000976562,85.29921962928375,10.15770961951813,10.15770961951813,51-100 Moderate
2026-07-12 14:00:00,74.69339752197266,86.77117224607152,12.077774724098859,12.077774724098859,51-100 Moderate
2026-07-12 15:00:00,74.15093994140625,87.03263135519404,12.881691413787792,12.881691413787792,51-100 Moderate
2026-07-12 16:00:00,73.52987670898438,87.27983269153842,13.749955982554042,13.749955982554042,51-100 Moderate
2026-07-12 17:00:00,73.27830505371094,86.78105851835008,13.502753464639142,13.502753464639142,51-100 Moderate
2026-07-12 18:00:00,73.1603775024414,84.96261295306917,11.802235450627762,11.802235450627762,51-100 Moderate
2026-07-12 19:00:00,73.07389831542969,82.5073878353637,9.433489519934014,9.433489519934014,51-100 Moderate
2026-07-12 20:00:00,72.97956085205078,79.97304302394289,6.993482171892111,6.993482171892111,51-100 Moderate
2026-07-12 21:00:00,72.83805084228516,78.48314510294917,5.64509426066401,5.64509426066401,51-100 Moderate
2026-07-12 22:00:00,72.65723419189453,78.20253293827257,5.545298746378037,5.545298746378037,51-100 Moderate
2026-07-12 23:00:00,72.5,78.04079655329511,5.54079655329511,5.54079655329511,51-100 Moderate
2026-07-13 00:00:00,72.35062408447266,78.71002687135434,6.359402786881688,6.359402786881688,51-100 Moderate
2026-07-13 01:00:00,72.13836669921875,77.8341753510643,5.695808651845553,5.695808651845553,51-100 Moderate
2026-07-13 02:00:00,72.02043914794922,76.963181270888,4.942742122938782,4.942742122938782,51-100 Moderate
2026-07-13 03:00:00,71.9339599609375,76.12415390223507,4.190193941297565,4.190193941297565,51-100 Moderate
2026-07-13 04:00:00,71.73741912841797,76.07020966863772,4.332790540219747,4.332790540219747,51-100 Moderate
2026-07-13 05:00:00,71.65094757080078,76.21189223282582,4.560944662025037,4.560944662025037,51-100 Moderate
2026-07-13 06:00:00,71.54088592529297,76.94645096590843,5.405565040615457,5.405565040615457,51-100 Moderate
2026-07-13 07:00:00,71.29717254638672,76.93145513620254,5.634282589815825,5.634282589815825,51-100 Moderate
2026-07-13 08:00:00,71.16352081298828,76.71723376828783,5.553712955299545,5.553712955299545,51-100 Moderate
2026-07-13 09:00:00,71.24214172363281,76.88649811786104,5.644356394228225,5.644356394228225,51-100 Moderate
2026-07-13 10:00:00,71.37578582763672,76.6848479808937,5.309062153256974,5.309062153256974,51-100 Moderate
2026-07-13 11:00:00,71.55660247802734,76.5828862435894,5.026283765562056,5.026283765562056,51-100 Moderate
2026-07-13 12:00:00,71.83961486816406,80.39817441818906,8.558559550024995,8.558559550024995,51-100 Moderate
2026-07-13 13:00:00,72.4842758178711,81.23436748519053,8.750091667319438,8.750091667319438,51-100 Moderate
2026-07-13 14:00:00,72.92452239990234,79.88889494461839,6.964372544716042,6.964372544716042,51-100 Moderate
2026-07-13 15:00:00,73.51415252685547,78.30041685120625,4.786264324350782,4.786264324350782,51-100 Moderate
2026-07-13 16:00:00,74.11163330078125,75.27377644264978,1.1621431418685262,1.1621431418685262,51-100 Moderate
2026-07-13 17:00:00,74.74842834472656,74.07610587726889,-0.6723224674576755,0.6723224674576755,51-100 Moderate
2026-07-13 18:00:00,75.26730346679688,74.4108892439507,-0.8564142228461691,0.8564142228461691,51-100 Moderate
2026-07-13 19:00:00,75.6839599609375,75.20826154892627,-0.4756984120112264,0.4756984120112264,51-100 Moderate
2026-07-13 20:00:00,76.04559326171875,76.24715513471043,0.20156187299167527,0.20156187299167527,51-100 Moderate
2026-07-13 21:00:00,76.36792755126953,76.81177082438252,0.4438432731129893,0.4438432731129893,51-100 Moderate
2026-07-13 22:00:00,76.65093994140625,76.54728892185936,-0.10365101954688782,0.10365101954688782,51-100 Moderate
2026-07-13 23:00:00,76.90251159667969,76.43456326742087,-0.46794832925881735,0.46794832925881735,51-100 Moderate
2026-07-14 00:00:00,77.12264251708984,75.58747152695595,-1.5351709901338921,1.5351709901338921,51-100 Moderate
2026-07-14 01:00:00,77.33490753173828,75.35713588351416,-1.9777716482241203,1.9777716482241203,51-100 Moderate
2026-07-14 02:00:00,77.47640991210938,74.80675865193832,-2.669651260171051,2.669651260171051,51-100 Moderate
2026-07-14 03:00:00,77.57861328125,74.76575363346568,-2.8128596477843217,2.8128596477843217,51-100 Moderate
2026-07-14 04:00:00,77.5628890991211,74.85396466542178,-2.708924433699309,2.708924433699309,51-100 Moderate
2026-07-14 05:00:00,77.34275817871094,75.57350284323468,-1.7692553354762595,1.7692553354762595,51-100 Moderate
2026-07-14 06:00:00,77.13836669921875,77.5679474678914,0.4295807686726505,0.4295807686726505,51-100 Moderate
2026-07-14 07:00:00,76.95755004882812,80.90592669462485,3.9483766457967278,3.9483766457967278,51-100 Moderate
2026-07-14 08:00:00,76.3836441040039,77.46762415410271,1.083980050098802,1.083980050098802,51-100 Moderate
2026-07-14 09:00:00,76.210693359375,76.82124019388658,0.610546834511581,0.610546834511581,51-100 Moderate
2026-07-14 10:00:00,76.04559326171875,77.27408853295968,1.2284952712409307,1.2284952712409307,51-100 Moderate
2026-07-14 11:00:00,75.85692596435547,77.70666598588213,1.8497400215266566,1.8497400215266566,51-100 Moderate
2026-07-14 12:00:00,75.4874267578125,77.00564042020746,1.518213662394956,1.518213662394956,51-100 Moderate
2026-07-14 13:00:00,75.14937591552734,78.19516585871244,3.045789943185099,3.045789943185099,51-100 Moderate
2026-07-14 14:00:00,74.70911407470703,76.99773548143864,2.2886214067316075,2.2886214067316075,51-100 Moderate
2026-07-14 15:00:00,74.11163330078125,75.8627430196899,1.7511097189086513,1.7511097189086513,51-100 Moderate
2026-07-14 16:00:00,73.64779663085938,75.10605239232538,1.458255761466006,1.458255761466006,51-100 Moderate
2026-07-14 17:00:00,73.24685668945312,75.61541697251523,2.3685602830621093,2.3685602830621093,51-100 Moderate
2026-07-14 18:00:00,72.98741912841797,75.79071758523682,2.803298456818851,2.803298456818851,51-100 Moderate
2026-07-14 19:00:00,72.6415023803711,76.00590530592574,3.364402925554643,3.364402925554643,51-100 Moderate
2026-07-14 20:00:00,72.30345916748047,75.61113138548848,3.3076722180080083,3.3076722180080083,51-100 Moderate
2026-07-14 21:00:00,71.95755004882812,75.37448155403315,3.416931505205028,3.416931505205028,51-100 Moderate
2026-07-14 22:00:00,71.66667175292969,75.09709218155945,3.430420428629759,3.430420428629759,51-100 Moderate
2026-07-14 23:00:00,71.36792755126953,74.82412956547213,3.456202014202603,3.456202014202603,51-100 Moderate
2026-07-15 00:00:00,71.07704162597656,74.31778394842087,3.240742322444305,3.240742322444305,51-100 Moderate
2026-07-15 01:00:00,70.80974578857422,74.28953735225281,3.4797915636785888,3.4797915636785888,51-100 Moderate
2026-07-15 02:00:00,70.59748840332031,74.29292115185235,3.695432748532042,3.695432748532042,51-100 Moderate
2026-07-15 03:00:00,70.44025421142578,73.67267009804692,3.2324158866211405,3.2324158866211405,51-100 Moderate
2026-07-15 04:00:00,70.33805084228516,74.09239108476416,3.754340242479003,3.754340242479003,51-100 Moderate
2026-07-15 05:00:00,70.4323959350586,74.6068392516295,4.174443316570901,4.174443316570901,51-100 Moderate
2026-07-15 06:00:00,70.57389831542969,75.04654007322524,4.472641757795557,4.472641757795557,51-100 Moderate
2026-07-15 07:00:00,70.6289291381836,77.41209025813767,6.783161119954073,6.783161119954073,51-100 Moderate
2026-07-15 08:00:00,70.70755004882812,76.77180255440832,6.0642525055802,6.0642525055802,51-100 Moderate
2026-07-15 09:00:00,70.77043914794922,76.49726361408553,5.726824466136307,5.726824466136307,51-100 Moderate
2026-07-15 10:00:00,70.90409088134766,76.84171872320259,5.937627841854933,5.937627841854933,51-100 Moderate
2026-07-15 11:00:00,70.99842834472656,77.93266432431916,6.9342359795926,6.9342359795926,51-100 Moderate
2026-07-15 12:00:00,71.210693359375,81.20482524605175,9.994131886676755,9.994131886676755,51-100 Moderate
2026-07-15 13:00:00,70.86478424072266,81.75427059456874,10.889486353846081,10.889486353846081,51-100 Moderate
2026-07-15 14:00:00,70.66038513183594,81.90824334643017,11.247858214594231,11.247858214594231,51-100 Moderate
2026-07-15 15:00:00,70.5896224975586,80.870993685364,10.281371187805405,10.281371187805405,51-100 Moderate
2026-07-15 16:00:00,70.5503158569336,80.21431484553062,9.66399898859703,9.66399898859703,51-100 Moderate
2026-07-15 17:00:00,70.32232666015625,78.9430592293326,8.620732569176354,8.620732569176354,51-100 Moderate
2026-07-15 18:00:00,69.85063171386719,77.82320426214984,7.972572548282656,7.972572548282656,51-100 Moderate
2026-07-15 19:00:00,69.46540832519531,77.85920738640948,8.393799061214168,8.393799061214168,51-100 Moderate
2026-07-15 20:00:00,69.08019256591797,77.96490092243108,8.884708356513116,8.884708356513116,51-100 Moderate
2026-07-15 21:00:00,68.71855163574219,78.04743443909236,9.328882803350169,9.328882803350169,51-100 Moderate
2026-07-15 22:00:00,68.32546997070312,77.79259633967207,9.467126368968948,9.467126368968948,51-100 Moderate
2026-07-15 23:00:00,67.9717025756836,77.41112102552368,9.43941844984009,9.43941844984009,51-100 Moderate
2026-07-16 00:00:00,67.64937591552734,76.97101842553172,9.32164251000438,9.32164251000438,51-100 Moderate
2026-07-16 01:00:00,67.41352081298828,76.91469699385306,9.501176180864775,9.501176180864775,51-100 Moderate
2026-07-16 02:00:00,67.18553161621094,77.0953179613425,9.909786345131565,9.909786345131565,51-100 Moderate
2026-07-16 03:00:00,66.92610168457031,76.39441298272438,9.468311298154063,9.468311298154063,51-100 Moderate
2026-07-16 04:00:00,66.8946533203125,76.04968845690682,9.155035136594321,9.155035136594321,51-100 Moderate
2026-07-16 05:00:00,66.78459167480469,76.75040719346642,9.965815518661728,9.965815518661728,51-100 Moderate
2026-07-16 06:00:00,66.63522338867188,77.81938496284673,11.184161574174851,11.184161574174851,51-100 Moderate
2026-07-16 07:00:00,66.47798156738281,77.75403508434049,11.276053516957674,11.276053516957674,51-100 Moderate
2026-07-16 08:00:00,66.17138671875,79.01735990400033,12.84597318525033,12.84597318525033,51-100 Moderate
2026-07-16 09:00:00,65.8018798828125,79.6770950900114,13.875215207198906,13.875215207198906,51-100 Moderate
2026-07-16 10:00:00,65.32232666015625,79.88950784945665,14.567181189300399,14.567181189300399,51-100 Moderate
2026-07-16 11:00:00,64.85848999023438,79.48234763994893,14.623857649714552,14.623857649714552,51-100 Moderate
2026-07-16 12:00:00,64.33175659179688,81.09840733661017,16.76665074481329,16.76665074481329,51-100 Moderate
2026-07-16 13:00:00,63.993709564208984,80.93119495482895,16.93748539061997,16.93748539061997,51-100 Moderate
2026-07-16 14:00:00,63.71855926513672,78.9133386572462,15.194779392109481,15.194779392109481,51-100 Moderate
2026-07-16 15:00:00,63.632076263427734,77.86686033296242,14.234784069534683,14.234784069534683,51-100 Moderate
2026-07-16 16:00:00,63.514156341552734,77.90933468417933,14.395178342626593,14.395178342626593,51-100 Moderate
2026-07-16 17:00:00,63.608489990234375,77.8385607348409,14.230070744606522,14.230070744606522,51-100 Moderate
2026-07-16 18:00:00,63.750003814697266,76.34946133395394,12.599457519256674,12.599457519256674,51-100 Moderate
2026-07-16 19:00:00,63.915096282958984,75.96489664885694,12.049800365897951,12.049800365897951,51-100 Moderate
2026-07-16 20:00:00,64.14308166503906,75.54147527234076,11.3983936073017,11.3983936073017,51-100 Moderate
2026-07-16 21:00:00,64.45755004882812,75.6000445161892,11.142494467361075,11.142494467361075,51-100 Moderate
2026-07-16 22:00:00,64.81918334960938,75.31432659682595,10.495143247216575,10.495143247216575,51-100 Moderate
2026-07-16 23:00:00,65.18867492675781,75.14036245670721,9.951687529949396,9.951687529949396,51-100 Moderate
2026-07-17 00:00:00,65.53459167480469,75.33382021409427,9.799228539289587,9.799228539289587,51-100 Moderate
2026-07-17 01:00:00,65.84905242919922,75.50652747747606,9.657475048276837,9.657475048276837,51-100 Moderate
2026-07-17 02:00:00,66.14779663085938,75.77337899993151,9.625582369072134,9.625582369072134,51-100 Moderate
2026-07-17 03:00:00,66.47012329101562,75.3376124035769,8.867489112561273,8.867489112561273,51-100 Moderate
2026-07-17 04:00:00,66.65880584716797,75.9026469938118,9.243841146643831,9.243841146643831,51-100 Moderate
2026-07-17 05:00:00,67.5,76.71414276594304,9.214142765943038,9.214142765943038,51-100 Moderate
2026-07-17 06:00:00,67.68081665039062,76.60671417350221,8.925897523111587,8.925897523111587,51-100 Moderate
2026-07-17 07:00:00,67.90093994140625,76.97412121201057,9.073181270604323,9.073181270604323,51-100 Moderate
2026-07-17 08:00:00,68.15251159667969,78.12526595277774,9.97275435609805,9.97275435609805,51-100 Moderate
2026-07-17 09:00:00,68.49842834472656,79.3484549771365,10.850026632409936,10.850026632409936,51-100 Moderate
2026-07-17 10:00:00,68.8521957397461,79.14081125215462,10.288615512408526,10.288615512408526,51-100 Moderate
2026-07-17 11:00:00,69.25314331054688,79.56751491051035,10.31437159996348,10.31437159996348,51-100 Moderate
2026-07-17 12:00:00,69.69339752197266,77.82465710913982,8.131259587167165,8.131259587167165,51-100 Moderate
2026-07-17 13:00:00,69.9449691772461,77.85733476871445,7.912365591468358,7.912365591468358,51-100 Moderate
2026-07-17 14:00:00,70.26729583740234,77.95445910406943,7.687163266667085,7.687163266667085,51-100 Moderate
2026-07-17 15:00:00,70.34591674804688,77.56379626907032,7.217879521023448,7.217879521023448,51-100 Moderate
2026-07-17 16:00:00,70.61320495605469,76.56722735032992,5.954022394275228,5.954022394275228,51-100 Moderate
2026-07-17 17:00:00,70.5267333984375,74.75927987566921,4.232546477231708,4.232546477231708,51-100 Moderate
2026-07-17 18:00:00,70.56603240966797,74.29866209323356,3.732629683565591,3.732629683565591,51-100 Moderate
2026-07-17 19:00:00,70.6446533203125,74.3164328843461,3.6717795640335993,3.6717795640335993,51-100 Moderate
2026-07-17 20:00:00,70.67610168457031,74.29898831594674,3.6228866313764314,3.6228866313764314,51-100 Moderate
2026-07-17 21:00:00,70.6682357788086,73.95934354460083,3.2911077657922334,3.2911077657922334,51-100 Moderate
2026-07-17 22:00:00,70.64464569091797,73.89537567250366,3.2507299815856925,3.2507299815856925,51-100 Moderate
2026-07-17 23:00:00,70.6053466796875,73.72148783568758,3.116141156000083,3.116141156000083,51-100 Moderate
2026-07-18 00:00:00,70.58175659179688,74.23882728792478,3.657070696127903,3.657070696127903,51-100 Moderate
2026-07-18 01:00:00,70.6210708618164,74.21561059714499,3.5945397353285813,3.5945397353285813,51-100 Moderate
2026-07-18 02:00:00,70.6682357788086,73.87639802015491,3.208162241346315,3.208162241346315,51-100 Moderate
2026-07-18 03:00:00,70.73112487792969,74.56565165824976,3.8345267803200755,3.8345267803200755,51-100 Moderate
2026-07-18 04:00:00,70.78616333007812,74.84372770360307,4.05756437352494,4.05756437352494,51-100 Moderate
2026-07-18 05:00:00,70.18081665039062,75.27079350071881,5.089976850328185,5.089976850328185,51-100 Moderate
2026-07-18 06:00:00,70.22012329101562,75.78721790859893,5.567094617583308,5.567094617583308,51-100 Moderate
2026-07-18 07:00:00,70.18867492675781,75.22404044462827,5.03536551787046,5.03536551787046,51-100 Moderate
2026-07-18 08:00:00,70.14151000976562,75.53542630327983,5.393916293514209,5.393916293514209,51-100 Moderate
2026-07-18 09:00:00,70.02357482910156,75.33958266691205,5.3160078378104885,5.3160078378104885,51-100 Moderate
2026-07-18 10:00:00,70.07861328125,75.46128690851214,5.382673627262136,5.382673627262136,51-100 Moderate
2026-07-18 11:00:00,69.99213409423828,75.08118521198793,5.089051117749648,5.089051117749648,51-100 Moderate
2026-07-18 12:00:00,69.91352081298828,75.04621352507301,5.132692712084733,5.132692712084733,51-100 Moderate
2026-07-18 13:00:00,70.17295837402344,75.73282459982116,5.55986622579772,5.55986622579772,51-100 Moderate
2026-07-18 14:00:00,70.38521575927734,76.48274887542722,6.097533116149876,6.097533116149876,51-100 Moderate
2026-07-18 15:00:00,70.6682357788086,75.96036117272955,5.292125393920955,5.292125393920955,51-100 Moderate
2026-07-18 16:00:00,70.96697998046875,76.0218501717041,5.054870191235352,5.054870191235352,51-100 Moderate
2026-07-18 17:00:00,71.36792755126953,75.65756870625823,4.289641154988701,4.289641154988701,51-100 Moderate
2026-07-18 18:00:00,71.7610092163086,75.18637175368497,3.4253625373763725,3.4253625373763725,51-100 Moderate
2026-07-18 19:00:00,72.14622497558594,75.45029317102657,3.3040681954406352,3.3040681954406352,51-100 Moderate
2026-07-18 20:00:00,72.46855163574219,75.934498756374,3.46594712063181,3.46594712063181,51-100 Moderate
2026-07-18 21:00:00,72.75943756103516,76.2792845373526,3.5198469763174387,3.5198469763174387,51-100 Moderate
2026-07-18 22:00:00,73.0267333984375,76.42705605448597,3.4003226560484734,3.4003226560484734,51-100 Moderate
2026-07-18 23:00:00,73.28616333007812,76.24039436885072,2.9542310387725905,2.9542310387725905,51-100 Moderate
2026-07-19 00:00:00,73.54560089111328,76.65392622422588,3.108325333112603,3.108325333112603,51-100 Moderate
2026-07-19 01:00:00,73.73428344726562,76.62625627181419,2.89197282454856,2.89197282454856,51-100 Moderate
2026-07-19 02:00:00,73.867919921875,77.00609171784143,3.1381717959664286,3.1381717959664286,51-100 Moderate
2026-07-19 03:00:00,73.95440673828125,76.65411027929669,2.699703541015438,2.699703541015438,51-100 Moderate
2026-07-19 04:00:00,74.06446838378906,81.00656789811124,6.94209951432218,6.94209951432218,51-100 Moderate
2026-07-19 05:00:00,74.08805084228516,78.41507017521342,4.327019332928259,4.327019332928259,51-100 Moderate
2026-07-19 06:00:00,74.08805084228516,77.83142679252983,3.743375950244669,3.743375950244669,51-100 Moderate
2026-07-19 07:00:00,74.11163330078125,77.98555425568794,3.873920954906694,3.873920954906694,51-100 Moderate
2026-07-19 08:00:00,74.22955322265625,78.61189060130275,4.382337378646497,4.382337378646497,51-100 Moderate
2026-07-19 09:00:00,74.26886749267578,78.98628477692095,4.7174172842451725,4.7174172842451725,51-100 Moderate
2026-07-19 10:00:00,74.63836669921875,79.54883124122962,4.910464542010871,4.910464542010871,51-100 Moderate
2026-07-19 11:00:00,74.70911407470703,79.93118705928903,5.222072984581999,5.222072984581999,51-100 Moderate
2026-07-19 12:00:00,74.90565490722656,79.76124840370875,4.855593496482186,4.855593496482186,51-100 Moderate
2026-07-19 13:00:00,74.82704162597656,80.73476398545603,5.907722359479465,5.907722359479465,51-100 Moderate
2026-07-19 14:00:00,74.73270416259766,80.0650181932199,5.332314030622243,5.332314030622243,51-100 Moderate
2026-07-19 15:00:00,74.33175659179688,81.0807549722942,6.748998380497326,6.748998380497326,51-100 Moderate
2026-07-19 16:00:00,73.8050308227539,78.3454898228015,4.540459000047591,4.540459000047591,51-100 Moderate
2026-07-19 17:00:00,73.51415252685547,77.9724089445839,4.458256417728435,4.458256417728435,51-100 Moderate
2026-07-19 18:00:00,73.1210708618164,78.13865901192347,5.017588150107059,5.017588150107059,51-100 Moderate
2026-07-19 19:00:00,72.70440673828125,78.33609842733529,5.631691689054037,5.631691689054037,51-100 Moderate
2026-07-19 20:00:00,72.41352081298828,78.47139380805291,6.057872995064628,6.057872995064628,51-100 Moderate
2026-07-19 21:00:00,72.24057006835938,78.43841307819342,6.197843009834045,6.197843009834045,51-100 Moderate
2026-07-19 22:00:00,72.12264251708984,78.28334097742675,6.160698460336903,6.160698460336903,51-100 Moderate
2026-07-19 23:00:00,72.03616333007812,78.084150798032,6.047987467953874,6.047987467953874,51-100 Moderate
2026-07-20 00:00:00,72.01258087158203,75.65846187856332,3.645881006981284,3.645881006981284,51-100 Moderate
2026-07-20 01:00:00,71.88678741455078,75.82282980532418,3.9360423907733946,3.9360423907733946,51-100 Moderate
2026-07-20 02:00:00,71.80817413330078,76.1067425664884,4.298568433187626,4.298568433187626,51-100 Moderate
2026-07-20 03:00:00,71.79244995117188,76.3715831792898,4.579133228117925,4.579133228117925,51-100 Moderate
2026-07-20 04:00:00,71.80030822753906,74.74381791940189,2.943509691862829,2.943509691862829,51-100 Moderate
2026-07-20 05:00:00,72.0518798828125,75.91138410974507,3.8595042269325717,3.8595042269325717,51-100 Moderate
2026-07-20 06:00:00,72.49213409423828,75.52925817230546,3.0371240780671798,3.0371240780671798,51-100 Moderate
2026-07-20 07:00:00,73.08175659179688,75.5440786925267,2.4623221007298213,2.4623221007298213,51-100 Moderate
2026-07-20 08:00:00,74.37106323242188,75.65166974279494,1.2806065103730617,1.2806065103730617,51-100 Moderate
2026-07-20 09:00:00,75.06289672851562,76.98255751695145,1.91966078843582,1.91966078843582,51-100 Moderate
2026-07-20 10:00:00,75.17295837402344,76.55111047548883,1.378152101465389,1.378152101465389,51-100 Moderate
2026-07-20 11:00:00,75.61320495605469,76.64393742150232,1.0307324654476275,1.0307324654476275,51-100 Moderate
2026-07-20 12:00:00,75.84906005859375,78.43565890174496,2.586598843151208,2.586598843151208,51-100 Moderate
2026-07-20 13:00:00,75.81761169433594,79.49338368103523,3.6757719866992886,3.6757719866992886,51-100 Moderate
2026-07-20 14:00:00,75.76258087158203,79.45332983325531,3.690748961673279,3.690748961673279,51-100 Moderate
2026-07-20 15:00:00,76.0691909790039,79.66644006350847,3.5972490845045684,3.5972490845045684,51-100 Moderate
2026-07-20 16:00:00,76.23428344726562,78.62651236456593,2.392228917300301,2.392228917300301,51-100 Moderate
2026-07-20 17:00:00,76.3050308227539,77.76320448419992,1.4581736614460112,1.4581736614460112,51-100 Moderate
2026-07-20 18:00:00,76.47798919677734,77.20043114916749,0.7224419523901418,0.7224419523901418,51-100 Moderate
2026-07-20 19:00:00,76.59591674804688,76.99606290966389,0.4001461616170161,0.4001461616170161,51-100 Moderate
2026-07-20 20:00:00,76.6981201171875,77.02983669635337,0.33171657916587094,0.33171657916587094,51-100 Moderate
2026-07-20 21:00:00,76.72956085205078,77.09153299594621,0.36197214389542864,0.36197214389542864,51-100 Moderate
2026-07-20 22:00:00,76.8396224975586,77.16657134772501,0.32694885016641706,0.32694885016641706,51-100 Moderate
2026-07-20 23:00:00,77.03616333007812,77.11044100645134,0.07427767637321381,0.07427767637321381,51-100 Moderate
2026-07-21 00:00:00,77.2877426147461,77.2133085207752,-0.0744340939708934,0.0744340939708934,51-100 Moderate
2026-07-21 01:00:00,77.71226501464844,76.56349314044812,-1.148771874200321,1.148771874200321,51-100 Moderate
2026-07-21 02:00:00,78.28617095947266,76.13972634646072,-2.146444613011937,2.146444613011937,51-100 Moderate
2026-07-21 03:00:00,78.71855163574219,75.90164443839866,-2.816907197343525,2.816907197343525,51-100 Moderate
2026-07-21 04:00:00,79.07233428955078,75.7388613902699,-3.3334728992808778,3.3334728992808778,51-100 Moderate
2026-07-21 05:00:00,79.19811248779297,75.74482141090508,-3.4532910768878935,3.4532910768878935,51-100 Moderate
2026-07-21 06:00:00,79.15880584716797,75.73939042381171,-3.4194154233562557,3.4194154233562557,51-100 Moderate
2026-07-21 07:00:00,79.16667175292969,76.11237835487204,-3.054293398057652,3.054293398057652,51-100 Moderate
2026-07-21 08:00:00,78.66352844238281,76.54256647953153,-2.1209619628512826,2.1209619628512826,51-100 Moderate
2026-07-21 09:00:00,78.99371337890625,79.7039616241798,0.7102482452735472,0.7102482452735472,51-100 Moderate
2026-07-21 10:00:00,79.3710708618164,78.7781050333883,-0.5929658284281061,0.5929658284281061,51-100 Moderate
2026-07-21 11:00:00,79.63835906982422,79.02210853364637,-0.6162505361778443,0.6162505361778443,51-100 Moderate
2026-07-21 12:00:00,79.76415252685547,78.62869344530927,-1.1354590815462018,1.1354590815462018,51-100 Moderate
2026-07-21 13:00:00,80.82546997070312,79.0198980372422,-1.805571933460925,1.805571933460925,51-100 Moderate
2026-07-21 14:00:00,81.66666412353516,76.94665725312666,-4.720006870408497,4.720006870408497,51-100 Moderate
2026-07-21 15:00:00,82.20912170410156,75.84513230984906,-6.363989394252499,6.363989394252499,51-100 Moderate
2026-07-21 16:00:00,82.83019256591797,76.09727291335533,-6.732919652562643,6.732919652562643,51-100 Moderate
2026-07-21 17:00:00,83.38836669921875,75.13197861470032,-8.256388084518434,8.256388084518434,51-100 Moderate
2026-07-21 18:00:00,83.82076263427734,74.3882692968063,-9.432493337471044,9.432493337471044,51-100 Moderate
2026-07-21 19:00:00,84.26886749267578,74.7946986602862,-9.47416883238958,9.47416883238958,51-100 Moderate
2026-07-21 20:00:00,84.68553161621094,75.7195757462791,-8.965955869931832,8.965955869931832,51-100 Moderate
2026-07-21 21:00:00,85.12579345703125,76.15520257954353,-8.970590877487723,8.970590877487723,51-100 Moderate
2026-07-21 22:00:00,85.44811248779297,76.29908369345915,-9.149028794333816,9.149028794333816,51-100 Moderate
2026-07-21 23:00:00,85.65251922607422,76.63340846103586,-9.019110765038363,9.019110765038363,51-100 Moderate
2026-07-22 00:00:00,85.7232666015625,76.02639686933774,-9.696869732224755,9.696869732224755,51-100 Moderate
2026-07-22 01:00:00,85.90408325195312,75.91428334700922,-9.989799904943908,9.989799904943908,51-100 Moderate
2026-07-22 02:00:00,85.91980743408203,76.3627006531811,-9.557106780900938,9.557106780900938,51-100 Moderate
2026-07-22 03:00:00,86.02986907958984,77.00683328344408,-9.023035796145763,9.023035796145763,51-100 Moderate
2026-07-22 04:00:00,86.18710327148438,78.26830487022562,-7.918798401258755,7.918798401258755,51-100 Moderate
2026-07-22 05:00:00,86.57232666015625,81.02418531119038,-5.548141348965871,5.548141348965871,51-100 Moderate
2026-07-22 06:00:00,86.8003158569336,82.18242158179075,-4.617894275142845,4.617894275142845,51-100 Moderate
2026-07-22 07:00:00,86.98113250732422,86.95417651402076,-0.02695599330345999,0.02695599330345999,51-100 Moderate
2026-07-22 08:00:00,86.9889907836914,84.40919826053467,-2.5797925231567405,2.5797925231567405,51-100 Moderate
2026-07-22 09:00:00,86.8317642211914,81.79634923965402,-5.035414981537386,5.035414981537386,51-100 Moderate
2026-07-22 10:00:00,86.58019256591797,82.29002730412033,-4.29016526179764,4.29016526179764,51-100 Moderate
2026-07-22 11:00:00,86.42295837402344,82.09290641851413,-4.330051955509305,4.330051955509305,51-100 Moderate
2026-07-22 12:00:00,86.40724182128906,79.8777663903337,-6.529475430955358,6.529475430955358,51-100 Moderate
2026-07-22 13:00:00,85.83333587646484,79.87919271240945,-5.954143164055395,5.954143164055395,51-100 Moderate
2026-07-22 14:00:00,85.37735748291016,80.7438555285229,-4.633501954387256,4.633501954387256,51-100 Moderate
2026-07-22 15:00:00,85.18868255615234,79.68211033149578,-5.506572224656566,5.506572224656566,51-100 Moderate
2026-07-22 16:00:00,85.07862091064453,79.18756571968723,-5.891055190957303,5.891055190957303,51-100 Moderate
2026-07-22 17:00:00,84.91351318359375,79.27538136586891,-5.63813181772484,5.63813181772484,51-100 Moderate
2026-07-22 18:00:00,84.87421417236328,78.87727590782512,-5.996938264538159,5.996938264538159,51-100 Moderate
2026-07-22 19:00:00,84.85848999023438,79.04551771855034,-5.812972271684032,5.812972271684032,51-100 Moderate
2026-07-22 20:00:00,85.07075500488281,79.13567098492364,-5.935084019959177,5.935084019959177,51-100 Moderate
2026-07-22 21:00:00,85.24371337890625,80.2576619660084,-4.986051412897851,4.986051412897851,51-100 Moderate
2026-07-22 22:00:00,85.33018493652344,80.94580774237407,-4.384377194149366,4.384377194149366,51-100 Moderate
2026-07-22 23:00:00,85.33018493652344,81.58289793536672,-3.747287001156721,3.747287001156721,51-100 Moderate
2026-07-23 00:00:00,85.29874420166016,82.05724199739818,-3.2415022042619768,3.2415022042619768,51-100 Moderate
2026-07-23 01:00:00,85.49528503417969,82.28842160261377,-3.206863431565921,3.206863431565921,51-100 Moderate
2026-07-23 02:00:00,85.59748077392578,81.09732688416469,-4.500153889761094,4.500153889761094,51-100 Moderate
2026-07-23 03:00:00,85.7075424194336,80.2514204047531,-5.4561220146804885,5.4561220146804885,51-100 Moderate
2026-07-23 04:00:00,85.86479187011719,80.25508470782627,-5.609707162290917,5.609707162290917,51-100 Moderate
2026-07-23 05:00:00,85.77830505371094,80.83339826566446,-4.944906788046481,4.944906788046481,51-100 Moderate
2026-07-23 06:00:00,85.86478424072266,81.78402014803241,-4.080764092690245,4.080764092690245,51-100 Moderate
2026-07-23 07:00:00,85.80975341796875,82.27714741450424,-3.532606003464508,3.532606003464508,51-100 Moderate
2026-07-23 08:00:00,85.6289291381836,84.90148356001856,-0.7274455781650317,0.7274455781650317,51-100 Moderate
2026-07-23 09:00:00,85.39308166503906,85.52788304558139,0.13480138054232782,0.13480138054232782,51-100 Moderate
2026-07-23 10:00:00,85.1729507446289,85.1800420773288,0.007091332699900477,0.007091332699900477,51-100 Moderate
2026-07-23 11:00:00,84.85062408447266,83.74479197515554,-1.1058321093171202,1.1058321093171202,51-100 Moderate
2026-07-23 12:00:00,84.69340515136719,87.58266562635559,2.8892604749884043,2.8892604749884043,51-100 Moderate
2026-07-23 13:00:00,84.52044677734375,87.84312817151317,3.3226813941694218,3.3226813941694218,51-100 Moderate
2026-07-23 14:00:00,84.26886749267578,85.22558853159913,0.956721038923348,0.956721038923348,51-100 Moderate
2026-07-23 15:00:00,83.89151000976562,84.03867295524113,0.14716294547550035,0.14716294547550035,51-100 Moderate
2026-07-23 16:00:00,83.41981506347656,83.32418173196622,-0.09563333151034215,0.09563333151034215,51-100 Moderate
2026-07-23 17:00:00,83.00314331054688,82.5294026183946,-0.4737406921522762,0.4737406921522762,51-100 Moderate
2026-07-23 18:00:00,82.5943374633789,82.34383082001723,-0.2505066433616747,0.2505066433616747,51-100 Moderate
2026-07-23 19:00:00,82.33489990234375,82.32766247039811,-0.007237431945640083,0.007237431945640083,51-100 Moderate
2026-07-23 20:00:00,81.9968490600586,82.19604795032579,0.19919889026719773,0.19919889026719773,51-100 Moderate
2026-07-23 21:00:00,81.8396224975586,81.29840009266856,-0.5412224048900356,0.5412224048900356,51-100 Moderate
2026-07-23 22:00:00,81.74527740478516,80.60479617901285,-1.1404812257723052,1.1404812257723052,51-100 Moderate
2026-07-23 23:00:00,81.7374267578125,79.76226031120628,-1.9751664466062238,1.9751664466062238,51-100 Moderate
2026-07-24 00:00:00,81.8160400390625,81.53819821764587,-0.2778418214166294,0.2778418214166294,51-100 Moderate
2026-07-24 01:00:00,81.53302001953125,81.51512796653329,-0.017892052997964925,0.017892052997964925,51-100 Moderate
2026-07-24 02:00:00,81.32075500488281,81.90134237395651,0.5805873690736973,0.5805873690736973,51-100 Moderate
2026-07-24 03:00:00,81.08491516113281,82.17349636430225,1.08858120316944,1.08858120316944,51-100 Moderate
2026-07-24 04:00:00,80.95912170410156,84.13858076632884,3.1794590622272807,3.1794590622272807,51-100 Moderate
2026-07-24 05:00:00,80.84119415283203,84.16794651096379,3.326752358131756,3.326752358131756,51-100 Moderate
2026-07-24 06:00:00,80.81761932373047,84.33482545885751,3.51720613512704,3.51720613512704,51-100 Moderate
2026-07-24 07:00:00,80.94340515136719,85.14427904212452,4.200873890757336,4.200873890757336,51-100 Moderate
2026-07-24 08:00:00,81.21855926513672,85.48431587272103,4.265756607584308,4.265756607584308,51-100 Moderate
2026-07-24 09:00:00,81.58805084228516,84.53333453777,2.9452836954848465,2.9452836954848465,51-100 Moderate
2026-07-24 10:00:00,82.05975341796875,84.71766548740577,2.6579120694370175,2.6579120694370175,51-100 Moderate
2026-07-24 11:00:00,82.62578582763672,84.18947697222119,1.5636911445844675,1.5636911445844675,51-100 Moderate
2026-07-24 12:00:00,82.85376739501953,82.89847126953953,0.044703874519996134,0.044703874519996134,51-100 Moderate
2026-07-24 13:00:00,82.82232666015625,82.98284868789553,0.16052202773927604,0.16052202773927604,51-100 Moderate
2026-07-24 14:00:00,82.77515411376953,83.20457014954866,0.429416035779127,0.429416035779127,51-100 Moderate
2026-07-24 15:00:00,82.696533203125,82.75690905307094,0.060375849945941695,0.060375849945941695,51-100 Moderate
2026-07-24 16:00:00,82.64151000976562,81.63231734164559,-1.0091926681200363,1.0091926681200363,51-100 Moderate
2026-07-24 17:00:00,82.64151000976562,81.91283799153352,-0.7286720182321034,0.7286720182321034,51-100 Moderate
2026-07-24 18:00:00,82.71226501464844,81.34497919369383,-1.3672858209546064,1.3672858209546064,51-100 Moderate
2026-07-24 19:00:00,82.72012329101562,82.49716931710574,-0.22295397390988114,0.22295397390988114,51-100 Moderate
2026-07-24 20:00:00,82.58647918701172,82.7067488266227,0.12026963961098147,0.12026963961098147,51-100 Moderate
2026-07-24 21:00:00,82.33489990234375,81.56712157629167,-0.7677783260520812,0.7677783260520812,51-100 Moderate
2026-07-24 22:00:00,82.17767333984375,80.32435032145371,-1.8533230183900429,1.8533230183900429,51-100 Moderate
2026-07-24 23:00:00,82.09906005859375,79.761028827456,-2.338031231137748,2.338031231137748,51-100 Moderate
2026-07-25 00:00:00,82.03616333007812,82.66379437246444,0.6276310423863123,0.6276310423863123,51-100 Moderate
2026-07-25 01:00:00,81.8317642211914,81.94685234481595,0.11508812362454535,0.11508812362454535,51-100 Moderate
2026-07-25 02:00:00,81.6981201171875,81.53096530147043,-0.16715481571706903,0.16715481571706903,51-100 Moderate
2026-07-25 03:00:00,81.69025421142578,81.13894065845223,-0.5513135529735536,0.5513135529735536,51-100 Moderate
2026-07-25 04:00:00,81.91824340820312,79.93360455006908,-1.9846388581340477,1.9846388581340477,51-100 Moderate
2026-07-25 05:00:00,82.14623260498047,80.28169907750339,-1.8645335274770787,1.8645335274770787,51-100 Moderate
2026-07-25 06:00:00,82.53144836425781,80.48172725229347,-2.0497211119643453,2.0497211119643453,51-100 Moderate
2026-07-25 07:00:00,82.88522338867188,80.02034834138308,-2.864875047288791,2.864875047288791,51-100 Moderate
2026-07-25 08:00:00,83.16824340820312,80.63452429256755,-2.533719115635577,2.533719115635577,51-100 Moderate
2026-07-25 09:00:00,83.3962173461914,80.65884450993656,-2.737372836254849,2.737372836254849,51-100 Moderate
2026-07-25 10:00:00,83.63993072509766,80.18177291252923,-3.4581578125684302,3.4581578125684302,51-100 Moderate
2026-07-25 11:00:00,83.95439147949219,81.01893335951752,-2.935458119974669,2.935458119974669,51-100 Moderate
2026-07-25 12:00:00,84.42610168457031,82.77536984709701,-1.6507318374733018,1.6507318374733018,51-100 Moderate
2026-07-25 13:00:00,84.50471496582031,82.19478856922169,-2.3099263965986268,2.3099263965986268,51-100 Moderate
2026-07-25 14:00:00,84.66980743408203,80.71088211686114,-3.9589253172208885,3.9589253172208885,51-100 Moderate
2026-07-25 15:00:00,84.85848999023438,79.67690561071879,-5.181584379515584,5.181584379515584,51-100 Moderate
2026-07-25 16:00:00,85.07075500488281,78.96035767508381,-6.1103973297989995,6.1103973297989995,51-100 Moderate
2026-07-25 17:00:00,85.38521575927734,78.78825587433616,-6.596959884941185,6.596959884941185,51-100 Moderate
2026-07-25 18:00:00,85.4323959350586,79.54232264495533,-5.89007329010326,5.89007329010326,51-100 Moderate
2026-07-25 19:00:00,85.25157928466797,80.02945837396999,-5.222120910697981,5.222120910697981,51-100 Moderate
2026-07-25 20:00:00,85.07862091064453,80.83299720273463,-4.2456237079099,4.2456237079099,51-100 Moderate
2026-07-25 21:00:00,84.74057006835938,80.33970201120607,-4.400868057153303,4.400868057153303,51-100 Moderate
2026-07-25 22:00:00,84.3003158569336,79.65401345086605,-4.646302406067548,4.646302406067548,51-100 Moderate
2026-07-25 23:00:00,83.74214172363281,79.56543535108378,-4.1767063725490345,4.1767063725490345,51-100 Moderate
2026-07-26 00:00:00,83.06603240966797,79.25521512206329,-3.810817287604678,3.810817287604678,51-100 Moderate
2026-07-26 01:00:00,82.57075500488281,79.49145425438697,-3.0793007504958467,3.0793007504958467,51-100 Moderate
2026-07-26 02:00:00,82.04402923583984,79.54594799838357,-2.498081237456276,2.498081237456276,51-100 Moderate
2026-07-26 03:00:00,81.40723419189453,80.58799410479244,-0.819240087102088,0.819240087102088,51-100 Moderate
2026-07-26 04:00:00,80.57390594482422,80.44678522600326,-0.12712071882096154,0.12712071882096154,51-100 Moderate
2026-07-26 05:00:00,79.83489990234375,82.00668981084061,2.171789908496862,2.171789908496862,51-100 Moderate
2026-07-26 06:00:00,78.87579345703125,83.12045631142331,4.244662854392061,4.244662854392061,51-100 Moderate
2026-07-26 07:00:00,77.8537826538086,84.09930127348294,6.245518619674343,6.245518619674343,51-100 Moderate
2026-07-26 08:00:00,76.8553466796875,85.1834675974946,8.328120917807098,8.328120917807098,51-100 Moderate
2026-07-26 09:00:00,75.96698760986328,85.94630623144977,9.979318621586486,9.979318621586486,51-100 Moderate
2026-07-26 10:00:00,75.06289672851562,85.85812261568593,10.795225887170304,10.795225887170304,51-100 Moderate
2026-07-26 11:00:00,74.19024658203125,84.06403449430381,9.873787912272562,9.873787912272562,51-100 Moderate
2026-07-26 12:00:00,73.40408325195312,82.44427191419383,9.040188662240709,9.040188662240709,51-100 Moderate
2026-07-26 13:00:00,73.60062408447266,81.978658778779,8.37803469430635,8.37803469430635,51-100 Moderate
2026-07-26 14:00:00,73.7735824584961,80.9211138241874,7.147531365691307,7.147531365691307,51-100 Moderate
2026-07-26 15:00:00,73.89936828613281,79.73975204469447,5.840383758561657,5.840383758561657,51-100 Moderate
2026-07-26 16:00:00,74.01729583740234,79.45082608431392,5.433530246911573,5.433530246911573,51-100 Moderate
2026-07-26 17:00:00,74.14307403564453,79.55320833691223,5.4101343012677034,5.4101343012677034,51-100 Moderate
2026-07-26 18:00:00,74.3946533203125,79.4892732909378,5.094619970625303,5.094619970625303,51-100 Moderate
2026-07-26 19:00:00,74.92923736572266,78.94629684505323,4.01705947933057,4.01705947933057,51-100 Moderate
2026-07-26 20:00:00,75.52672576904297,78.97726249490002,3.4505367258570487,3.4505367258570487,51-100 Moderate
2026-07-26 21:00:00,76.18710327148438,79.78786038162224,3.600757110137863,3.600757110137863,51-100 Moderate
2026-07-26 22:00:00,76.7924575805664,80.40182972953053,3.609372148964127,3.609372148964127,51-100 Moderate
2026-07-26 23:00:00,77.35063171386719,80.61774944457815,3.2671177307109645,3.2671177307109645,51-100 Moderate
2026-07-27 00:00:00,77.87735748291016,76.8278427233024,-1.04951475960776,1.04951475960776,51-100 Moderate
2026-07-27 01:00:00,78.29402923583984,77.24480812819917,-1.049221107640676,1.049221107640676,51-100 Moderate
2026-07-27 02:00:00,78.66352844238281,78.36175513284343,-0.3017733095393851,0.3017733095393851,51-100 Moderate
2026-07-27 03:00:00,78.93081665039062,80.91329579154447,1.9824791411538456,1.9824791411538456,51-100 Moderate
2026-07-27 04:00:00,79.15093994140625,81.09438696202518,1.9434470206189332,1.9434470206189332,51-100 Moderate
2026-07-27 05:00:00,79.3946533203125,82.83716744046397,3.442514120151472,3.442514120151472,51-100 Moderate
2026-07-27 06:00:00,79.69338989257812,83.86509070782112,4.171700815243,4.171700815243,51-100 Moderate
2026-07-27 07:00:00,79.88207244873047,84.06124477051151,4.179172321781039,4.179172321781039,51-100 Moderate
2026-07-27 08:00:00,80.07075500488281,84.1164725297319,4.045717524849081,4.045717524849081,51-100 Moderate
2026-07-27 09:00:00,80.23584747314453,84.77190002725023,4.536052554105694,4.536052554105694,51-100 Moderate
2026-07-27 10:00:00,80.42453002929688,85.42270636242219,4.998176333125315,4.998176333125315,51-100 Moderate
2026-07-27 11:00:00,80.6289291381836,85.48915176895373,4.860222630770139,4.860222630770139,51-100 Moderate
2026-07-27 12:00:00,80.83332824707031,82.31408194566905,1.4807536985987326,1.4807536985987326,51-100 Moderate
2026-07-27 13:00:00,80.71540832519531,81.76331176421178,1.0479034390164657,1.0479034390164657,51-100 Moderate
2026-07-27 14:00:00,80.67610168457031,81.21343056447449,0.5373288799041802,0.5373288799041802,51-100 Moderate
2026-07-27 15:00:00,80.7389907836914,80.96143470277772,0.22244391908631655,0.22244391908631655,51-100 Moderate
2026-07-27 16:00:00,80.6839599609375,81.35084457304518,0.6668846121076797,0.6668846121076797,51-100 Moderate
2026-07-27 17:00:00,80.43238830566406,79.93716740435863,-0.49522090130543006,0.49522090130543006,51-100 Moderate
2026-07-27 18:00:00,80.24370574951172,78.4115720164158,-1.8321337330959153,1.8321337330959153,51-100 Moderate
2026-07-27 19:00:00,79.95282745361328,77.88473100070624,-2.0680964529070422,2.0680964529070422,51-100 Moderate
2026-07-27 20:00:00,79.57546997070312,76.65382820635072,-2.921641764352401,2.921641764352401,51-100 Moderate
2026-07-27 21:00:00,79.19811248779297,75.9327531443212,-3.265359343471772,3.265359343471772,51-100 Moderate
2026-07-27 22:00:00,78.86005401611328,75.26000167709246,-3.60005233902082,3.60005233902082,51-100 Moderate
2026-07-27 23:00:00,78.60848999023438,74.69642305517199,-3.9120669350623842,3.9120669350623842,51-100 Moderate
2026-07-28 00:00:00,78.43553161621094,75.65022392751807,-2.7853076886928676,2.7853076886928676,51-100 Moderate
2026-07-28 01:00:00,78.24685668945312,75.74715882445199,-2.4996978650011386,2.4996978650011386,51-100 Moderate
2026-07-28 02:00:00,78.13678741455078,75.08713344021373,-3.0496539743370477,3.0496539743370477,51-100 Moderate
2026-07-28 03:00:00,78.21540832519531,74.99350272396113,-3.221905601234184,3.221905601234184,51-100 Moderate
2026-07-28 04:00:00,78.24685668945312,75.7608817017453,-2.48597498770782,2.48597498770782,51-100 Moderate
2026-07-28 05:00:00,78.62421417236328,75.91751977703623,-2.706694395327048,2.706694395327048,51-100 Moderate
2026-07-28 06:00:00,78.87579345703125,76.10347028286623,-2.772323174165024,2.772323174165024,51-100 Moderate
2026-07-28 07:00:00,79.51258087158203,76.60273444468606,-2.9098464268959674,2.9098464268959674,51-100 Moderate
2026-07-28 08:00:00,80.23584747314453,77.10890463932253,-3.1269428338219996,3.1269428338219996,51-100 Moderate
2026-07-28 09:00:00,80.87264251708984,76.67522742675676,-4.197415090333081,4.197415090333081,51-100 Moderate
2026-07-28 10:00:00,81.34432983398438,76.70484316912857,-4.639486664855809,4.639486664855809,51-100 Moderate
2026-07-28 11:00:00,81.64308166503906,76.65899358386697,-4.984088081172089,4.984088081172089,51-100 Moderate
2026-07-28 12:00:00,81.87893676757812,79.9433068034791,-1.9356299640990215,1.9356299640990215,51-100 Moderate
2026-07-28 13:00:00,82.3584976196289,80.27326870094721,-2.0852289186816932,2.0852289186816932,51-100 Moderate
2026-07-28 14:00:00,82.75157165527344,78.66302596773895,-4.088545687534491,4.088545687534491,51-100 Moderate
2026-07-28 15:00:00,83.06603240966797,76.96333548092167,-6.1026969287462975,6.1026969287462975,51-100 Moderate
2026-07-28 16:00:00,83.25471496582031,76.46795726614938,-6.786757699670929,6.786757699670929,51-100 Moderate
2026-07-28 17:00:00,83.54559326171875,76.27818884345939,-7.2674044182593605,7.2674044182593605,51-100 Moderate
2026-07-28 18:00:00,83.9072265625,76.82231681439778,-7.08490974810222,7.08490974810222,51-100 Moderate
2026-07-28 19:00:00,84.30030059814453,77.25591316635231,-7.044387431792217,7.044387431792217,51-100 Moderate
2026-07-28 20:00:00,84.74055480957031,77.2787133661423,-7.461841443428014,7.461841443428014,51-100 Moderate
2026-07-28 21:00:00,85.196533203125,77.18952790461223,-8.007005298512766,8.007005298512766,51-100 Moderate
2026-07-28 22:00:00,85.6446533203125,76.97282110604897,-8.671832214263532,8.671832214263532,51-100 Moderate
2026-07-28 23:00:00,86.04560089111328,76.5873919805974,-9.458208910515879,9.458208910515879,51-100 Moderate
2026-07-29 00:00:00,86.367919921875,76.57659126934249,-9.791328652532513,9.791328652532513,51-100 Moderate
2026-07-29 01:00:00,86.69811248779297,76.60553292494545,-10.092579562847519,10.092579562847519,51-100 Moderate
2026-07-29 02:00:00,86.95755004882812,75.99408915674694,-10.963460892081187,10.963460892081187,51-100 Moderate
2026-07-29 03:00:00,87.22483825683594,76.23221042029053,-10.99262783654541,10.99262783654541,51-100 Moderate
2026-07-29 04:00:00,87.5,76.97430088024313,-10.525699119756865,10.525699119756865,51-100 Moderate
2026-07-29 05:00:00,87.617919921875,78.0078755332478,-9.610044388627202,9.610044388627202,51-100 Moderate
2026-07-29 06:00:00,88.0110092163086,78.17145318580316,-9.839556030505435,9.839556030505435,51-100 Moderate
2026-07-29 07:00:00,88.39622497558594,78.38071188743764,-10.015513088148296,10.015513088148296,51-100 Moderate
2026-07-29 08:00:00,88.8836441040039,79.54140764286929,-9.342236461134618,9.342236461134618,51-100 Moderate
2026-07-29 09:00:00,89.42610168457031,80.37537086214003,-9.050730822430282,9.050730822430282,51-100 Moderate
2026-07-29 10:00:00,89.97640991210938,80.84879299181813,-9.127616920291246,9.127616920291246,51-100 Moderate
2026-07-29 11:00:00,90.49527740478516,80.8757819409347,-9.619495463850456,9.619495463850456,51-100 Moderate
2026-07-29 12:00:00,90.88836669921875,80.41578558613912,-10.472581113079627,10.472581113079627,51-100 Moderate
2026-07-29 13:00:00,91.58162689208984,80.55065636555416,-11.030970526535683,11.030970526535683,51-100 Moderate
2026-07-29 14:00:00,92.0068130493164,80.22533666433856,-11.78147638497785,11.78147638497785,51-100 Moderate
2026-07-29 15:00:00,91.24213409423828,79.11538057504086,-12.126753519197422,12.126753519197422,51-100 Moderate
2026-07-29 16:00:00,91.32074737548828,77.26793632972856,-14.052811045759725,14.052811045759725,51-100 Moderate
2026-07-29 17:00:00,91.29716491699219,76.66291868129233,-14.634246235699862,14.634246235699862,51-100 Moderate
2026-07-29 18:00:00,91.1871109008789,76.11322563850521,-15.073885262373693,15.073885262373693,51-100 Moderate
2026-07-29 19:00:00,91.03773498535156,76.09272061915556,-14.945014366196006,14.945014366196006,51-100 Moderate
2026-07-29 20:00:00,90.90408325195312,75.88552327237531,-15.018559979577816,15.018559979577816,51-100 Moderate
2026-07-29 21:00:00,90.79401397705078,75.61193441144741,-15.182079565603374,15.182079565603374,51-100 Moderate
2026-07-29 22:00:00,90.73113250732422,75.73184364301258,-14.999288864311637,14.999288864311637,51-100 Moderate
2026-07-29 23:00:00,90.6996841430664,75.66173274017106,-15.037951402895345,15.037951402895345,51-100 Moderate
2026-07-30 00:00:00,90.7232666015625,75.34679774748328,-15.37646885407922,15.37646885407922,51-100 Moderate
2026-07-30 01:00:00,90.82546997070312,75.80000349299647,-15.025466477706658,15.025466477706658,51-100 Moderate
2026-07-30 02:00:00,90.93553161621094,76.58038856608624,-14.355143050124695,14.355143050124695,51-100 Moderate
2026-07-30 03:00:00,91.02200317382812,76.7488552788814,-14.273147894946732,14.273147894946732,51-100 Moderate
2026-07-30 04:00:00,91.10062408447266,79.57142123874131,-11.529202845731348,11.529202845731348,51-100 Moderate
2026-07-30 05:00:00,91.08490753173828,80.42431676099702,-10.660590770741265,10.660590770741265,51-100 Moderate
2026-07-30 06:00:00,91.0298843383789,83.14459442526974,-7.885289913109162,7.885289913109162,51-100 Moderate
2026-07-30 07:00:00,90.9591293334961,84.22618782400954,-6.732941509486551,6.732941509486551,51-100 Moderate
2026-07-30 08:00:00,90.8805160522461,85.0150144388363,-5.865501613409791,5.865501613409791,51-100 Moderate
2026-07-30 09:00:00,90.77044677734375,84.66954427092337,-6.100902506420383,6.100902506420383,51-100 Moderate
2026-07-30 10:00:00,90.55817413330078,83.99487852618003,-6.56329560712075,6.56329560712075,51-100 Moderate
2026-07-30 11:00:00,90.21226501464844,83.42951912756486,-6.782745887083578,6.782745887083578,51-100 Moderate
2026-07-30 12:00:00,89.92924499511719,85.74755692209483,-4.181688073022357,4.181688073022357,51-100 Moderate
2026-07-30 13:00:00,89.3946533203125,85.86882532395818,-3.525827996354323,3.525827996354323,51-100 Moderate
2026-07-30 14:00:00,88.9229507446289,84.40596063281109,-4.516990111817819,4.516990111817819,51-100 Moderate
2026-07-30 15:00:00,88.43553161621094,82.17815179740616,-6.257379818804779,6.257379818804779,51-100 Moderate
2026-07-30 16:00:00,88.05817413330078,81.42455983774789,-6.6336142955528885,6.6336142955528885,51-100 Moderate
2026-07-30 17:00:00,87.79873657226562,81.56963543958798,-6.229101132677641,6.229101132677641,51-100 Moderate
2026-07-30 18:00:00,87.59434509277344,81.19094185483561,-6.403403237937823,6.403403237937823,51-100 Moderate
2026-07-30 19:00:00,87.382080078125,81.08754880553788,-6.294531272587122,6.294531272587122,51-100 Moderate
2026-07-30 20:00:00,87.0676040649414,80.74187599453171,-6.325728070409696,6.325728070409696,51-100 Moderate
2026-07-30 21:00:00,86.72956085205078,80.31480616432657,-6.414754687724212,6.414754687724212,51-100 Moderate
2026-07-30 22:00:00,86.3443374633789,79.94683755164726,-6.397499911731643,6.397499911731643,51-100 Moderate
2026-07-30 23:00:00,86.00628662109375,79.95102740712862,-6.05525921396513,6.05525921396513,51-100 Moderate
